Squad,Unnamed: 1_level_0 # Pl_for,Unnamed: 2_level_0 Age_for,Unnamed: 3_level_0 Poss_for,Playing Time MP_for,Playing Time Starts_for,Playing Time Min_for,Playing Time 90s_for,Performance Gls_for,Performance Ast_for,Performance G+A_for,Performance G-PK_for,Performance PK_for,Performance PKatt_for,Performance CrdY_for,Performance CrdR_for,Expected xG_for,Expected npxG_for,Expected xAG_for,Expected npxG+xAG_for,Progression PrgC_for,Progression PrgP_for,Per 90 Minutes Gls_for,Per 90 Minutes Ast_for,Per 90 Minutes G+A_for,Per 90 Minutes G-PK_for,Per 90 Minutes G+A-PK_for,Per 90 Minutes xG_for,Per 90 Minutes xAG_for,Per 90 Minutes xG+xAG_for,Per 90 Minutes npxG_for,Per 90 Minutes npxG+xAG_for,Unnamed: 1_level_0 # Pl_against,Unnamed: 2_level_0 Age_against,Unnamed: 3_level_0 Poss_against,Playing Time MP_against,Playing Time Starts_against,Playing Time Min_against,Playing Time 90s_against,Performance Gls_against,Performance Ast_against,Performance G+A_against,Performance G-PK_against,Performance PK_against,Performance PKatt_against,Performance CrdY_against,Performance CrdR_against,Expected xG_against,Expected npxG_against,Expected xAG_against,Expected npxG+xAG_against,Progression PrgC_against,Progression PrgP_against,Per 90 Minutes Gls_against,Per 90 Minutes Ast_against,Per 90 Minutes G+A_against,Per 90 Minutes G-PK_against,Per 90 Minutes G+A-PK_against,Per 90 Minutes xG_against,Per 90 Minutes xAG_against,Per 90 Minutes xG+xAG_against,Per 90 Minutes npxG_against,Per 90 Minutes npxG+xAG_against,Season
Alavés,29,26.6,45.3,38,418,3420,38.0,38,20,58,29,9,11,107,5,42.8,34.1,25.4,59.5,449,1160,1.0,0.53,1.53,0.76,1.29,1.13,0.67,1.79,0.9,1.57,29,26.9,54.7,38,418,3420,38.0,46,28,74,35,11,11,107,5,47.0,38.5,33.3,71.8,573,1323,1.21,0.74,1.95,0.92,1.66,1.24,0.88,2.11,1.01,1.89,2024-2025
Athletic Club,31,26.9,48.4,38,418,3420,38.0,53,40,93,50,3,6,64,3,53.0,48.2,36.7,84.9,682,1579,1.39,1.05,2.45,1.32,2.37,1.39,0.97,2.36,1.27,2.23,31,26.6,51.6,38,418,3420,38.0,28,11,39,25,3,5,83,4,37.8,33.9,22.9,56.7,468,1177,0.74,0.29,1.03,0.66,0.95,0.99,0.6,1.6,0.89,1.49,2024-2025
Atlético Madrid,24,28.4,52.6,38,418,3420,38.0,68,51,119,62,6,7,75,3,64.6,59.3,47.9,107.2,760,1559,1.79,1.34,3.13,1.63,2.97,1.7,1.26,2.96,1.56,2.82,24,26.8,47.4,38,418,3420,38.0,28,17,45,23,5,5,68,0,33.4,29.5,23.9,53.4,581,1543,0.74,0.45,1.18,0.61,1.05,0.88,0.63,1.51,0.78,1.4,2024-2025
Barcelona,28,24.7,68.3,38,418,3420,38.0,99,72,171,92,7,8,63,3,91.5,85.2,67.5,152.7,860,2212,2.61,1.89,4.5,2.42,4.32,2.41,1.78,4.18,2.24,4.02,28,26.8,31.7,38,418,3420,38.0,39,31,70,35,4,4,89,2,41.9,38.8,32.6,71.4,406,780,1.03,0.82,1.84,0.92,1.74,1.1,0.86,1.96,1.02,1.88,2024-2025
Betis,36,27.5,52.4,38,418,3420,38.0,55,37,92,48,7,10,75,4,54.7,46.9,37.5,84.5,679,1486,1.45,0.97,2.42,1.26,2.24,1.44,0.99,2.43,1.23,2.22,36,27.0,47.6,38,418,3420,38.0,49,32,81,45,4,4,102,7,50.6,47.4,38.4,85.9,611,1411,1.29,0.84,2.13,1.18,2.03,1.33,1.01,2.34,1.25,2.26,2024-2025
Celta Vigo,30,26.9,53.6,38,418,3420,38.0,58,40,98,50,8,9,84,6,54.2,47.3,38.4,85.7,709,1659,1.53,1.05,2.58,1.32,2.37,1.43,1.01,2.44,1.24,2.26,30,26.7,46.4,38,418,3420,38.0,55,45,100,52,3,4,88,7,43.4,40.0,33.3,73.3,564,1222,1.45,1.18,2.63,1.37,2.55,1.14,0.88,2.02,1.05,1.93,2024-2025
Espanyol,27,25.2,39.8,38,418,3420,38.0,38,27,65,33,5,5,88,1,34.4,30.5,24.5,55.0,497,1000,1.0,0.71,1.71,0.87,1.58,0.91,0.65,1.55,0.8,1.45,27,27.0,60.2,38,418,3420,38.0,50,39,89,46,4,6,66,2,53.8,49.0,39.6,88.6,838,1821,1.32,1.03,2.34,1.21,2.24,1.42,1.04,2.46,1.29,2.33,2024-2025
Getafe,30,27.7,41.8,38,418,3420,38.0,34,21,55,29,5,5,110,7,36.8,33.0,23.9,56.9,368,981,0.89,0.55,1.45,0.76,1.32,0.97,0.63,1.6,0.87,1.5,30,27.0,58.2,38,418,3420,38.0,39,21,60,31,8,9,101,5,46.2,39.4,31.3,70.7,499,1284,1.03,0.55,1.58,0.82,1.37,1.22,0.82,2.04,1.04,1.86,2024-2025
Girona,30,27.5,56.3,38,418,3420,38.0,43,31,74,39,4,5,76,2,42.5,38.6,31.6,70.2,765,1691,1.13,0.82,1.95,1.03,1.84,1.12,0.83,1.95,1.02,1.85,30,26.9,43.7,38,418,3420,38.0,59,46,105,56,3,6,80,4,50.4,45.7,36.5,82.2,582,1183,1.55,1.21,2.76,1.47,2.68,1.33,0.96,2.29,1.2,2.16,2024-2025
Las Palmas,34,26.8,50.7,38,418,3420,38.0,38,27,65,35,3,4,110,4,36.3,33.2,26.3,59.4,499,1210,1.0,0.71,1.71,0.92,1.63,0.96,0.69,1.65,0.87,1.56,34,26.8,49.3,38,418,3420,38.0,58,43,101,53,5,10,90,7,66.8,59.3,47.5,106.8,684,1470,1.53,1.13,2.66,1.39,2.53,1.76,1.25,3.01,1.56,2.81,2024-2025
Leganés,26,27.8,42.6,38,418,3420,38.0,38,27,65,33,5,7,82,6,36.0,30.6,23.3,53.8,417,1030,1.0,0.71,1.71,0.87,1.58,0.95,0.61,1.56,0.8,1.42,26,26.8,57.4,38,418,3420,38.0,53,34,87,46,7,8,74,1,59.4,53.1,40.9,94.0,754,1675,1.39,0.89,2.29,1.21,2.11,1.56,1.08,2.64,1.4,2.47,2024-2025
Mallorca,28,28.7,46.8,38,418,3420,38.0,34,24,58,30,4,5,81,6,38.8,34.9,26.5,61.3,479,1184,0.89,0.63,1.53,0.79,1.42,1.02,0.7,1.72,0.92,1.61,28,26.6,53.2,38,418,3420,38.0,43,31,74,40,3,3,70,2,46.8,44.5,36.0,80.5,693,1587,1.13,0.82,1.95,1.05,1.87,1.23,0.95,2.18,1.17,2.12,2024-2025
Osasuna,25,27.4,46.1,38,418,3420,38.0,46,28,74,37,9,9,88,0,44.0,37.8,29.8,67.6,567,1221,1.21,0.74,1.95,0.97,1.71,1.16,0.78,1.94,0.99,1.78,25,26.7,53.9,38,418,3420,38.0,51,38,89,44,7,7,81,6,53.7,48.2,40.6,88.9,647,1546,1.34,1.0,2.34,1.16,2.16,1.41,1.07,2.48,1.27,2.34,2024-2025
Rayo Vallecano,26,29.3,51.7,38,418,3420,38.0,38,27,65,38,0,1,96,3,45.4,44.6,36.2,80.9,589,1362,1.0,0.71,1.71,1.0,1.71,1.2,0.95,2.15,1.17,2.13,26,26.4,48.3,38,418,3420,38.0,44,33,77,38,6,8,78,4,49.0,42.7,33.0,75.7,613,1326,1.16,0.87,2.03,1.0,1.87,1.29,0.87,2.16,1.12,1.99,2024-2025
Real Madrid,30,26.6,60.4,38,418,3420,38.0,78,55,133,68,10,14,57,4,75.3,64.5,54.6,119.0,983,1967,2.05,1.45,3.5,1.79,3.24,1.98,1.44,3.42,1.7,3.13,30,26.7,39.6,38,418,3420,38.0,37,27,64,34,3,3,89,6,42.8,40.8,32.0,72.8,648,1168,0.97,0.71,1.68,0.89,1.61,1.13,0.84,1.97,1.07,1.92,2024-2025
Real Sociedad,31,25.2,53.8,38,418,3420,38.0,34,22,56,30,4,4,85,4,42.5,39.3,30.9,70.3,645,1341,0.89,0.58,1.47,0.79,1.37,1.12,0.81,1.93,1.03,1.85,31,26.8,46.2,38,418,3420,38.0,46,32,78,41,5,7,82,0,43.9,38.3,29.0,67.3,538,1141,1.21,0.84,2.05,1.08,1.92,1.16,0.76,1.92,1.01,1.77,2024-2025
Sevilla,35,26.1,50.5,38,418,3420,38.0,39,32,71,37,2,3,98,8,42.7,40.3,30.8,71.1,594,1193,1.03,0.84,1.87,0.97,1.82,1.12,0.81,1.93,1.06,1.87,35,26.8,49.5,38,418,3420,38.0,54,37,91,49,5,6,93,4,47.4,42.7,34.0,76.7,551,1262,1.42,0.97,2.39,1.29,2.26,1.25,0.89,2.14,1.12,2.02,2024-2025
Valencia,32,24.7,48.4,38,418,3420,38.0,43,26,69,38,5,5,86,1,43.2,39.3,30.0,69.3,572,1340,1.13,0.68,1.82,1.0,1.68,1.14,0.79,1.93,1.03,1.82,32,26.8,51.6,38,418,3420,38.0,51,38,89,45,6,9,86,3,51.9,44.9,37.2,82.0,589,1419,1.34,1.0,2.34,1.18,2.18,1.36,0.98,2.34,1.18,2.16,2024-2025
Valladolid,38,25.6,42.8,38,418,3420,38.0,26,15,41,21,5,5,91,5,34.6,30.7,25.7,56.4,476,991,0.68,0.39,1.08,0.55,0.95,0.91,0.68,1.59,0.81,1.48,38,27.0,57.2,38,418,3420,38.0,89,62,151,82,7,7,86,3,67.6,62.4,46.8,109.2,724,1753,2.34,1.63,3.97,2.16,3.79,1.78,1.23,3.01,1.64,2.87,2024-2025
Villarreal,31,26.7,47.6,38,418,3420,38.0,69,51,120,64,5,7,96,4,64.8,59.1,49.7,108.8,693,1522,1.82,1.34,3.16,1.68,3.03,1.71,1.31,3.01,1.56,2.86,31,26.8,52.4,38,418,3420,38.0,50,28,78,43,7,8,99,7,44.4,38.2,28.5,66.7,720,1597,1.32,0.74,2.05,1.13,1.87,1.17,0.75,1.92,1.01,1.75,2024-2025
Alavés,30,25.6,41.8,38,418,3420,38.0,33,28,61,30,3,7,84,1,46.2,40.7,32.4,73.0,550,1260,0.87,0.74,1.61,0.79,1.53,1.22,0.85,2.07,1.07,1.92,30,27.2,58.2,38,418,3420,38.0,44,29,73,36,8,8,102,7,44.7,38.5,29.8,68.3,744,1502,1.16,0.76,1.92,0.95,1.71,1.18,0.78,1.96,1.01,1.8,2023-2024
Almería,35,25.6,46.4,38,418,3420,38.0,42,25,67,40,2,2,93,6,48.7,47.1,34.2,81.4,590,1097,1.11,0.66,1.76,1.05,1.71,1.28,0.9,2.18,1.24,2.14,35,27.1,53.6,38,418,3420,38.0,75,56,131,69,6,9,72,4,61.6,54.5,45.3,99.8,751,1644,1.97,1.47,3.45,1.82,3.29,1.62,1.19,2.81,1.43,2.63,2023-2024
Athletic Club,27,27.3,49.8,38,418,3420,38.0,59,41,100,56,3,5,80,5,52.7,48.7,37.0,85.8,735,1610,1.55,1.08,2.63,1.47,2.55,1.39,0.97,2.36,1.28,2.26,27,27.0,50.2,38,418,3420,38.0,33,27,60,32,1,5,82,3,41.3,37.5,32.0,69.5,521,1298,0.87,0.71,1.58,0.84,1.55,1.09,0.84,1.93,0.99,1.83,2023-2024
Atlético Madrid,27,29.2,50.8,38,418,3420,38.0,68,48,116,63,5,6,89,5,62.4,57.9,47.4,105.2,758,1597,1.79,1.26,3.05,1.66,2.92,1.64,1.25,2.89,1.52,2.77,27,26.9,49.2,38,418,3420,38.0,43,33,76,42,1,2,79,2,39.5,37.9,29.7,67.6,648,1544,1.13,0.87,2.0,1.11,1.97,1.04,0.78,1.82,1.0,1.78,2023-2024
Barcelona,29,26.0,64.3,38,418,3420,38.0,76,55,131,70,6,7,87,2,77.6,72.1,57.4,129.5,964,1925,2.0,1.45,3.45,1.84,3.29,2.04,1.51,3.55,1.9,3.41,29,26.9,35.7,38,418,3420,38.0,44,35,79,42,2,2,98,8,41.6,40.1,30.9,71.0,487,992,1.16,0.92,2.08,1.11,2.03,1.1,0.81,1.91,1.05,1.87,2023-2024
Betis,35,27.8,50.4,38,418,3420,38.0,46,31,77,44,2,3,87,3,43.9,41.7,32.7,74.4,676,1441,1.21,0.82,2.03,1.16,1.97,1.16,0.86,2.02,1.1,1.96,35,27.0,49.6,38,418,3420,38.0,42,23,65,35,7,8,97,5,50.2,44.0,32.6,76.5,649,1457,1.11,0.61,1.71,0.92,1.53,1.32,0.86,2.18,1.16,2.01,2023-2024
Cádiz,34,28.5,43.3,38,418,3420,38.0,25,17,42,22,3,3,107,7,36.0,33.6,25.2,58.9,456,1017,0.66,0.45,1.11,0.58,1.03,0.95,0.66,1.61,0.88,1.55,34,27.3,56.7,38,418,3420,38.0,54,37,91,52,2,2,97,4,52.3,50.7,40.2,90.9,787,1679,1.42,0.97,2.39,1.37,2.34,1.38,1.06,2.43,1.34,2.39,2023-2024
Celta Vigo,31,26.7,46.1,38,418,3420,38.0,45,35,80,42,3,5,66,5,50.7,46.9,38.2,85.1,660,1345,1.18,0.92,2.11,1.11,2.03,1.34,1.01,2.34,1.23,2.24,31,27.1,53.9,38,418,3420,38.0,54,32,86,48,6,8,89,4,54.6,48.4,35.9,84.3,651,1535,1.42,0.84,2.26,1.26,2.11,1.44,0.95,2.38,1.27,2.22,2023-2024
Getafe,33,27.3,44.8,38,418,3420,38.0,42,27,69,36,6,7,135,10,45.7,40.2,27.9,68.0,439,1141,1.11,0.71,1.82,0.95,1.66,1.2,0.73,1.94,1.06,1.79,33,27.2,55.2,38,418,3420,38.0,54,37,91,49,5,7,105,10,53.8,48.3,38.0,86.3,599,1325,1.42,0.97,2.39,1.29,2.26,1.42,1.0,2.42,1.27,2.27,2023-2024
Girona,25,26.1,56.9,38,418,3420,38.0,84,64,148,77,7,8,75,1,70.8,64.6,54.0,118.6,894,1685,2.21,1.68,3.89,2.03,3.71,1.86,1.42,3.28,1.7,3.12,25,27.2,43.1,38,418,3420,38.0,46,30,76,41,5,7,104,5,54.3,48.9,37.7,86.6,610,1277,1.21,0.79,2.0,1.08,1.87,1.43,0.99,2.42,1.29,2.28,2023-2024
Granada,40,26.7,45.6,38,418,3420,38.0,35,27,62,30,5,8,98,4,42.6,36.4,31.1,67.6,512,1044,0.92,0.71,1.63,0.79,1.5,1.12,0.82,1.94,0.96,1.78,40,27.2,54.4,38,418,3420,38.0,77,54,131,72,5,6,92,5,64.2,59.5,43.8,103.2,728,1490,2.03,1.42,3.45,1.89,3.32,1.69,1.15,2.84,1.57,2.72,2023-2024
Las Palmas,29,25.6,59.2,38,418,3420,38.0,33,23,56,30,3,5,84,5,33.2,29.2,23.3,52.5,577,1596,0.87,0.61,1.47,0.79,1.39,0.87,0.61,1.49,0.77,1.38,29,27.1,40.8,38,418,3420,38.0,44,33,77,39,5,9,97,5,56.6,49.7,41.8,91.4,584,1207,1.16,0.87,2.03,1.03,1.89,1.49,1.1,2.59,1.31,2.41,2023-2024
Mallorca,25,28.7,45.0,38,418,3420,38.0,33,27,60,32,1,3,105,4,40.5,38.2,30.8,69.0,498,1174,0.87,0.71,1.58,0.84,1.55,1.06,0.81,1.87,1.01,1.81,25,27.0,55.0,38,418,3420,38.0,43,29,72,39,4,5,53,1,42.9,39.0,28.5,67.5,663,1399,1.13,0.76,1.89,1.03,1.79,1.13,0.75,1.88,1.03,1.78,2023-2024
Osasuna,29,27.7,47.5,38,418,3420,38.0,45,32,77,41,4,5,78,5,40.5,36.6,28.5,65.1,501,1322,1.18,0.84,2.03,1.08,1.92,1.07,0.75,1.82,0.96,1.71,29,27.1,52.5,38,418,3420,38.0,56,44,100,55,1,2,92,6,49.9,48.5,38.3,86.8,646,1427,1.47,1.16,2.63,1.45,2.61,1.31,1.01,2.32,1.28,2.28,2023-2024
Rayo Vallecano,26,29.4,49.4,38,418,3420,38.0,29,12,41,23,6,6,108,5,42.3,37.7,24.6,62.3,506,1335,0.76,0.32,1.08,0.61,0.92,1.11,0.65,1.76,0.99,1.64,26,26.9,50.6,38,418,3420,38.0,46,36,82,45,1,2,105,7,44.6,43.1,36.3,79.4,658,1371,1.21,0.95,2.16,1.18,2.13,1.17,0.96,2.13,1.13,2.09,2023-2024
Real Madrid,27,27.4,59.2,38,418,3420,38.0,85,66,151,83,2,5,69,4,68.8,65.2,52.5,117.7,950,1935,2.24,1.74,3.97,2.18,3.92,1.81,1.38,3.19,1.71,3.1,27,27.1,40.8,38,418,3420,38.0,25,17,42,24,1,1,95,0,35.4,34.7,26.4,61.1,583,1261,0.66,0.45,1.11,0.63,1.08,0.93,0.69,1.63,0.91,1.61,2023-2024
Real Sociedad,31,25.8,55.3,38,418,3420,38.0,48,36,84,44,4,4,98,2,44.9,41.8,30.7,72.5,685,1414,1.26,0.95,2.21,1.16,2.11,1.18,0.81,1.99,1.1,1.91,31,27.2,44.7,38,418,3420,38.0,38,24,62,32,6,7,100,6,41.3,36.0,24.6,60.5,405,941,1.0,0.63,1.63,0.84,1.47,1.09,0.65,1.73,0.95,1.59,2023-2024
Sevilla,35,28.6,50.3,38,418,3420,38.0,46,30,76,44,2,2,108,4,44.9,43.3,31.7,75.0,635,1416,1.21,0.79,2.0,1.16,1.95,1.18,0.83,2.01,1.14,1.97,35,27.2,49.7,38,418,3420,38.0,52,40,92,47,5,5,81,3,55.9,52.1,42.0,94.1,693,1483,1.37,1.05,2.42,1.24,2.29,1.47,1.11,2.58,1.37,2.48,2023-2024
Valencia,29,23.8,44.3,38,418,3420,38.0,39,24,63,31,8,9,64,5,43.1,36.2,27.0,63.2,522,1162,1.03,0.63,1.66,0.82,1.45,1.13,0.71,1.85,0.95,1.66,29,27.1,55.7,38,418,3420,38.0,43,31,74,40,3,6,102,5,47.6,42.9,32.8,75.7,621,1587,1.13,0.82,1.95,1.05,1.87,1.25,0.86,2.12,1.13,1.99,2023-2024
Villarreal,32,27.9,49.6,38,418,3420,38.0,64,47,111,59,5,7,110,8,55.6,50.1,40.5,90.6,654,1558,1.68,1.24,2.92,1.55,2.79,1.46,1.07,2.53,1.32,2.38,32,27.1,50.4,38,418,3420,38.0,64,48,112,58,6,6,91,2,58.7,54.0,40.6,94.6,734,1655,1.68,1.26,2.95,1.53,2.79,1.54,1.07,2.61,1.42,2.49,2023-2024
Almería,29,26.4,45.1,38,418,3420,38.0,49,33,82,47,2,3,98,4,45.5,43.2,32.5,75.6,569,1090,1.29,0.87,2.16,1.24,2.11,1.2,0.85,2.05,1.14,1.99,29,27.6,54.9,38,418,3420,38.0,64,49,113,60,4,6,93,5,62.5,57.8,49.5,107.4,860,1707,1.68,1.29,2.97,1.58,2.87,1.65,1.3,2.95,1.52,2.83,2022-2023
Athletic Club,26,27.4,51.6,38,418,3420,38.0,46,33,79,41,5,7,81,5,54.2,48.7,38.9,87.6,864,1816,1.21,0.87,2.08,1.08,1.95,1.43,1.02,2.45,1.28,2.31,26,27.3,48.4,38,418,3420,38.0,40,28,68,37,3,3,97,3,36.9,34.5,26.9,61.4,549,1212,1.05,0.74,1.79,0.97,1.71,0.97,0.71,1.68,0.91,1.62,2022-2023
Atlético Madrid,27,28.5,50.6,38,418,3420,38.0,68,51,119,67,1,1,92,8,61.9,61.1,48.0,109.1,730,1571,1.79,1.34,3.13,1.76,3.11,1.63,1.26,2.89,1.61,2.87,27,27.0,49.4,38,418,3420,38.0,33,22,55,29,4,5,93,6,41.1,37.2,31.3,68.5,729,1634,0.87,0.58,1.45,0.76,1.34,1.08,0.82,1.9,0.98,1.8,2022-2023
Barcelona,29,25.9,64.3,38,418,3420,38.0,69,56,125,69,0,2,84,6,75.5,74.0,60.1,134.1,961,2182,1.82,1.47,3.29,1.82,3.29,1.99,1.58,3.57,1.95,3.53,29,27.4,35.7,38,418,3420,38.0,17,10,27,14,3,3,93,8,33.2,30.8,23.0,53.9,475,955,0.45,0.26,0.71,0.37,0.63,0.87,0.61,1.48,0.81,1.42,2022-2023
Betis,30,28.6,50.6,38,418,3420,38.0,43,26,69,35,8,9,83,15,51.3,44.3,34.6,78.9,621,1272,1.13,0.68,1.82,0.92,1.61,1.35,0.91,2.26,1.17,2.08,30,27.3,49.4,38,418,3420,38.0,40,28,68,37,3,3,99,8,50.0,47.7,37.0,84.7,749,1571,1.05,0.74,1.79,0.97,1.71,1.32,0.97,2.29,1.26,2.23,2022-2023
Cádiz,38,29.1,41.9,38,418,3420,38.0,29,20,49,25,4,5,116,7,41.5,37.7,27.7,65.4,475,969,0.76,0.53,1.29,0.66,1.18,1.09,0.73,1.82,0.99,1.72,38,27.2,58.1,38,418,3420,38.0,53,32,85,44,9,10,100,11,61.6,53.8,38.4,92.3,823,1739,1.39,0.84,2.24,1.16,2.0,1.62,1.01,2.63,1.42,2.43,2022-2023
Celta Vigo,26,26.7,50.2,38,418,3420,38.0,41,31,72,39,2,3,85,6,42.6,40.3,30.8,71.1,704,1403,1.08,0.82,1.89,1.03,1.84,1.12,0.81,1.93,1.06,1.87,26,27.6,49.8,38,418,3420,38.0,52,35,87,47,5,8,112,9,45.4,39.2,30.5,69.7,536,1297,1.37,0.92,2.29,1.24,2.16,1.2,0.8,2.0,1.03,1.83,2022-2023
Elche,32,28.3,45.5,38,418,3420,38.0,30,21,51,26,4,5,99,12,37.5,33.6,27.1,60.7,561,1197,0.79,0.55,1.34,0.68,1.24,0.99,0.71,1.7,0.88,1.6,32,27.3,54.5,38,418,3420,38.0,65,44,109,58,7,10,83,8,70.0,62.1,48.7,110.9,737,1615,1.71,1.16,2.87,1.53,2.68,1.84,1.28,3.13,1.64,2.92,2022-2023
Espanyol,33,27.6,43.1,38,418,3420,38.0,51,31,82,46,5,5,99,10,48.3,44.4,35.0,79.4,528,1146,1.34,0.82,2.16,1.21,2.03,1.27,0.92,2.19,1.17,2.09,33,27.6,56.9,38,418,3420,38.0,67,47,114,62,5,6,111,8,59.8,55.3,44.6,99.8,748,1634,1.76,1.24,3.0,1.63,2.87,1.57,1.17,2.75,1.45,2.63,2022-2023
Getafe,25,27.4,39.9,38,418,3420,38.0,34,21,55,29,5,8,126,9,36.7,30.4,22.5,53.0,365,1003,0.89,0.55,1.45,0.76,1.32,0.96,0.59,1.56,0.8,1.39,25,27.5,60.1,38,418,3420,38.0,43,29,72,39,4,8,91,7,46.0,39.8,31.0,70.8,688,1519,1.13,0.76,1.89,1.03,1.79,1.21,0.82,2.03,1.05,1.86,2022-2023
Girona,29,26.0,51.3,38,418,3420,38.0,55,41,96,47,8,9,92,3,50.6,43.8,37.5,81.3,725,1378,1.45,1.08,2.53,1.24,2.32,1.33,0.99,2.32,1.15,2.14,29,27.2,48.7,38,418,3420,38.0,55,39,94,49,6,8,91,5,54.9,48.6,38.6,87.2,677,1439,1.45,1.03,2.47,1.29,2.32,1.44,1.02,2.46,1.28,2.29,2022-2023
Mallorca,31,27.7,41.1,38,418,3420,38.0,36,27,63,32,4,5,120,5,35.2,31.1,26.5,57.7,476,948,0.95,0.71,1.66,0.84,1.55,0.93,0.7,1.62,0.82,1.52,31,27.4,58.9,38,418,3420,38.0,43,31,74,37,6,7,94,4,46.4,41.0,31.8,72.8,795,1706,1.13,0.82,1.95,0.97,1.79,1.22,0.84,2.06,1.08,1.92,2022-2023
Osasuna,26,27.5,48.0,38,418,3420,38.0,36,30,66,32,4,5,93,7,39.8,35.9,28.4,64.3,545,1356,0.95,0.79,1.74,0.84,1.63,1.05,0.75,1.8,0.94,1.69,26,27.4,52.0,38,418,3420,38.0,40,29,69,39,1,4,81,9,45.7,42.5,34.8,77.3,680,1371,1.05,0.76,1.82,1.03,1.79,1.2,0.92,2.12,1.12,2.03,2022-2023
Rayo Vallecano,28,27.9,51.2,38,418,3420,38.0,41,29,70,37,4,8,90,6,43.9,37.8,30.0,67.8,703,1390,1.08,0.76,1.84,0.97,1.74,1.16,0.79,1.95,0.99,1.78,28,27.2,48.8,38,418,3420,38.0,49,34,83,45,4,5,93,7,50.3,46.6,36.8,83.4,589,1231,1.29,0.89,2.18,1.18,2.08,1.32,0.97,2.29,1.23,2.2,2022-2023
Real Madrid,26,27.4,60.9,38,418,3420,38.0,73,56,129,64,9,12,72,3,75.5,66.1,56.8,122.9,1008,2017,1.92,1.47,3.39,1.68,3.16,1.99,1.49,3.48,1.74,3.23,26,27.3,39.1,38,418,3420,38.0,35,21,56,31,4,5,97,7,38.9,35.0,27.8,62.8,631,1189,0.92,0.55,1.47,0.82,1.37,1.02,0.73,1.76,0.92,1.65,2022-2023
Real Sociedad,30,25.9,54.6,38,418,3420,38.0,47,36,83,45,2,4,90,2,52.9,49.7,39.7,89.4,692,1483,1.24,0.95,2.18,1.18,2.13,1.39,1.04,2.44,1.31,2.35,30,27.5,45.4,38,418,3420,38.0,33,26,59,32,1,2,98,10,33.0,31.5,24.8,56.3,575,1025,0.87,0.68,1.55,0.84,1.53,0.87,0.65,1.52,0.83,1.48,2022-2023
Sevilla,35,28.7,52.6,38,418,3420,38.0,47,31,78,43,4,5,121,13,46.3,42.4,32.0,74.5,558,1513,1.24,0.82,2.05,1.13,1.95,1.22,0.84,2.06,1.12,1.96,35,27.3,47.4,38,418,3420,38.0,51,40,91,49,2,3,95,8,54.2,51.8,42.0,93.7,643,1275,1.34,1.05,2.39,1.29,2.34,1.43,1.1,2.53,1.36,2.47,2022-2023
Valencia,28,24.2,52.0,38,418,3420,38.0,40,23,63,35,5,8,93,8,49.3,43.0,32.5,75.5,786,1472,1.05,0.61,1.66,0.92,1.53,1.3,0.86,2.15,1.13,1.99,28,27.5,48.0,38,418,3420,38.0,43,34,77,41,2,5,127,10,43.5,39.7,32.3,72.0,480,1225,1.13,0.89,2.03,1.08,1.97,1.14,0.85,1.99,1.04,1.89,2022-2023
Valladolid,36,27.4,48.7,38,418,3420,38.0,32,24,56,29,3,4,94,6,38.5,35.4,28.4,63.7,610,1244,0.84,0.63,1.47,0.76,1.39,1.01,0.75,1.76,0.93,1.68,36,27.4,51.3,38,418,3420,38.0,62,46,108,56,6,10,66,2,65.2,57.5,46.7,104.2,723,1486,1.63,1.21,2.84,1.47,2.68,1.71,1.23,2.94,1.51,2.74,2022-2023
Villarreal,32,28.4,56.9,38,418,3420,38.0,57,33,90,53,4,7,91,4,61.6,56.1,43.2,99.3,846,1622,1.5,0.87,2.37,1.39,2.26,1.62,1.14,2.76,1.48,2.61,32,27.2,43.1,38,418,3420,38.0,39,29,68,35,4,4,105,5,49.9,46.7,35.7,82.4,640,1242,1.03,0.76,1.79,0.92,1.68,1.31,0.94,2.25,1.23,2.17,2022-2023
Alavés,33,27.9,42.0,38,418,3420,38.0,29,20,49,23,6,7,93,4,37.3,31.8,25.5,57.3,420,984,0.76,0.53,1.29,0.61,1.13,0.98,0.67,1.65,0.84,1.51,33,27.6,58.2,38,418,3420,38.0,65,48,113,59,6,9,79,4,57.0,50.0,42.0,92.0,656,1568,1.71,1.26,2.97,1.55,2.82,1.5,1.11,2.61,1.32,2.42,2021-2022
Athletic Club,26,26.9,48.1,38,418,3420,38.0,40,34,74,37,3,7,90,4,49.6,44.0,37.5,81.6,653,1572,1.05,0.89,1.95,0.97,1.87,1.31,0.99,2.29,1.16,2.15,26,27.6,51.9,38,418,3420,38.0,35,26,61,32,3,3,105,9,38.4,36.0,27.7,63.7,586,1379,0.92,0.68,1.61,0.84,1.53,1.01,0.73,1.74,0.95,1.68,2021-2022
Atlético Madrid,26,28.1,50.6,38,418,3420,38.0,63,45,108,59,4,5,111,7,54.4,50.6,40.2,90.8,705,1463,1.66,1.18,2.84,1.55,2.74,1.43,1.06,2.49,1.33,2.39,26,27.6,49.4,38,418,3420,38.0,40,28,68,33,7,8,102,4,33.4,27.4,20.8,48.2,495,1320,1.05,0.74,1.79,0.87,1.61,0.88,0.55,1.43,0.72,1.27,2021-2022
Barcelona,38,26.2,64.2,38,418,3420,38.0,68,52,120,62,6,7,97,5,63.4,57.9,47.6,105.5,961,2079,1.79,1.37,3.16,1.63,3.0,1.67,1.25,2.92,1.52,2.78,38,27.7,35.2,38,418,3420,38.0,38,27,65,36,2,3,93,5,34.4,32.1,24.7,56.8,448,938,1.0,0.71,1.71,0.95,1.66,0.91,0.65,1.56,0.84,1.49,2021-2022
Betis,31,28.9,53.7,38,418,3420,38.0,60,45,105,54,6,6,87,6,53.5,48.8,37.7,86.5,666,1518,1.58,1.18,2.76,1.42,2.61,1.41,0.99,2.4,1.29,2.28,31,27.4,45.9,38,418,3420,38.0,38,29,67,35,3,3,74,3,43.4,41.1,30.2,71.3,686,1375,1.0,0.76,1.76,0.92,1.68,1.14,0.79,1.94,1.08,1.88,2021-2022
Cádiz,33,28.5,41.3,38,418,3420,38.0,35,21,56,32,3,6,105,3,39.5,34.8,24.6,59.4,571,1080,0.92,0.55,1.47,0.84,1.39,1.04,0.65,1.69,0.91,1.56,33,27.6,59.1,38,418,3420,38.0,51,31,82,40,11,13,98,6,48.3,38.2,30.4,68.5,735,1805,1.34,0.82,2.16,1.05,1.87,1.27,0.8,2.07,1.0,1.8,2021-2022
Celta Vigo,25,28.4,55.2,38,418,3420,38.0,43,29,72,40,3,6,87,3,43.1,38.3,28.8,67.2,665,1447,1.13,0.76,1.89,1.05,1.82,1.13,0.76,1.89,1.01,1.77,25,27.4,44.4,38,418,3420,38.0,41,29,70,37,4,8,103,5,45.7,39.4,28.7,68.0,547,1251,1.08,0.76,1.84,0.97,1.74,1.2,0.75,1.96,1.04,1.79,2021-2022
Elche,28,29.1,48.4,38,418,3420,38.0,39,29,68,38,1,1,104,6,33.7,32.9,27.6,60.5,531,1102,1.03,0.76,1.79,1.0,1.76,0.89,0.73,1.61,0.86,1.59,28,27.4,51.6,38,418,3420,38.0,52,41,93,45,7,9,80,2,59.1,52.1,41.7,93.8,657,1477,1.37,1.08,2.45,1.18,2.26,1.56,1.1,2.65,1.37,2.47,2021-2022
Espanyol,34,27.7,46.9,38,418,3420,38.0,39,25,64,34,5,5,99,7,36.7,32.9,25.8,58.7,610,1212,1.03,0.66,1.68,0.89,1.55,0.97,0.68,1.65,0.87,1.55,34,27.5,52.9,38,418,3420,38.0,51,39,90,47,4,5,120,7,51.2,47.3,36.7,84.1,800,1705,1.34,1.03,2.37,1.24,2.26,1.35,0.97,2.31,1.25,2.21,2021-2022
Getafe,31,26.6,41.5,38,418,3420,38.0,31,26,57,28,3,5,121,8,29.3,25.3,19.4,44.7,399,917,0.82,0.68,1.5,0.74,1.42,0.77,0.51,1.28,0.67,1.18,31,27.8,58.8,38,418,3420,38.0,40,30,70,38,2,4,110,4,38.6,35.5,27.4,63.0,612,1521,1.05,0.79,1.84,1.0,1.79,1.02,0.72,1.74,0.94,1.66,2021-2022
Granada,32,28.1,44.7,38,418,3420,38.0,43,28,71,40,3,5,105,4,39.0,35.1,26.7,61.8,435,1047,1.13,0.74,1.87,1.05,1.79,1.03,0.7,1.73,0.92,1.63,32,27.6,66.0,38,418,3420,38.0,59,46,105,52,7,9,101,9,61.2,54.6,44.6,99.2,706,1611,1.55,1.21,2.76,1.37,2.58,1.61,1.17,2.79,1.44,2.61,2021-2022
Levante,31,28.0,47.2,38,418,3420,38.0,51,34,85,43,8,13,109,6,55.1,45.1,31.7,76.9,569,1343,1.34,0.89,2.24,1.13,2.03,1.45,0.84,2.28,1.19,2.02,31,27.4,53.1,38,418,3420,38.0,76,59,135,71,5,6,104,5,55.0,50.2,41.2,91.4,716,1448,2.0,1.55,3.55,1.87,3.42,1.45,1.08,2.53,1.32,2.41,2021-2022
Mallorca,33,27.9,45.3,38,418,3420,38.0,33,23,56,27,6,7,114,7,38.8,33.3,25.7,59.0,575,1129,0.87,0.61,1.47,0.71,1.32,1.02,0.68,1.7,0.88,1.55,33,27.7,54.9,38,418,3420,38.0,59,40,99,53,6,8,114,6,49.3,43.0,33.8,76.8,650,1379,1.55,1.05,2.61,1.39,2.45,1.3,0.89,2.19,1.13,2.02,2021-2022
Osasuna,29,27.7,46.9,38,418,3420,38.0,37,23,60,31,6,8,84,2,36.7,30.7,22.9,53.6,417,1328,0.97,0.61,1.58,0.82,1.42,0.96,0.6,1.57,0.81,1.41,29,27.6,53.3,38,418,3420,38.0,49,37,86,45,4,7,73,1,46.3,40.8,32.5,73.2,722,1330,1.29,0.97,2.26,1.18,2.16,1.22,0.85,2.07,1.07,1.93,2021-2022
Rayo Vallecano,28,27.5,49.9,38,418,3420,38.0,38,28,66,34,4,4,101,3,42.8,39.7,30.7,70.3,697,1312,1.0,0.74,1.74,0.89,1.63,1.13,0.81,1.93,1.04,1.85,28,27.6,50.1,38,418,3420,38.0,49,33,82,42,7,9,110,3,48.4,41.5,34.7,76.1,603,1330,1.29,0.87,2.16,1.11,1.97,1.27,0.91,2.19,1.09,2.0,2021-2022
Real Madrid,31,27.7,59.9,38,418,3420,38.0,80,59,139,72,8,12,76,0,71.7,62.2,50.7,112.9,1029,2078,2.11,1.55,3.66,1.89,3.45,1.89,1.33,3.22,1.64,2.97,31,27.6,34.0,38,418,3420,38.0,31,20,51,28,3,5,82,3,43.9,39.8,32.2,72.0,632,1257,0.82,0.53,1.34,0.74,1.26,1.15,0.85,2.0,1.05,1.89,2021-2022
Real Sociedad,32,25.7,54.3,38,418,3420,38.0,40,22,62,31,9,10,77,4,51.5,43.8,32.9,76.7,667,1462,1.05,0.58,1.63,0.82,1.39,1.36,0.87,2.22,1.15,2.02,32,27.7,45.3,38,418,3420,38.0,37,28,65,32,5,6,95,2,38.7,34.0,28.1,62.1,587,1206,0.97,0.74,1.71,0.84,1.58,1.02,0.74,1.76,0.89,1.63,2021-2022
Sevilla,33,28.6,59.4,38,418,3420,38.0,51,40,91,49,2,3,97,4,42.4,40.0,32.5,72.5,625,1596,1.34,1.05,2.39,1.29,2.34,1.12,0.86,1.97,1.05,1.91,33,27.8,40.2,38,418,3420,38.0,30,19,49,28,2,4,98,4,36.9,33.8,25.0,58.9,521,1182,0.79,0.5,1.29,0.74,1.24,0.97,0.66,1.63,0.89,1.55,2021-2022
Valencia,34,24.8,43.6,38,418,3420,38.0,45,30,75,37,8,9,134,8,39.0,32.2,25.4,57.6,554,1202,1.18,0.79,1.97,0.97,1.76,1.03,0.67,1.69,0.85,1.52,34,27.8,56.4,38,418,3420,38.0,50,34,84,43,7,8,133,7,47.7,41.6,32.3,73.8,597,1392,1.32,0.89,2.21,1.13,2.03,1.26,0.85,2.11,1.09,1.94,2021-2022
Villarreal,29,28.0,56.8,38,418,3420,38.0,62,51,113,57,5,6,81,1,64.2,60.0,50.9,110.9,790,1698,1.63,1.34,2.97,1.5,2.84,1.69,1.34,3.03,1.58,2.92,29,27.6,43.0,38,418,3420,38.0,36,20,56,32,4,5,98,3,44.8,41.1,30.2,71.4,583,1095,0.95,0.53,1.47,0.84,1.37,1.18,0.8,1.97,1.08,1.88,2021-2022
Alavés,30,28.7,42.8,38,418,3420,38.0,35,21,56,30,5,8,96,8,42.6,36.4,27.4,63.7,404,939,0.92,0.55,1.47,0.79,1.34,1.12,0.72,1.84,0.96,1.68,30,27.5,57.3,38,418,3420,38.0,57,44,101,54,3,3,80,3,49.9,47.5,37.1,84.7,632,1479,1.5,1.16,2.66,1.42,2.58,1.31,0.98,2.29,1.25,2.23,2020-2021
Athletic Club,27,26.6,49.9,38,418,3420,38.0,43,31,74,39,4,5,82,3,42.8,38.9,31.0,70.0,685,1496,1.13,0.82,1.95,1.03,1.84,1.13,0.82,1.94,1.02,1.84,27,27.6,50.2,38,418,3420,38.0,41,29,70,36,5,6,80,5,37.5,32.9,27.1,60.0,589,1380,1.08,0.76,1.84,0.95,1.71,0.99,0.71,1.7,0.87,1.58,2020-2021
Atlético Madrid,25,27.3,52.3,38,418,3420,38.0,65,54,119,60,5,7,100,0,52.8,47.2,40.6,87.8,694,1604,1.71,1.42,3.13,1.58,3.0,1.39,1.07,2.46,1.24,2.31,25,27.5,47.6,38,418,3420,38.0,22,15,37,21,1,4,59,3,37.1,34.0,27.7,61.7,557,1394,0.58,0.39,0.97,0.55,0.95,0.98,0.73,1.71,0.89,1.62,2020-2021
Barcelona,25,26.4,65.5,38,418,3420,38.0,80,51,131,76,4,8,72,2,73.5,67.1,53.2,120.2,972,2157,2.11,1.34,3.45,2.0,3.34,1.94,1.4,3.33,1.77,3.16,25,27.4,45.0,38,418,3420,38.0,36,20,56,31,5,5,76,6,40.8,36.9,25.4,62.3,529,1038,0.95,0.53,1.47,0.82,1.34,1.07,0.67,1.74,0.97,1.64,2020-2021
Betis,25,27.9,53.6,38,418,3420,38.0,50,35,85,42,8,11,93,8,49.1,40.6,33.4,74.0,694,1442,1.32,0.92,2.24,1.11,2.03,1.29,0.88,2.17,1.07,1.95,25,27.4,46.1,38,418,3420,38.0,47,31,78,39,8,10,83,2,46.8,39.2,30.1,69.3,551,1311,1.24,0.82,2.05,1.03,1.84,1.23,0.79,2.02,1.03,1.82,2020-2021
Cádiz,34,28.8,34.8,38,418,3420,38.0,33,16,49,29,4,4,81,3,34.7,31.6,20.4,52.0,455,854,0.87,0.42,1.29,0.76,1.18,0.91,0.54,1.45,0.83,1.37,34,27.5,65.7,38,418,3420,38.0,57,41,98,48,9,10,87,4,55.4,47.6,39.3,86.9,820,1881,1.5,1.08,2.58,1.26,2.34,1.46,1.03,2.49,1.25,2.29,2020-2021
Celta Vigo,30,26.6,53.3,38,418,3420,38.0,55,39,94,48,7,7,109,5,50.4,44.9,36.7,81.6,514,1308,1.45,1.03,2.47,1.26,2.29,1.33,0.97,2.29,1.18,2.15,30,27.4,46.3,38,418,3420,38.0,56,37,93,49,7,8,102,6,51.0,45.0,35.7,80.7,578,1249,1.47,0.97,2.45,1.29,2.26,1.34,0.94,2.28,1.18,2.12,2020-2021
Eibar,30,28.2,49.3,38,418,3420,38.0,29,20,49,25,4,9,71,3,45.2,38.3,29.9,68.2,507,1295,0.76,0.53,1.29,0.66,1.18,1.19,0.79,1.98,1.01,1.79,30,27.5,50.4,38,418,3420,38.0,52,40,92,49,3,5,66,2,45.7,41.7,35.2,77.0,446,1056,1.37,1.05,2.42,1.29,2.34,1.2,0.93,2.13,1.1,2.03,2020-2021
Elche,30,28.1,47.5,38,418,3420,38.0,33,25,58,31,2,3,99,3,29.9,27.5,21.8,49.4,501,929,0.87,0.66,1.53,0.82,1.47,0.79,0.57,1.36,0.72,1.3,30,27.4,52.4,38,418,3420,38.0,54,43,97,48,6,10,79,2,60.9,53.2,44.0,97.2,702,1647,1.42,1.13,2.55,1.26,2.39,1.6,1.16,2.76,1.4,2.56,2020-2021
Getafe,31,26.7,43.3,38,418,3420,38.0,27,14,41,24,3,5,120,7,34.4,30.5,23.6,54.1,443,1090,0.71,0.37,1.08,0.63,1.0,0.91,0.62,1.53,0.8,1.42,31,27.4,57.2,38,418,3420,38.0,40,26,66,33,7,8,106,6,40.3,34.0,25.8,59.8,454,1195,1.05,0.68,1.74,0.87,1.55,1.06,0.68,1.74,0.9,1.57,2020-2021
Granada,34,27.4,41.4,38,418,3420,38.0,47,30,77,44,3,5,97,6,41.1,37.3,26.8,64.0,411,975,1.24,0.79,2.03,1.16,1.95,1.08,0.7,1.79,0.98,1.68,34,27.6,59.0,38,418,3420,38.0,64,41,105,58,6,12,104,6,56.2,46.8,38.2,85.0,636,1449,1.68,1.08,2.76,1.53,2.61,1.48,1.01,2.48,1.23,2.24,2020-2021
Huesca,27,28.0,48.3,38,418,3420,38.0,32,23,55,29,3,4,69,2,38.7,35.9,26.6,62.5,617,1185,0.84,0.61,1.45,0.76,1.37,1.02,0.7,1.72,0.94,1.64,27,27.3,51.7,38,418,3420,38.0,51,37,88,46,5,5,64,2,48.1,44.3,35.6,80.0,657,1447,1.34,0.97,2.32,1.21,2.18,1.27,0.94,2.2,1.17,2.11,2020-2021
Levante,29,28.0,52.2,38,418,3420,38.0,45,35,80,42,3,6,68,1,40.4,35.7,29.6,65.3,621,1537,1.18,0.92,2.11,1.11,2.03,1.06,0.78,1.84,0.94,1.72,29,27.4,47.6,38,418,3420,38.0,55,42,97,52,3,4,87,7,53.5,50.6,40.0,90.6,625,1299,1.45,1.11,2.55,1.37,2.47,1.41,1.05,2.46,1.33,2.38,2020-2021
Osasuna,28,27.9,43.2,38,418,3420,38.0,36,25,61,31,5,6,80,5,38.7,34.7,24.9,59.7,345,1220,0.95,0.66,1.61,0.82,1.47,1.02,0.66,1.68,0.91,1.57,28,27.4,56.9,38,418,3420,38.0,46,31,77,41,5,8,65,0,47.8,41.5,33.2,74.6,678,1525,1.21,0.82,2.03,1.08,1.89,1.26,0.87,2.13,1.09,1.96,2020-2021
Real Madrid,30,27.9,59.3,38,418,3420,38.0,64,53,117,61,3,3,59,2,61.5,59.2,47.4,106.5,963,1920,1.68,1.39,3.08,1.61,3.0,1.62,1.25,2.87,1.56,2.8,30,27.5,40.3,38,418,3420,38.0,27,17,44,20,7,8,87,3,37.6,31.3,24.4,55.7,545,1157,0.71,0.45,1.16,0.53,0.97,0.99,0.64,1.63,0.82,1.47,2020-2021
Real Sociedad,30,25.0,54.9,38,418,3420,38.0,58,39,97,49,9,12,81,1,60.7,51.5,39.6,91.1,626,1554,1.53,1.03,2.55,1.29,2.32,1.6,1.04,2.64,1.36,2.4,30,27.4,44.9,38,418,3420,38.0,37,24,61,34,3,5,91,6,39.2,35.3,26.1,61.4,436,1011,0.97,0.63,1.61,0.89,1.53,1.03,0.69,1.72,0.93,1.61,2020-2021
Sevilla,26,28.1,60.9,38,418,3420,38.0,52,36,88,46,6,7,79,2,54.4,48.9,41.0,90.0,691,1627,1.37,0.95,2.32,1.21,2.16,1.43,1.08,2.51,1.29,2.37,26,27.3,55.0,38,418,3420,38.0,31,20,51,27,4,6,109,1,34.8,30.1,22.5,52.6,544,1103,0.82,0.53,1.34,0.71,1.24,0.91,0.59,1.51,0.79,1.39,2020-2021
Valencia,30,25.2,46.9,38,418,3420,38.0,48,35,83,40,8,10,82,5,42.6,34.8,27.2,62.1,576,1180,1.26,0.92,2.18,1.05,1.97,1.12,0.72,1.84,0.92,1.63,30,27.6,53.1,38,418,3420,38.0,51,29,80,46,5,8,99,5,52.2,46.2,33.8,80.0,713,1644,1.34,0.76,2.11,1.21,1.97,1.37,0.89,2.26,1.22,2.11,2020-2021
Valladolid,32,28.1,45.2,38,418,3420,38.0,34,21,55,27,7,8,93,4,40.1,33.8,24.2,58.0,564,1101,0.89,0.55,1.45,0.71,1.26,1.05,0.64,1.69,0.89,1.53,32,27.4,54.9,38,418,3420,38.0,57,44,101,51,6,7,96,2,52.9,47.4,38.3,85.6,693,1549,1.5,1.16,2.66,1.34,2.5,1.39,1.01,2.4,1.25,2.25,2020-2021
Villarreal,29,28.0,55.2,38,418,3420,38.0,57,33,90,45,12,13,67,5,56.4,46.4,40.5,86.9,737,1628,1.5,0.87,2.37,1.18,2.05,1.48,1.06,2.55,1.22,2.29,29,27.5,44.4,38,418,3420,38.0,42,25,67,35,7,9,78,4,42.5,35.6,26.2,61.8,635,1227,1.11,0.66,1.76,0.92,1.58,1.12,0.69,1.81,0.94,1.63,2020-2021
Alavés,32,27.6,41.5,38,418,3420,38.0,34,20,54,28,6,6,111,7,39.3,34.7,26.9,61.6,403,944,0.89,0.53,1.42,0.74,1.26,1.03,0.71,1.74,0.91,1.62,32,27.3,58.5,38,418,3420,38.0,59,36,95,47,12,15,87,3,57.8,46.3,37.1,83.5,656,1548,1.55,0.95,2.5,1.24,2.18,1.52,0.98,2.5,1.22,2.2,2019-2020
Athletic Club,26,26.7,48.7,38,418,3420,38.0,40,23,63,32,8,10,90,2,41.5,33.8,26.2,60.0,604,1291,1.05,0.61,1.66,0.84,1.45,1.09,0.69,1.78,0.89,1.58,26,27.1,51.3,38,418,3420,38.0,36,26,62,31,5,7,89,0,48.8,43.7,34.6,78.3,615,1390,0.95,0.68,1.63,0.82,1.5,1.28,0.91,2.19,1.15,2.06,2019-2020
Atlético Madrid,30,26.1,48.6,38,418,3420,38.0,50,35,85,44,6,8,93,3,56.8,50.6,39.4,90.0,598,1333,1.32,0.92,2.24,1.16,2.08,1.5,1.04,2.53,1.33,2.37,30,27.4,51.4,38,418,3420,38.0,24,15,39,21,3,4,113,4,32.5,29.5,22.9,52.5,619,1523,0.63,0.39,1.03,0.55,0.95,0.85,0.6,1.46,0.78,1.38,2019-2020
Barcelona,28,27.8,66.4,38,418,3420,38.0,84,62,146,78,6,6,92,6,66.3,61.7,49.5,111.2,923,2042,2.21,1.63,3.84,2.05,3.68,1.75,1.3,3.05,1.62,2.93,28,27.0,33.6,38,418,3420,38.0,38,21,59,32,6,7,89,4,38.3,32.9,23.6,56.5,576,1003,1.0,0.55,1.55,0.84,1.39,1.01,0.62,1.63,0.87,1.49,2019-2020
Betis,27,27.5,56.7,38,418,3420,38.0,48,35,83,42,6,8,108,9,51.0,45.2,36.9,82.0,834,1475,1.26,0.92,2.18,1.11,2.03,1.34,0.97,2.31,1.19,2.16,27,27.0,43.3,38,418,3420,38.0,59,40,99,48,11,11,111,5,54.8,46.2,36.1,82.3,613,1263,1.55,1.05,2.61,1.26,2.32,1.44,0.95,2.39,1.22,2.16,2019-2020
Celta Vigo,30,25.8,51.7,38,418,3420,38.0,37,26,63,31,6,9,104,6,39.2,32.4,26.2,58.7,670,1364,0.97,0.68,1.66,0.82,1.5,1.03,0.69,1.72,0.85,1.54,30,27.2,48.4,38,418,3420,38.0,49,31,80,44,5,5,119,5,45.3,41.4,33.4,74.7,679,1436,1.29,0.82,2.11,1.16,1.97,1.19,0.88,2.07,1.09,1.97,2019-2020
Eibar,26,29.3,46.3,38,418,3420,38.0,38,24,62,31,7,10,92,3,42.0,34.2,26.0,60.2,424,1265,1.0,0.63,1.63,0.82,1.45,1.1,0.68,1.79,0.9,1.58,26,27.0,53.7,38,418,3420,38.0,55,38,93,51,4,6,70,2,53.0,48.4,40.0,88.5,561,1177,1.45,1.0,2.45,1.34,2.34,1.39,1.05,2.45,1.27,2.33,2019-2020
Espanyol,31,27.7,47.4,38,418,3420,38.0,25,17,42,21,4,4,107,9,38.6,35.6,27.3,62.9,561,1240,0.66,0.45,1.11,0.55,1.0,1.02,0.72,1.74,0.94,1.66,31,27.3,52.6,38,418,3420,38.0,56,35,91,50,6,7,75,6,51.0,45.8,34.9,80.8,688,1452,1.47,0.92,2.39,1.32,2.24,1.34,0.92,2.26,1.21,2.13,2019-2020
Getafe,30,27.5,45.0,38,418,3420,38.0,42,31,73,36,6,7,135,5,41.6,36.1,27.9,64.0,416,1196,1.11,0.82,1.92,0.95,1.76,1.09,0.73,1.83,0.95,1.69,30,27.2,55.0,38,418,3420,38.0,35,21,56,30,5,6,122,11,41.4,36.7,29.5,66.1,376,1089,0.92,0.55,1.47,0.79,1.34,1.09,0.78,1.87,0.96,1.74,2019-2020
Granada,27,26.8,43.8,38,418,3420,38.0,50,34,84,45,5,5,109,1,44.9,40.9,30.5,71.4,511,1009,1.32,0.89,2.21,1.18,2.08,1.18,0.8,1.98,1.08,1.88,27,27.4,56.2,38,418,3420,38.0,45,37,82,41,4,5,116,7,42.6,38.6,33.1,71.7,672,1397,1.18,0.97,2.16,1.08,2.05,1.12,0.87,1.99,1.02,1.89,2019-2020
Leganés,29,26.9,43.9,38,418,3420,38.0,30,19,49,27,3,5,127,4,39.9,35.9,27.7,63.7,498,1165,0.79,0.5,1.29,0.71,1.21,1.05,0.73,1.78,0.95,1.68,29,27.2,56.1,38,418,3420,38.0,50,34,84,44,6,7,105,5,42.8,37.4,29.7,67.1,632,1423,1.32,0.89,2.21,1.16,2.05,1.13,0.78,1.91,0.98,1.77,2019-2020
Levante,29,27.7,48.3,38,418,3420,38.0,45,28,73,40,5,5,79,5,48.1,44.2,36.3,80.5,711,1358,1.18,0.74,1.92,1.05,1.79,1.27,0.95,2.22,1.16,2.12,29,27.2,51.7,38,418,3420,38.0,51,40,91,48,3,7,96,1,62.9,57.4,47.2,104.7,741,1499,1.34,1.05,2.39,1.26,2.32,1.65,1.24,2.9,1.51,2.75,2019-2020
Mallorca,32,26.8,45.0,38,418,3420,38.0,39,21,60,31,8,10,93,5,41.1,33.3,25.4,58.7,740,1210,1.03,0.55,1.58,0.82,1.37,1.08,0.67,1.75,0.88,1.55,32,27.2,55.0,38,418,3420,38.0,64,39,103,49,15,16,118,4,63.5,51.2,43.2,94.4,774,1681,1.68,1.03,2.71,1.29,2.32,1.67,1.14,2.81,1.35,2.48,2019-2020
Osasuna,31,27.7,47.4,38,418,3420,38.0,46,26,72,38,8,8,110,6,49.4,43.2,34.4,77.6,562,1359,1.21,0.68,1.89,1.0,1.68,1.3,0.91,2.21,1.14,2.04,31,27.0,52.6,38,418,3420,38.0,54,39,93,49,5,5,83,4,49.4,45.5,35.9,81.4,581,1311,1.42,1.03,2.45,1.29,2.32,1.3,0.94,2.24,1.2,2.14,2019-2020
Real Madrid,26,27.6,58.8,38,418,3420,38.0,69,52,121,58,11,11,82,4,67.9,59.2,49.9,109.1,951,1972,1.82,1.37,3.18,1.53,2.89,1.79,1.31,3.1,1.56,2.87,26,27.0,41.2,38,418,3420,38.0,25,21,46,23,2,2,87,1,33.3,31.7,23.9,55.6,604,1211,0.66,0.55,1.21,0.61,1.16,0.88,0.63,1.51,0.83,1.46,2019-2020
Real Sociedad,27,24.8,56.2,38,418,3420,38.0,54,38,92,50,4,5,79,2,48.9,45.1,35.4,80.5,737,1588,1.42,1.0,2.42,1.32,2.32,1.29,0.93,2.22,1.19,2.12,27,27.3,43.8,38,418,3420,38.0,47,33,80,40,7,9,101,7,43.0,36.0,27.7,63.7,546,1133,1.24,0.87,2.11,1.05,1.92,1.13,0.73,1.86,0.95,1.68,2019-2020
Sevilla,26,27.7,57.9,38,418,3420,38.0,53,35,88,46,7,7,97,1,53.2,47.9,38.4,86.3,803,1823,1.39,0.92,2.32,1.21,2.13,1.4,1.01,2.41,1.26,2.27,26,27.2,42.1,38,418,3420,38.0,33,21,54,30,3,4,100,5,36.1,33.0,24.4,57.4,552,1138,0.87,0.55,1.42,0.79,1.34,0.95,0.64,1.59,0.87,1.51,2019-2020
Valencia,28,27.0,49.0,38,418,3420,38.0,45,34,79,40,5,8,80,8,43.3,37.2,31.7,68.9,671,1378,1.18,0.89,2.08,1.05,1.95,1.14,0.83,1.97,0.98,1.81,28,27.1,51.0,38,418,3420,38.0,52,31,83,45,7,9,90,4,56.0,49.1,35.3,84.4,863,1698,1.37,0.82,2.18,1.18,2.0,1.47,0.93,2.4,1.29,2.22,2019-2020
Valladolid,30,27.1,44.7,38,418,3420,38.0,31,19,50,28,3,6,84,0,36.6,32.1,24.0,56.1,510,1106,0.82,0.5,1.32,0.74,1.24,0.96,0.63,1.59,0.85,1.48,30,27.3,55.3,38,418,3420,38.0,43,26,69,36,7,8,95,4,54.5,48.4,38.7,87.1,797,1764,1.13,0.68,1.82,0.95,1.63,1.43,1.02,2.45,1.27,2.29,2019-2020
Villarreal,25,27.6,52.9,38,418,3420,38.0,62,40,102,52,10,11,78,1,63.6,55.2,43.1,98.3,694,1483,1.63,1.05,2.68,1.37,2.42,1.67,1.13,2.81,1.45,2.59,25,27.2,47.1,38,418,3420,38.0,47,35,82,39,8,9,84,5,46.3,39.3,31.9,71.1,676,1465,1.24,0.92,2.16,1.03,1.95,1.22,0.84,2.06,1.03,1.87,2019-2020
Alavés,26,26.7,42.7,38,418,3420,38.0,39,27,66,37,2,3,101,1,41.1,38.8,29.0,67.8,511,1113,1.03,0.71,1.74,0.97,1.68,1.08,0.76,1.85,1.02,1.79,26,26.9,57.3,38,418,3420,38.0,48,31,79,42,6,6,93,2,53.2,48.6,36.6,85.2,714,1843,1.26,0.82,2.08,1.11,1.92,1.4,0.96,2.36,1.28,2.24,2018-2019
Athletic Club,27,27.6,50.0,38,418,3420,38.0,39,26,65,34,5,7,120,4,43.4,37.8,30.7,68.5,626,1452,1.03,0.68,1.71,0.89,1.58,1.14,0.81,1.95,0.99,1.8,27,27.2,50.0,38,418,3420,38.0,45,32,77,40,5,5,106,2,45.7,41.8,33.9,75.6,677,1317,1.18,0.84,2.03,1.05,1.89,1.2,0.89,2.09,1.1,1.99,2018-2019
Atlético Madrid,29,26.4,49.2,38,418,3420,38.0,53,36,89,50,3,4,103,5,47.3,44.1,35.3,79.5,677,1386,1.39,0.95,2.34,1.32,2.26,1.24,0.93,2.17,1.16,2.09,29,27.0,50.8,38,418,3420,38.0,27,15,42,22,5,5,95,3,41.9,38.1,29.2,67.3,662,1651,0.71,0.39,1.11,0.58,0.97,1.1,0.77,1.87,1.0,1.77,2018-2019
Barcelona,30,27.7,64.4,38,418,3420,38.0,88,61,149,80,8,9,77,2,75.8,68.7,55.8,124.6,851,2110,2.32,1.61,3.92,2.11,3.71,1.99,1.47,3.46,1.81,3.28,30,26.8,35.6,38,418,3420,38.0,35,25,60,33,2,2,102,5,45.3,43.7,34.3,78.0,558,1092,0.92,0.66,1.58,0.87,1.53,1.19,0.9,2.09,1.15,2.05,2018-2019
Betis,25,26.7,61.8,38,418,3420,38.0,43,30,73,38,5,7,89,1,47.1,41.5,32.9,74.4,887,1631,1.13,0.79,1.92,1.0,1.79,1.24,0.87,2.1,1.09,1.96,25,26.8,38.2,38,418,3420,38.0,52,42,94,48,4,5,123,7,49.4,45.5,37.2,82.7,577,1153,1.37,1.11,2.47,1.26,2.37,1.3,0.98,2.28,1.2,2.18,2018-2019
Celta Vigo,28,25.5,51.6,38,418,3420,38.0,52,37,89,45,7,7,84,6,46.5,41.2,33.6,74.8,673,1288,1.37,0.97,2.34,1.18,2.16,1.22,0.88,2.11,1.08,1.97,28,26.9,48.4,38,418,3420,38.0,61,41,102,55,6,7,89,2,60.9,55.4,43.5,98.9,721,1503,1.61,1.08,2.68,1.45,2.53,1.6,1.14,2.75,1.46,2.6,2018-2019
Eibar,25,28.5,54.0,38,418,3420,38.0,46,26,72,39,7,8,82,2,54.8,48.6,36.7,85.3,565,1619,1.21,0.68,1.89,1.03,1.71,1.44,0.96,2.41,1.28,2.24,25,26.8,46.0,38,418,3420,38.0,49,39,88,46,3,4,76,2,45.9,42.7,37.2,79.9,459,1070,1.29,1.03,2.32,1.21,2.24,1.21,0.98,2.19,1.12,2.1,2018-2019
Espanyol,25,27.7,49.4,38,418,3420,38.0,43,26,69,39,4,4,92,2,48.9,45.8,33.8,79.6,642,1495,1.13,0.68,1.82,1.03,1.71,1.29,0.89,2.18,1.21,2.1,25,26.8,50.6,38,418,3420,38.0,48,26,74,42,6,8,111,6,53.8,47.5,35.9,83.4,799,1585,1.26,0.68,1.95,1.11,1.79,1.42,0.94,2.36,1.25,2.2,2018-2019
Getafe,26,27.5,40.7,38,418,3420,38.0,47,34,81,41,6,6,111,7,46.2,41.6,32.9,74.4,448,1131,1.24,0.89,2.13,1.08,1.97,1.22,0.87,2.08,1.09,1.96,26,26.8,59.3,38,418,3420,38.0,33,18,51,29,4,7,109,5,43.6,38.7,29.8,68.5,525,1385,0.87,0.47,1.34,0.76,1.24,1.15,0.78,1.93,1.02,1.8,2018-2019
Girona,26,26.6,48.0,38,418,3420,38.0,37,23,60,31,6,6,83,4,43.5,39.3,29.3,68.6,634,1316,0.97,0.61,1.58,0.82,1.42,1.14,0.77,1.91,1.04,1.81,26,27.1,52.0,38,418,3420,38.0,51,34,85,43,8,8,116,7,52.7,46.9,38.0,84.9,809,1624,1.34,0.89,2.24,1.13,2.03,1.39,1.0,2.39,1.23,2.23,2018-2019
Huesca,30,26.7,44.5,38,418,3420,38.0,43,28,71,37,6,7,114,3,50.8,45.4,34.6,80.0,653,1209,1.13,0.74,1.87,0.97,1.71,1.34,0.91,2.25,1.19,2.1,30,26.6,55.5,38,418,3420,38.0,62,46,108,53,9,9,86,4,60.2,53.1,43.1,96.3,768,1576,1.63,1.21,2.84,1.39,2.61,1.58,1.13,2.72,1.4,2.53,2018-2019
Leganés,29,26.6,43.1,38,418,3420,38.0,36,25,61,33,3,5,106,4,40.6,36.8,28.1,64.9,447,1153,0.95,0.66,1.61,0.87,1.53,1.07,0.74,1.81,0.97,1.71,29,26.8,56.9,38,418,3420,38.0,42,27,69,39,3,4,90,3,41.2,37.9,28.6,66.5,705,1596,1.11,0.71,1.82,1.03,1.74,1.08,0.75,1.84,1.0,1.75,2018-2019
Levante,26,26.3,45.7,38,418,3420,38.0,56,39,95,51,5,7,112,7,53.9,48.4,38.5,86.9,709,1295,1.47,1.03,2.5,1.34,2.37,1.42,1.01,2.43,1.27,2.29,26,26.9,54.3,38,418,3420,38.0,64,41,105,56,8,9,92,7,76.2,69.1,51.4,120.4,868,1553,1.68,1.08,2.76,1.47,2.55,2.01,1.35,3.36,1.82,3.17,2018-2019
Rayo Vallecano,29,26.6,48.7,38,418,3420,38.0,40,24,64,35,5,5,106,8,48.7,44.8,33.0,77.7,831,1326,1.05,0.63,1.68,0.92,1.55,1.28,0.87,2.15,1.18,2.05,29,26.9,51.3,38,418,3420,38.0,69,51,120,62,7,11,73,3,60.0,51.5,41.0,92.5,660,1557,1.82,1.34,3.16,1.63,2.97,1.58,1.08,2.66,1.36,2.43,2018-2019
Real Madrid,27,27.1,60.1,38,418,3420,38.0,61,39,100,52,9,9,83,6,66.7,60.2,49.9,110.1,1009,2094,1.61,1.03,2.63,1.37,2.39,1.76,1.31,3.07,1.58,2.9,27,26.8,39.9,38,418,3420,38.0,46,32,78,40,6,8,93,3,47.1,41.7,33.0,74.7,615,1158,1.21,0.84,2.05,1.05,1.89,1.24,0.87,2.11,1.1,1.97,2018-2019
Real Sociedad,30,24.9,51.7,38,418,3420,38.0,44,27,71,36,8,10,82,4,49.7,42.2,33.0,75.2,695,1381,1.16,0.71,1.87,0.95,1.66,1.31,0.87,2.18,1.11,1.98,30,26.9,48.3,38,418,3420,38.0,44,30,74,42,2,3,107,3,48.6,46.1,34.2,80.2,657,1407,1.16,0.79,1.95,1.11,1.89,1.28,0.9,2.18,1.21,2.11,2018-2019
Sevilla,27,27.9,52.3,38,418,3420,38.0,60,47,107,55,5,6,118,6,66.6,61.8,49.3,111.1,828,1804,1.58,1.24,2.82,1.45,2.68,1.75,1.3,3.05,1.63,2.92,27,27.0,47.7,38,418,3420,38.0,47,29,76,41,6,7,99,3,45.4,39.9,31.2,71.1,696,1407,1.24,0.76,2.0,1.08,1.84,1.19,0.82,2.01,1.05,1.87,2018-2019
Valencia,25,26.4,47.1,38,418,3420,38.0,50,38,88,45,5,7,90,3,60.7,55.2,46.7,101.9,751,1561,1.32,1.0,2.32,1.18,2.18,1.6,1.23,2.83,1.45,2.68,25,27.3,52.9,38,418,3420,38.0,33,19,52,26,7,8,113,4,42.9,36.7,26.7,63.5,791,1632,0.87,0.5,1.37,0.68,1.18,1.13,0.7,1.83,0.97,1.67,2018-2019
Valladolid,28,27.4,46.8,38,418,3420,38.0,31,19,50,27,4,7,92,0,41.1,35.6,26.7,62.3,662,1299,0.82,0.5,1.32,0.71,1.21,1.08,0.7,1.78,0.94,1.64,28,26.9,53.2,38,418,3420,38.0,50,36,86,44,6,9,106,5,58.5,51.7,43.1,94.8,800,1642,1.32,0.95,2.26,1.16,2.11,1.54,1.14,2.68,1.36,2.5,2018-2019
Villarreal,26,27.1,48.3,38,418,3420,38.0,47,34,81,44,3,6,118,3,53.9,50.0,39.0,89.0,715,1648,1.24,0.89,2.13,1.16,2.05,1.42,1.03,2.45,1.31,2.34,26,26.8,51.7,38,418,3420,38.0,49,32,81,46,3,5,84,2,55.0,51.1,41.0,92.1,753,1560,1.29,0.84,2.13,1.21,2.05,1.45,1.08,2.53,1.34,2.42,2018-2019
Alavés,30,25.5,40.3,38,418,3420,38.0,40,31,71,39,1,3,109,4,38.5,36.1,27.7,63.8,454,1045,1.05,0.82,1.87,1.03,1.84,1.01,0.73,1.74,0.95,1.68,30,26.8,59.7,38,418,3420,38.0,48,28,76,41,7,10,84,4,55.9,48.6,38.8,87.4,751,1842,1.26,0.74,2.0,1.08,1.82,1.47,1.02,2.49,1.28,2.3,2017-2018
Athletic Club,26,26.7,49.6,38,418,3420,38.0,39,25,64,33,6,8,93,0,49.7,43.8,33.7,77.5,652,1519,1.03,0.66,1.68,0.87,1.53,1.31,0.89,2.19,1.15,2.04,26,27.0,50.4,38,418,3420,38.0,46,33,79,43,3,6,106,8,50.3,45.6,37.1,82.6,666,1311,1.21,0.87,2.08,1.13,2.0,1.32,0.98,2.3,1.2,2.17,2017-2018
Atlético Madrid,26,26.6,47.5,38,418,3420,38.0,57,41,98,53,4,5,96,5,50.2,46.3,36.6,82.9,703,1460,1.5,1.08,2.58,1.39,2.47,1.32,0.96,2.28,1.22,2.18,26,26.8,52.5,38,418,3420,38.0,21,17,38,20,1,4,98,0,35.8,32.6,27.6,60.2,737,1677,0.55,0.45,1.0,0.53,0.97,0.94,0.73,1.67,0.86,1.58,2017-2018
Barcelona,25,27.7,62.8,38,418,3420,38.0,96,74,170,93,3,5,67,2,83.5,80.1,64.6,144.7,1025,2151,2.53,1.95,4.47,2.45,4.39,2.2,1.7,3.9,2.11,3.81,25,26.7,37.2,38,418,3420,38.0,29,22,51,27,2,2,99,4,41.9,40.5,32.3,72.8,632,1190,0.76,0.58,1.34,0.71,1.29,1.1,0.85,1.95,1.06,1.91,2017-2018
Betis,29,27.1,56.9,38,418,3420,38.0,56,43,99,54,2,3,91,3,46.0,43.7,35.2,78.9,736,1506,1.47,1.13,2.61,1.42,2.55,1.21,0.93,2.14,1.15,2.08,29,26.8,43.1,38,418,3420,38.0,57,45,102,54,3,4,96,4,49.0,45.8,35.9,81.7,622,1354,1.5,1.18,2.68,1.42,2.61,1.29,0.95,2.24,1.2,2.15,2017-2018
Celta Vigo,23,25.7,55.7,38,418,3420,38.0,57,45,102,55,2,3,85,1,55.0,52.6,43.0,95.6,724,1595,1.5,1.18,2.68,1.45,2.63,1.45,1.13,2.58,1.39,2.52,23,26.8,44.3,38,418,3420,38.0,59,48,107,55,4,5,97,1,55.3,51.4,41.5,92.9,611,1361,1.55,1.26,2.82,1.45,2.71,1.46,1.09,2.55,1.35,2.44,2017-2018
Eibar,27,27.4,52.0,38,418,3420,38.0,43,31,74,41,2,3,86,3,40.9,38.6,30.2,68.8,635,1468,1.13,0.82,1.95,1.08,1.89,1.08,0.79,1.87,1.02,1.81,27,26.8,48.0,38,418,3420,38.0,47,36,83,43,4,4,78,6,44.4,41.3,34.4,75.7,488,1056,1.24,0.95,2.18,1.13,2.08,1.17,0.91,2.08,1.09,1.99,2017-2018
Espanyol,25,26.8,46.9,38,418,3420,38.0,33,24,57,31,2,3,88,1,41.1,38.7,27.8,66.4,532,1276,0.87,0.63,1.5,0.82,1.45,1.08,0.73,1.81,1.02,1.75,25,26.5,53.1,38,418,3420,38.0,40,26,66,36,4,6,113,3,52.3,47.5,35.9,83.5,706,1615,1.05,0.68,1.74,0.95,1.63,1.38,0.95,2.32,1.25,2.2,2017-2018
Getafe,32,28.2,40.2,38,418,3420,38.0,41,27,68,36,5,12,134,5,48.2,38.6,29.6,68.2,374,1092,1.08,0.71,1.79,0.95,1.66,1.27,0.78,2.05,1.02,1.79,32,26.7,59.8,38,418,3420,38.0,33,28,61,31,2,4,107,3,39.7,36.6,29.9,66.5,660,1580,0.87,0.74,1.61,0.82,1.55,1.04,0.79,1.83,0.96,1.75,2017-2018
Girona,25,26.3,46.8,38,418,3420,38.0,50,31,81,44,6,8,102,0,50.6,44.4,34.4,78.8,590,1215,1.32,0.82,2.13,1.16,1.97,1.33,0.9,2.24,1.17,2.07,25,26.8,53.2,38,418,3420,38.0,56,39,95,52,4,5,112,3,50.4,46.5,34.6,81.1,721,1436,1.47,1.03,2.5,1.37,2.39,1.33,0.91,2.24,1.22,2.13,2017-2018
La Coruña,32,28.2,46.8,38,418,3420,38.0,38,30,68,35,3,5,100,2,51.6,47.7,40.0,87.7,640,1477,1.0,0.79,1.79,0.92,1.71,1.36,1.05,2.41,1.25,2.31,32,26.7,53.2,38,418,3420,38.0,73,53,126,69,4,5,75,2,58.7,54.8,43.3,98.1,774,1709,1.92,1.39,3.32,1.82,3.21,1.55,1.14,2.69,1.44,2.58,2017-2018
Las Palmas,36,27.0,54.7,38,418,3420,38.0,24,15,39,18,6,8,89,3,38.5,32.3,24.8,57.1,726,1332,0.63,0.39,1.03,0.47,0.87,1.01,0.65,1.66,0.85,1.5,36,26.7,45.3,38,418,3420,38.0,73,53,126,68,5,5,103,7,70.5,66.6,55.5,122.2,766,1410,1.92,1.39,3.32,1.79,3.18,1.86,1.46,3.32,1.75,3.21,2017-2018
Leganés,28,27.8,43.0,38,418,3420,38.0,32,23,55,30,2,3,105,5,39.9,37.6,30.0,67.6,534,1111,0.84,0.61,1.45,0.79,1.39,1.05,0.79,1.84,0.99,1.78,28,26.5,57.0,38,418,3420,38.0,51,28,79,45,6,7,82,4,47.6,42.2,31.5,73.7,645,1468,1.34,0.74,2.08,1.18,1.92,1.25,0.83,2.08,1.11,1.94,2017-2018
Levante,33,25.7,42.8,38,418,3420,38.0,43,28,71,38,5,5,111,6,44.7,40.8,31.8,72.7,676,1286,1.13,0.74,1.87,1.0,1.74,1.18,0.84,2.02,1.07,1.91,33,26.8,57.2,38,418,3420,38.0,55,41,96,50,5,6,93,6,63.6,58.8,45.3,104.1,758,1661,1.45,1.08,2.53,1.32,2.39,1.67,1.19,2.86,1.55,2.74,2017-2018
Málaga,37,27.2,44.1,38,418,3420,38.0,23,15,38,19,4,6,101,8,38.4,33.7,26.3,60.0,463,1169,0.61,0.39,1.0,0.5,0.89,1.01,0.69,1.7,0.89,1.58,37,26.7,55.9,38,418,3420,38.0,61,44,105,55,6,7,76,0,59.4,53.8,43.1,97.0,777,1777,1.61,1.16,2.76,1.45,2.61,1.56,1.14,2.7,1.42,2.55,2017-2018
Real Madrid,24,27.1,60.2,38,418,3420,38.0,91,65,156,83,8,10,67,4,85.4,77.5,62.8,140.2,1131,2383,2.39,1.71,4.11,2.18,3.89,2.25,1.65,3.9,2.04,3.69,24,26.9,39.8,38,418,3420,38.0,42,34,76,40,2,4,97,3,43.2,40.6,31.5,72.1,598,1229,1.11,0.89,2.0,1.05,1.95,1.14,0.83,1.97,1.07,1.9,2017-2018
Real Sociedad,27,25.9,56.5,38,418,3420,38.0,64,47,111,60,4,5,64,5,53.7,49.7,38.9,88.7,883,1605,1.68,1.24,2.92,1.58,2.82,1.41,1.02,2.44,1.31,2.33,27,26.8,43.5,38,418,3420,38.0,58,41,99,52,6,8,94,1,50.5,44.1,35.5,79.7,577,1244,1.53,1.08,2.61,1.37,2.45,1.33,0.94,2.27,1.16,2.1,2017-2018
Sevilla,31,27.1,54.3,38,418,3420,38.0,48,35,83,44,4,5,99,3,59.5,55.7,42.8,98.5,817,1824,1.26,0.92,2.18,1.16,2.08,1.57,1.13,2.69,1.47,2.59,31,26.9,45.7,38,418,3420,38.0,57,39,96,52,5,8,80,3,54.4,48.1,36.6,84.7,731,1410,1.5,1.03,2.53,1.37,2.39,1.43,0.96,2.39,1.27,2.23,2017-2018
Valencia,25,24.8,48.6,38,418,3420,38.0,63,45,108,55,8,8,107,5,56.0,49.8,39.9,89.7,739,1563,1.66,1.18,2.84,1.45,2.63,1.47,1.05,2.52,1.31,2.36,25,26.9,51.4,38,418,3420,38.0,38,28,66,35,3,5,97,5,48.3,44.4,35.2,79.7,728,1613,1.0,0.74,1.74,0.92,1.66,1.27,0.93,2.2,1.17,2.1,2017-2018
Villarreal,32,26.6,50.4,38,418,3420,38.0,56,45,101,52,4,5,117,6,53.3,49.3,42.0,91.3,719,1453,1.47,1.18,2.66,1.37,2.55,1.4,1.11,2.51,1.3,2.4,32,26.9,49.6,38,418,3420,38.0,50,37,87,45,5,8,83,4,53.4,47.2,36.2,83.4,805,1587,1.32,0.97,2.29,1.18,2.16,1.41,0.95,2.36,1.24,2.19,2017-2018
