Squad,Unnamed: 1_level_0 # Pl_for,Unnamed: 2_level_0 90s_for,Performance CrdY_for,Performance CrdR_for,Performance 2CrdY_for,Performance Fls_for,Performance Fld_for,Performance Off_for,Performance Crs_for,Performance Int_for,Performance TklW_for,Performance PKwon_for,Performance PKcon_for,Performance OG_for,Performance Recov_for,Aerial Duels Won_for,Aerial Duels Lost_for,Aerial Duels Won%_for,Unnamed: 1_level_0 # Pl_against,Unnamed: 2_level_0 90s_against,Performance CrdY_against,Performance CrdR_against,Performance 2CrdY_against,Performance Fls_against,Performance Fld_against,Performance Off_against,Performance Crs_against,Performance Int_against,Performance TklW_against,Performance PKwon_against,Performance PKcon_against,Performance OG_against,Performance Recov_against,Aerial Duels Won_against,Aerial Duels Lost_against,Aerial Duels Won%_against,Season
Alavés,29,38.0,107,5,2,623,476,77,798,309,459,8,11,2,1499,639,694,47.9,29,38.0,107,5,0,504,590,64,722,287,328,6,11,0,1420,694,639,52.1,2024-2025
Athletic Club,31,38.0,64,3,1,483,386,68,772,344,345,5,5,1,1735,496,514,49.1,31,38.0,83,4,2,406,462,84,592,361,471,5,6,1,1624,514,496,50.9,2024-2025
Atlético Madrid,24,38.0,75,3,0,412,427,72,675,260,375,4,5,2,1563,445,420,51.4,24,38.0,68,0,0,450,384,37,656,369,365,3,7,0,1547,420,445,48.6,2024-2025
Barcelona,28,38.0,63,3,1,368,465,65,709,227,332,8,4,0,1673,380,339,52.9,28,38.0,89,2,0,479,351,181,482,381,405,4,8,3,1499,339,380,47.1,2024-2025
Betis,36,38.0,75,4,0,433,524,56,627,356,397,9,4,1,1679,464,478,49.3,36,38.0,102,7,3,552,408,92,683,332,459,3,10,2,1618,478,464,50.7,2024-2025
Celta Vigo,30,38.0,84,6,3,462,436,67,501,282,340,6,4,2,1532,375,439,46.1,30,38.0,88,7,2,455,447,75,667,390,382,2,9,1,1698,439,375,53.9,2024-2025
Espanyol,27,38.0,88,1,0,498,432,61,619,315,397,5,6,1,1364,493,504,49.4,27,38.0,66,2,0,457,469,53,858,292,309,6,5,2,1576,504,493,50.6,2024-2025
Getafe,30,38.0,110,7,3,602,506,90,721,276,393,3,9,0,1436,771,738,51.1,30,38.0,101,5,1,529,561,85,626,282,391,7,5,0,1419,738,771,48.9,2024-2025
Girona,30,38.0,76,2,0,437,439,79,804,279,348,4,6,1,1443,321,344,48.3,30,38.0,80,4,1,460,426,44,607,277,348,6,5,1,1414,344,321,51.7,2024-2025
Las Palmas,34,38.0,110,4,2,452,462,59,674,321,370,1,10,3,1454,529,561,48.5,34,38.0,90,7,2,489,431,99,740,307,360,9,4,2,1625,561,529,51.5,2024-2025
Leganés,26,38.0,82,6,0,503,470,84,495,332,384,7,8,3,1500,472,614,43.5,26,38.0,74,1,0,492,475,47,879,279,351,6,7,1,1568,614,472,56.5,2024-2025
Mallorca,28,38.0,81,6,1,466,432,78,735,326,361,4,3,1,1523,672,609,52.5,28,38.0,70,2,0,451,440,41,821,272,402,1,5,1,1546,609,672,47.5,2024-2025
Osasuna,25,38.0,88,0,0,508,379,66,819,266,365,9,7,1,1461,617,515,54.5,25,38.0,81,6,2,405,485,103,704,250,385,7,9,2,1532,515,617,45.5,2024-2025
Rayo Vallecano,26,38.0,96,3,0,522,391,79,769,334,396,1,8,1,1688,485,540,47.3,26,38.0,78,4,1,422,499,50,678,314,398,7,1,3,1600,540,485,52.7,2024-2025
Real Madrid,30,38.0,57,4,0,332,518,85,578,331,359,11,3,1,1541,334,267,55.6,30,38.0,89,6,1,534,316,43,554,333,408,3,14,0,1467,267,334,44.4,2024-2025
Real Sociedad,31,38.0,85,4,0,501,417,82,740,283,401,3,7,0,1569,578,606,48.8,31,38.0,82,0,0,446,479,85,610,292,377,4,4,1,1530,606,578,51.2,2024-2025
Sevilla,35,38.0,98,8,3,494,402,70,612,367,390,1,6,1,1551,531,442,54.6,35,38.0,93,4,0,433,469,62,661,283,375,4,3,3,1409,442,531,45.4,2024-2025
Valencia,32,38.0,86,1,0,442,446,72,763,302,415,4,9,3,1550,449,540,45.4,32,38.0,86,3,1,474,418,107,691,293,388,6,5,1,1589,540,449,54.6,2024-2025
Valladolid,38,38.0,91,5,2,459,486,67,671,311,357,3,7,1,1355,544,524,50.9,38,38.0,86,3,2,505,434,60,743,211,329,6,5,0,1489,524,544,49.1,2024-2025
Villarreal,31,38.0,96,4,1,442,463,77,674,281,396,6,8,1,1547,492,399,55.2,31,38.0,99,7,1,496,413,42,782,297,349,7,7,2,1493,399,492,44.8,2024-2025
Alavés,30,38.0,84,1,0,481,449,69,830,279,347,7,8,2,1807,574,625,47.9,30,38.0,102,7,3,476,451,60,686,233,340,6,7,3,1752,625,574,52.1,2023-2024
Almería,35,38.0,93,6,4,478,493,75,659,313,372,2,9,0,1716,557,587,48.7,35,38.0,72,4,0,509,450,73,828,280,364,6,2,1,1780,587,557,51.3,2023-2024
Athletic Club,27,38.0,80,5,3,511,428,78,845,278,362,4,5,4,2010,541,525,50.8,27,38.0,82,3,2,453,487,91,626,370,428,2,5,2,2051,525,541,49.2,2023-2024
Atlético Madrid,27,38.0,89,5,3,438,447,123,621,256,399,4,2,0,1896,422,392,51.8,27,38.0,79,2,0,471,411,37,764,298,318,1,6,2,1846,392,422,48.2,2023-2024
Barcelona,29,38.0,87,2,1,412,469,99,651,257,363,6,2,0,1789,453,399,53.2,29,38.0,98,8,2,491,401,117,574,318,392,2,7,3,1678,399,453,46.8,2023-2024
Betis,35,38.0,87,3,1,429,497,73,636,345,440,1,8,3,1921,479,500,48.9,35,38.0,97,5,3,521,411,106,712,314,464,7,3,2,1864,500,479,51.1,2023-2024
Cádiz,34,38.0,107,7,0,576,498,90,791,298,398,2,2,1,1831,632,673,48.4,34,38.0,97,4,2,525,550,65,758,243,370,1,3,1,1871,673,632,51.6,2023-2024
Celta Vigo,31,38.0,66,5,2,463,485,63,661,297,382,4,8,3,1908,522,548,48.8,31,38.0,89,4,1,496,445,53,746,335,382,7,5,1,1879,548,522,51.2,2023-2024
Getafe,33,38.0,135,10,5,648,437,78,701,307,364,3,7,0,1773,657,692,48.7,33,38.0,105,10,4,464,623,141,640,261,348,6,7,0,1878,692,657,51.3,2023-2024
Girona,25,38.0,75,1,0,406,471,95,698,257,340,7,7,0,1808,373,390,48.9,25,38.0,104,5,3,495,383,49,711,301,423,5,8,1,1745,390,373,51.1,2023-2024
Granada,40,38.0,98,4,1,514,504,75,664,280,374,5,6,2,1708,484,540,47.3,40,38.0,92,5,1,534,495,108,718,290,344,6,8,3,1884,540,484,52.7,2023-2024
Las Palmas,29,38.0,84,5,1,411,499,93,580,281,397,3,9,3,1846,395,489,44.7,29,38.0,97,5,2,525,378,164,694,335,415,8,5,0,1963,489,395,55.3,2023-2024
Mallorca,25,38.0,105,4,2,567,412,104,763,365,388,2,5,1,1816,773,686,53.0,25,38.0,53,1,0,434,538,36,656,295,318,3,3,0,1802,686,773,47.0,2023-2024
Osasuna,29,38.0,78,5,1,518,392,68,813,263,311,4,2,0,1802,750,655,53.4,29,38.0,92,6,2,420,500,126,694,291,339,1,5,0,1887,655,750,46.6,2023-2024
Rayo Vallecano,26,38.0,108,5,3,563,518,96,688,308,372,3,2,2,1908,506,578,46.7,26,38.0,105,7,3,557,535,87,682,285,408,0,6,0,1934,578,506,53.3,2023-2024
Real Madrid,27,38.0,69,4,1,368,523,79,618,296,368,3,1,1,1766,329,272,54.7,27,38.0,95,0,0,548,354,38,680,296,389,0,5,2,1609,272,329,45.3,2023-2024
Real Sociedad,31,38.0,98,2,0,604,442,92,672,253,405,1,7,1,1816,759,714,51.5,31,38.0,100,6,3,469,570,98,523,278,368,4,4,3,1665,714,759,48.5,2023-2024
Sevilla,35,38.0,108,4,0,477,443,77,934,313,463,1,5,2,1901,610,525,53.7,35,38.0,81,3,1,464,445,78,698,236,347,1,2,2,1720,525,610,46.3,2023-2024
Valencia,29,38.0,64,5,2,481,475,69,593,324,379,7,6,2,1863,485,628,43.6,29,38.0,102,5,0,495,456,86,734,269,379,5,9,1,1898,628,485,56.4,2023-2024
Villarreal,32,38.0,110,8,4,488,462,92,592,304,348,5,6,1,1697,474,357,57.0,32,38.0,91,2,2,486,461,75,886,346,436,3,7,1,1876,357,474,43.0,2023-2024
Almería,29,38.0,98,4,2,443,401,83,605,322,322,2,6,1,1890,482,530,47.6,29,38.0,93,5,2,427,427,158,851,249,369,5,3,0,2010,530,482,52.4,2022-2023
Athletic Club,26,38.0,81,5,1,512,421,96,918,310,369,3,3,3,2194,532,487,52.2,26,38.0,97,3,1,449,479,77,579,384,416,3,7,1,2087,487,532,47.8,2022-2023
Atlético Madrid,27,38.0,92,8,3,440,418,79,625,304,408,0,5,0,1977,445,399,52.7,27,38.0,93,6,2,449,419,57,743,368,317,3,1,2,2011,399,445,47.3,2022-2023
Barcelona,29,38.0,84,6,3,433,452,98,744,253,324,0,3,3,1995,467,359,56.5,29,38.0,93,8,2,471,412,120,483,369,385,3,2,1,1831,359,467,43.5,2022-2023
Betis,30,38.0,83,15,3,414,535,74,514,364,421,4,3,1,1918,453,502,47.4,30,38.0,99,8,1,568,389,104,756,324,417,2,9,3,1977,502,453,52.6,2022-2023
Cádiz,38,38.0,116,7,4,532,482,75,633,270,410,2,10,0,1953,606,651,48.2,38,38.0,100,11,5,508,503,69,852,242,374,6,5,1,1954,651,606,51.8,2022-2023
Celta Vigo,26,38.0,85,6,3,469,493,81,705,368,413,2,8,1,2031,458,539,45.9,26,38.0,112,9,3,520,446,64,633,394,356,6,3,2,2018,539,458,54.1,2022-2023
Elche,32,38.0,99,12,3,525,394,81,750,323,363,4,10,2,1924,484,465,51.0,32,38.0,83,8,4,417,499,100,753,288,402,7,5,0,1979,465,484,49.0,2022-2023
Espanyol,33,38.0,99,10,4,457,493,62,713,338,379,3,6,2,1791,647,596,52.1,33,38.0,111,8,5,515,443,82,730,238,326,4,5,1,1886,596,647,47.9,2022-2023
Getafe,25,38.0,126,9,6,600,437,79,649,320,339,3,8,2,1871,714,697,50.6,25,38.0,91,7,4,463,559,95,771,300,290,2,8,0,2137,697,714,49.4,2022-2023
Girona,29,38.0,92,3,2,440,507,87,713,266,321,7,8,0,1836,428,435,49.6,29,38.0,91,5,1,537,423,64,753,304,415,6,9,3,1905,435,428,50.4,2022-2023
Mallorca,31,38.0,120,5,0,611,457,77,635,318,344,4,7,0,1833,674,629,51.7,31,38.0,94,4,1,482,591,40,822,231,296,4,5,1,1900,629,674,48.3,2022-2023
Osasuna,26,38.0,93,7,1,544,410,60,794,315,328,5,4,2,1930,613,628,49.4,26,38.0,81,9,5,430,513,109,696,311,332,4,5,1,1892,628,613,50.6,2022-2023
Rayo Vallecano,28,38.0,90,6,2,544,490,98,832,309,393,2,5,4,2085,437,527,45.3,28,38.0,93,7,4,525,514,85,654,345,391,2,8,4,2125,527,437,54.7,2022-2023
Real Madrid,26,38.0,72,3,2,367,530,89,574,296,353,8,5,1,1843,339,231,59.5,26,38.0,97,7,1,549,348,56,541,331,407,0,12,2,1730,231,339,40.5,2022-2023
Real Sociedad,30,38.0,90,2,0,621,452,91,538,271,395,4,2,2,2018,664,557,54.4,30,38.0,98,10,5,470,591,91,570,325,403,2,4,4,1911,557,664,45.6,2022-2023
Sevilla,35,38.0,121,13,4,474,460,106,827,339,367,4,3,3,1973,497,475,51.1,35,38.0,95,8,1,477,452,75,673,271,353,2,5,0,1822,475,497,48.9,2022-2023
Valencia,28,38.0,93,8,3,504,510,80,924,288,428,6,5,2,2015,492,561,46.7,28,38.0,127,10,2,527,476,74,594,294,382,3,8,2,1925,561,492,53.3,2022-2023
Valladolid,36,38.0,94,6,2,460,516,98,683,345,396,4,10,1,1966,471,617,43.3,36,38.0,66,2,0,555,427,53,734,264,389,5,4,1,1939,617,471,56.7,2022-2023
Villarreal,32,38.0,91,4,2,450,482,87,520,262,370,5,4,1,1819,357,375,48.8,32,38.0,105,5,1,501,429,108,708,349,423,3,7,2,1823,375,357,51.2,2022-2023
Alavés,33,38.0,93,4,3,529,455,72,758,376,324,6,9,0,1910,869,674,56.3,33,38.0,79,4,1,484,497,89,789,311,273,3,7,2,2061,674,869,43.7,2021-2022
Athletic Club,26,38.0,90,4,3,487,483,89,798,339,292,5,3,1,2098,585,572,50.6,26,38.0,105,9,4,513,455,67,754,387,353,2,7,3,2036,572,585,49.4,2021-2022
Atlético Madrid,26,38.0,111,7,3,473,503,85,703,365,346,4,8,3,2002,559,539,50.9,26,38.0,102,4,1,520,444,36,601,404,309,3,5,2,1930,539,559,49.1,2021-2022
Barcelona,38,38.0,97,5,3,499,489,99,798,325,331,6,3,0,2066,454,410,52.5,38,38.0,93,5,1,511,465,78,500,392,352,2,7,0,1885,410,454,47.5,2021-2022
Betis,31,38.0,87,6,1,485,470,71,547,361,392,4,3,2,1908,505,511,49.7,31,38.0,74,3,1,495,455,129,764,375,370,3,6,2,1869,511,505,50.3,2021-2022
Cádiz,33,38.0,105,3,3,488,449,69,865,413,380,5,13,0,2077,601,693,46.4,33,38.0,98,6,3,472,462,63,750,323,312,10,6,0,2038,693,601,53.6,2021-2022
Celta Vigo,25,38.0,87,3,1,507,463,83,768,376,409,3,8,2,2144,603,696,46.4,25,38.0,103,5,0,488,481,35,609,454,324,6,6,0,2175,696,603,53.6,2021-2022
Elche,28,38.0,104,6,1,518,471,74,720,305,325,1,10,0,1982,527,515,50.6,28,38.0,80,2,0,504,495,104,767,359,346,8,1,1,2077,515,527,49.4,2021-2022
Espanyol,34,38.0,99,7,3,440,516,70,627,326,338,3,5,2,1736,447,574,43.8,34,38.0,120,7,4,540,418,86,888,287,350,2,5,1,1899,574,447,56.2,2021-2022
Getafe,31,38.0,121,8,1,559,481,53,621,401,360,1,4,1,1924,721,717,50.1,31,38.0,110,4,2,510,530,109,752,357,279,3,5,2,2111,717,721,49.9,2021-2022
Granada,32,38.0,105,4,1,477,466,62,691,326,343,2,9,2,1867,602,743,44.8,32,38.0,101,9,6,498,453,69,824,307,280,7,5,1,2067,743,602,55.2,2021-2022
Levante,31,38.0,109,6,2,550,403,77,624,377,305,6,6,0,2054,441,492,47.3,31,38.0,104,5,3,434,526,78,697,327,384,6,13,0,2051,492,441,52.7,2021-2022
Mallorca,33,38.0,114,7,4,554,535,67,597,344,332,6,8,4,2007,651,703,48.1,33,38.0,114,6,4,561,520,57,738,306,351,4,7,3,2011,703,651,51.9,2021-2022
Osasuna,29,38.0,84,2,1,498,391,66,864,368,331,3,7,2,2118,808,743,52.1,29,38.0,73,1,0,414,475,82,719,353,326,5,8,0,2104,743,808,47.9,2021-2022
Rayo Vallecano,28,38.0,101,3,1,537,511,83,862,365,359,4,9,1,2110,652,655,49.9,28,38.0,110,3,0,540,508,54,659,343,391,6,4,1,2151,655,652,50.1,2021-2022
Real Madrid,31,38.0,76,0,0,394,474,106,611,334,345,10,5,0,1941,397,319,55.4,31,38.0,82,3,1,501,370,30,670,342,346,5,12,0,1742,319,397,44.6,2021-2022
Real Sociedad,32,38.0,77,4,1,491,465,76,638,348,339,8,6,0,2012,678,597,53.2,32,38.0,95,2,2,493,465,86,662,339,415,5,11,0,1954,597,678,46.8,2021-2022
Sevilla,33,38.0,97,4,2,462,462,80,787,270,302,3,4,0,2064,595,561,51.5,33,38.0,98,4,2,497,441,53,647,348,353,1,3,2,1879,561,595,48.5,2021-2022
Valencia,34,38.0,134,8,6,641,586,52,765,339,364,8,8,3,2079,564,599,48.5,34,38.0,133,7,4,603,616,97,679,286,335,5,9,3,2076,599,564,51.5,2021-2022
Villarreal,29,38.0,81,1,1,472,459,91,574,329,312,3,5,1,1946,491,437,52.9,29,38.0,98,3,2,483,456,123,749,387,380,5,6,1,1929,437,491,47.1,2021-2022
Alavés,30,38.0,96,8,5,513,487,73,645,428,292,5,3,0,1737,831,602,58.0,30,38.0,80,3,1,514,477,107,731,342,278,3,8,1,1922,602,831,42.0,2020-2021
Athletic Club,27,38.0,82,3,1,483,477,77,811,344,269,5,6,1,1836,656,601,52.2,27,38.0,80,5,4,503,452,83,753,484,303,5,5,3,1861,601,656,47.8,2020-2021
Atlético Madrid,25,38.0,100,0,0,489,443,96,597,386,367,6,4,3,1951,530,482,52.4,25,38.0,59,3,0,486,455,30,708,454,315,3,7,2,1939,482,530,47.6,2020-2021
Barcelona,25,38.0,72,2,2,357,523,90,494,361,293,6,5,2,1937,395,317,55.5,25,38.0,76,6,2,546,333,48,514,517,320,5,8,5,1846,317,395,44.5,2020-2021
Betis,25,38.0,93,8,4,521,483,65,586,452,314,9,10,3,1938,613,628,49.4,25,38.0,83,2,0,507,492,125,654,364,336,6,11,0,1936,628,613,50.6,2020-2021
Cádiz,34,38.0,81,3,2,436,483,56,731,437,317,3,10,1,1809,687,753,47.7,34,38.0,87,4,4,509,399,101,805,302,300,5,4,3,1929,753,687,52.3,2020-2021
Celta Vigo,30,38.0,109,5,3,631,492,65,521,405,368,7,8,1,1988,609,669,47.7,30,38.0,102,6,4,529,607,51,741,489,288,6,7,0,1988,669,609,52.3,2020-2021
Eibar,30,38.0,71,3,2,494,387,67,1052,434,309,4,5,0,2179,908,917,49.8,30,38.0,66,2,1,417,461,128,545,406,319,5,9,0,1962,917,908,50.2,2020-2021
Elche,30,38.0,99,3,2,527,456,51,672,386,335,1,10,1,1811,488,539,47.5,30,38.0,79,2,1,496,506,64,693,406,347,6,3,1,1977,539,488,52.5,2020-2021
Getafe,31,38.0,120,7,2,631,520,74,815,393,352,3,8,3,1943,840,946,47.0,31,38.0,106,6,5,549,589,87,566,390,313,6,5,1,1948,946,840,53.0,2020-2021
Granada,34,38.0,97,6,1,533,469,82,613,392,279,4,12,1,1800,675,851,44.2,34,38.0,104,6,3,493,501,53,764,359,313,10,5,0,1862,851,675,55.8,2020-2021
Huesca,27,38.0,69,2,1,528,518,101,824,437,322,2,5,2,1876,580,598,49.2,27,38.0,64,2,1,554,496,74,691,323,309,3,4,2,1870,598,580,50.8,2020-2021
Levante,29,38.0,68,1,0,509,397,69,697,432,283,5,4,2,2023,455,522,46.6,29,38.0,87,7,2,430,483,99,683,433,334,2,6,1,1964,522,455,53.4,2020-2021
Osasuna,28,38.0,80,5,3,535,407,67,700,392,281,3,8,2,2071,996,806,55.3,28,38.0,65,0,0,439,507,96,800,338,309,6,6,1,2115,806,996,44.7,2020-2021
Real Madrid,30,38.0,59,2,1,407,474,86,771,398,318,2,8,1,1901,444,381,53.8,30,38.0,87,3,1,493,384,39,637,380,295,4,3,3,1748,381,444,46.2,2020-2021
Real Sociedad,30,38.0,81,1,0,566,459,86,712,315,322,8,5,1,1941,663,669,49.8,30,38.0,91,6,2,495,532,89,533,379,311,4,12,1,1875,669,663,50.2,2020-2021
Sevilla,26,38.0,79,2,2,491,488,69,731,362,297,4,6,2,1944,615,534,53.5,26,38.0,109,1,0,510,458,34,680,407,306,4,7,1,1769,534,615,46.5,2020-2021
Valencia,30,38.0,82,5,3,459,525,90,613,392,277,6,8,2,1832,602,575,51.1,30,38.0,99,5,2,560,433,73,858,391,295,4,10,2,1941,575,602,48.9,2020-2021
Valladolid,32,38.0,93,4,0,510,510,75,744,431,321,8,7,0,1922,628,818,43.4,32,38.0,96,2,0,543,474,70,775,368,314,4,8,0,1948,818,628,56.6,2020-2021
Villarreal,29,38.0,67,5,1,449,465,88,579,371,313,7,9,2,1878,489,496,49.6,29,38.0,78,4,2,496,424,76,777,416,324,7,13,3,1917,496,489,50.4,2020-2021
Alavés,32,38.0,111,7,3,621,432,61,562,392,346,5,15,0,1766,905,712,56.0,32,38.0,87,3,2,472,573,92,695,329,347,7,6,0,1939,712,905,44.0,2019-2020
Athletic Club,26,38.0,90,2,0,522,436,84,754,373,324,4,7,2,1911,912,683,57.2,26,38.0,89,0,0,475,491,71,737,327,313,6,10,1,1861,683,912,42.8,2019-2020
Atlético Madrid,30,38.0,93,3,2,513,479,116,574,412,406,6,4,3,1950,827,723,53.4,30,38.0,113,4,1,506,474,34,728,384,355,3,8,1,1869,723,827,46.6,2019-2020
Barcelona,28,38.0,92,6,3,416,529,83,417,342,323,3,7,0,1874,455,364,55.6,28,38.0,89,4,2,563,387,68,560,525,361,4,6,2,1824,364,455,44.4,2019-2020
Betis,27,38.0,108,9,3,473,577,84,624,302,299,6,11,1,1709,579,558,50.9,27,38.0,111,5,3,610,430,125,708,364,374,8,8,0,1723,558,579,49.1,2019-2020
Celta Vigo,30,38.0,104,6,3,473,527,70,636,396,357,6,5,0,1905,650,659,49.7,30,38.0,119,5,2,571,444,66,783,384,348,3,9,0,1982,659,650,50.3,2019-2020
Eibar,26,38.0,92,3,2,538,411,73,870,430,338,5,6,1,2039,974,1091,47.2,26,38.0,70,2,2,451,475,121,630,342,331,4,10,1,1931,1091,974,52.8,2019-2020
Espanyol,31,38.0,107,9,6,581,469,65,710,360,364,1,7,2,1927,755,814,48.1,31,38.0,75,6,3,510,539,71,646,367,305,3,4,2,1924,814,755,51.9,2019-2020
Getafe,30,38.0,135,5,2,706,495,106,833,367,341,4,6,2,1947,914,1024,47.2,30,38.0,122,11,4,537,656,143,505,384,292,6,7,1,1948,1024,914,52.8,2019-2020
Granada,27,38.0,109,1,1,590,497,70,670,383,349,3,5,0,1764,748,849,46.8,27,38.0,116,7,3,544,562,75,724,333,302,5,5,2,1837,849,748,53.2,2019-2020
Leganés,29,38.0,127,4,2,591,500,75,771,418,357,4,7,1,1821,778,865,47.4,29,38.0,105,5,2,541,550,68,636,332,339,6,5,0,1846,865,778,52.6,2019-2020
Levante,29,38.0,79,5,4,468,460,81,697,331,288,5,7,2,1913,504,555,47.6,29,38.0,96,1,1,495,440,86,854,321,349,5,5,2,1969,555,504,52.4,2019-2020
Mallorca,32,38.0,93,5,4,509,526,58,682,376,338,8,16,1,1867,634,729,46.5,32,38.0,118,4,4,565,465,54,737,383,393,12,10,1,1962,729,634,53.5,2019-2020
Osasuna,31,38.0,110,6,3,551,410,80,755,417,361,2,5,0,2056,874,869,50.1,31,38.0,83,4,2,453,515,120,666,406,316,3,8,0,2071,869,874,49.9,2019-2020
Real Madrid,26,38.0,82,4,3,487,474,84,776,381,355,11,2,0,2047,521,411,55.9,26,38.0,87,1,0,509,456,64,621,374,352,2,11,1,1851,411,521,44.1,2019-2020
Real Sociedad,27,38.0,79,2,2,501,489,78,719,320,321,2,9,1,1892,815,710,53.4,27,38.0,101,7,5,528,458,95,590,409,359,5,5,2,1880,710,815,46.6,2019-2020
Sevilla,26,38.0,97,1,1,522,480,92,880,346,344,4,4,1,2069,746,695,51.8,26,38.0,100,5,2,516,486,66,606,430,380,2,7,1,1883,695,746,48.2,2019-2020
Valencia,28,38.0,80,8,3,416,543,100,677,360,311,6,9,1,1778,553,601,47.9,28,38.0,90,4,3,568,386,57,826,372,288,5,8,1,1914,601,553,52.1,2019-2020
Valladolid,30,38.0,84,0,0,484,530,81,645,390,327,6,8,0,1964,618,764,44.7,30,38.0,95,4,2,575,450,46,781,300,331,5,6,1,1958,764,618,55.3,2019-2020
Villarreal,25,38.0,78,1,0,483,422,71,619,339,323,10,9,2,1894,536,622,46.3,25,38.0,84,5,4,456,449,90,838,369,337,7,11,1,1921,622,536,53.7,2019-2020
Alavés,26,38.0,101,1,0,551,499,58,729,390,389,2,6,2,1972,864,890,49.3,26,38.0,93,2,0,525,528,91,800,364,330,3,3,0,2010,890,864,50.7,2018-2019
Athletic Club,27,38.0,120,4,2,580,492,74,728,453,384,6,5,0,2036,923,723,56.1,27,38.0,106,2,2,522,554,79,654,355,402,4,7,2,1965,723,923,43.9,2018-2019
Atlético Madrid,29,38.0,103,5,3,476,453,80,590,463,487,2,5,2,2080,675,586,53.5,29,38.0,95,3,2,477,448,21,692,436,383,3,4,2,2037,586,675,46.5,2018-2019
Barcelona,30,38.0,77,2,1,410,550,102,394,391,346,8,2,1,2017,449,365,55.2,30,38.0,102,5,3,572,379,68,578,545,435,1,9,2,1963,365,449,44.8,2018-2019
Betis,25,38.0,89,1,0,435,548,79,590,361,378,5,5,0,1804,463,467,49.8,25,38.0,123,7,4,585,418,101,594,424,392,4,7,1,1852,467,463,50.2,2018-2019
Celta Vigo,28,38.0,84,6,5,458,484,90,659,382,377,3,7,1,1904,663,611,52.0,28,38.0,89,2,1,515,436,78,745,361,379,7,7,1,1905,611,663,48.0,2018-2019
Eibar,25,38.0,82,2,1,521,390,92,1057,368,424,5,4,1,2272,996,1018,49.5,25,38.0,76,2,1,428,482,162,518,474,393,3,8,0,2105,1018,996,50.5,2018-2019
Espanyol,25,38.0,92,2,2,531,510,84,544,408,394,3,8,2,1935,591,582,50.4,25,38.0,111,6,5,540,504,78,822,420,382,6,4,5,1978,582,591,49.6,2018-2019
Getafe,26,38.0,111,7,4,642,501,102,638,453,358,4,7,2,2029,836,948,46.9,26,38.0,109,5,3,529,588,117,594,342,389,4,6,1,2076,948,836,53.1,2018-2019
Girona,26,38.0,83,4,2,537,527,60,743,432,367,3,8,2,1974,749,756,49.8,26,38.0,116,7,3,551,509,74,747,407,366,7,6,0,2036,756,749,50.2,2018-2019
Huesca,30,38.0,114,3,1,579,442,94,771,440,452,5,9,3,2029,740,762,49.3,30,38.0,86,4,3,466,553,109,692,374,399,8,7,0,2043,762,740,50.7,2018-2019
Leganés,29,38.0,106,4,2,542,398,75,744,432,382,3,4,1,1942,914,721,55.9,29,38.0,90,3,1,428,515,58,737,351,342,3,5,1,1896,721,914,44.1,2018-2019
Levante,26,38.0,112,7,5,501,487,85,674,422,372,6,9,2,1969,469,571,45.1,26,38.0,92,7,3,511,474,72,747,397,480,7,7,3,2046,571,469,54.9,2018-2019
Rayo Vallecano,29,38.0,106,8,5,567,455,71,783,433,422,5,11,1,1996,535,587,47.7,29,38.0,73,3,1,481,536,140,722,371,491,9,5,1,2047,587,535,52.3,2018-2019
Real Madrid,27,38.0,83,6,4,446,545,112,762,373,395,8,8,0,1957,479,434,52.5,27,38.0,93,3,3,568,417,91,533,449,397,5,9,2,1929,434,479,47.5,2018-2019
Real Sociedad,30,38.0,82,4,2,492,544,92,627,425,344,7,3,2,2021,699,651,51.8,30,38.0,107,3,2,570,463,73,743,390,478,3,10,1,2060,651,699,48.2,2018-2019
Sevilla,27,38.0,118,6,4,536,462,111,812,365,408,5,7,0,2050,651,724,47.3,27,38.0,99,3,2,494,513,93,662,444,396,4,6,2,1912,724,651,52.7,2018-2019
Valencia,25,38.0,90,3,2,463,514,75,715,418,384,6,8,2,2016,596,621,49.0,25,38.0,113,4,4,540,432,70,781,448,377,4,7,1,2026,621,596,51.0,2018-2019
Valladolid,28,38.0,92,0,0,521,521,96,804,387,441,6,9,1,1967,595,854,41.1,28,38.0,106,5,5,561,490,65,801,395,347,6,7,1,2050,854,595,58.9,2018-2019
Villarreal,26,38.0,118,3,3,518,412,95,618,390,413,3,5,3,1914,613,629,49.4,26,38.0,84,2,0,443,495,87,820,439,359,4,6,2,1948,629,613,50.6,2018-2019
Alavés,30,38.0,109,4,4,603,522,108,558,498,464,3,10,2,1975,608,602,50.2,30,38.0,84,4,2,545,566,59,805,422,462,7,3,0,2052,602,608,49.8,2017-2018
Athletic Club,26,38.0,93,0,0,528,487,104,816,465,486,7,6,3,2174,715,609,54.0,26,38.0,106,8,6,513,509,96,644,422,449,6,8,2,2135,609,715,46.0,2017-2018
Atlético Madrid,26,38.0,96,5,3,538,481,107,524,513,614,4,4,1,2214,554,539,50.7,26,38.0,98,0,0,507,517,24,694,488,494,4,5,1,2187,539,554,49.3,2017-2018
Barcelona,25,38.0,67,2,0,383,520,134,409,424,413,4,2,0,2095,343,286,54.5,25,38.0,99,4,1,547,369,99,534,618,517,1,5,3,2055,286,343,45.5,2017-2018
Betis,29,38.0,91,3,1,465,486,62,534,427,424,1,4,4,1953,447,453,49.7,29,38.0,96,4,2,516,448,131,754,448,405,3,3,4,2061,453,447,50.3,2017-2018
Celta Vigo,23,38.0,85,1,0,430,540,92,583,497,420,2,5,1,2148,545,524,51.0,23,38.0,97,1,0,572,399,73,669,495,426,4,3,2,2086,524,545,49.0,2017-2018
Eibar,27,38.0,86,3,2,492,435,84,1055,554,436,3,4,3,2287,752,718,51.2,27,38.0,78,6,4,470,456,156,473,510,435,3,3,1,2066,718,752,48.8,2017-2018
Espanyol,25,38.0,88,1,1,521,530,76,720,515,500,3,6,2,2009,597,633,48.5,25,38.0,113,3,2,555,495,80,715,433,443,4,3,3,2100,633,597,51.5,2017-2018
Getafe,32,38.0,134,5,4,673,495,108,585,487,491,11,4,0,2022,541,730,42.6,32,38.0,107,3,1,517,645,109,694,515,480,4,12,1,2160,730,541,57.4,2017-2018
Girona,25,38.0,102,0,0,615,497,80,828,490,403,6,5,3,1981,643,597,51.9,25,38.0,112,3,1,520,589,129,614,396,439,5,8,0,1948,597,643,48.1,2017-2018
La Coruña,32,38.0,100,2,1,507,436,94,747,484,500,5,5,3,2074,558,584,48.9,32,38.0,75,2,2,461,494,83,756,491,431,5,5,0,2085,584,558,51.1,2017-2018
Las Palmas,36,38.0,89,3,1,484,665,81,581,508,433,5,5,1,1998,474,540,46.7,36,38.0,103,7,5,694,460,114,666,506,514,5,8,0,2163,540,474,53.3,2017-2018
Leganés,28,38.0,105,5,3,592,503,97,690,583,483,2,7,0,2140,653,627,51.0,28,38.0,82,4,4,526,568,90,638,432,474,5,3,2,2229,627,653,49.0,2017-2018
Levante,33,38.0,111,6,3,554,446,70,726,477,414,5,6,3,1967,468,559,45.6,33,38.0,93,6,4,466,527,113,741,454,522,6,5,1,2030,559,468,54.4,2017-2018
Málaga,37,38.0,101,8,5,613,442,89,742,497,509,3,7,0,2086,602,739,44.9,37,38.0,76,0,0,472,583,137,695,452,509,7,6,1,2107,739,602,55.1,2017-2018
Real Madrid,24,38.0,67,4,2,436,517,115,904,424,470,9,4,2,2087,406,369,52.4,24,38.0,97,3,1,531,421,76,531,486,418,3,10,3,1891,369,406,47.6,2017-2018
Real Sociedad,27,38.0,64,5,4,419,538,91,782,446,374,5,8,1,2038,498,467,51.6,27,38.0,94,1,1,556,391,89,596,489,510,5,5,2,1910,467,498,48.4,2017-2018
Sevilla,31,38.0,99,3,2,562,493,137,657,409,535,3,8,1,2129,582,504,53.6,31,38.0,80,3,3,527,537,74,684,467,471,6,5,1,2076,504,582,46.4,2017-2018
Valencia,25,38.0,107,5,4,518,548,83,605,459,492,7,5,0,2023,534,460,53.7,25,38.0,97,5,3,561,494,82,787,542,488,3,8,2,2033,460,534,46.3,2017-2018
Villarreal,32,38.0,117,6,4,598,458,111,517,427,466,5,8,0,2021,553,533,50.9,32,38.0,83,4,2,475,571,109,873,518,440,7,5,1,2047,533,553,49.1,2017-2018
