Squad,Unnamed: 1_level_0 # Pl_for,Unnamed: 2_level_0 90s_for,Goals GA_for,Goals PKA_for,Goals FK_for,Goals CK_for,Goals OG_for,Expected PSxG_for,Expected PSxG/SoT_for,Expected PSxG+/-_for,Expected /90_for,Launched Cmp_for,Launched Att_for,Launched Cmp%_for,Passes Att (GK)_for,Passes Thr_for,Passes Launch%_for,Passes AvgLen_for,Goal Kicks Att_for,Goal Kicks Launch%_for,Goal Kicks AvgLen_for,Crosses Opp_for,Crosses Stp_for,Crosses Stp%_for,Sweeper #OPA_for,Sweeper #OPA/90_for,Sweeper AvgDist_for,Unnamed: 1_level_0 # Pl_against,Unnamed: 2_level_0 90s_against,Goals GA_against,Goals PKA_against,Goals FK_against,Goals CK_against,Goals OG_against,Expected PSxG_against,Expected PSxG/SoT_against,Expected PSxG+/-_against,Expected /90_against,Launched Cmp_against,Launched Att_against,Launched Cmp%_against,Passes Att (GK)_against,Passes Thr_against,Passes Launch%_against,Passes AvgLen_against,Goal Kicks Att_against,Goal Kicks Launch%_against,Goal Kicks AvgLen_against,Crosses Opp_against,Crosses Stp_against,Crosses Stp%_against,Sweeper #OPA_against,Sweeper #OPA/90_against,Sweeper AvgDist_against,Season
Alavés,3,38.0,48,11,2,4,2,46.0,0.29,0.0,0.0,361,877,41.2,869,82,71.5,47.7,307,83.4,58.6,552,36,6.5,31,0.82,12.7,3,38.0,38,9,0,4,0,43.8,0.27,5.8,0.15,207,550,37.6,1023,198,39.2,35.7,302,49.3,41.0,621,48,7.7,51,1.34,14.8,2024-2025
Athletic Club,3,38.0,29,3,2,4,1,31.5,0.25,3.5,0.09,190,540,35.2,948,157,39.9,34.4,229,70.7,52.7,449,41,9.1,48,1.26,15.5,3,38.0,54,3,0,10,1,51.7,0.31,-1.3,-0.03,228,598,38.1,1195,188,35.6,33.8,337,51.3,41.8,598,36,6.0,32,0.84,12.8,2024-2025
Atlético Madrid,2,38.0,30,5,1,3,2,25.7,0.19,-2.3,-0.06,110,286,38.5,683,194,24.3,30.2,323,37.2,34.9,511,30,5.9,28,0.74,14.0,2,38.0,68,6,2,4,0,69.2,0.36,1.2,0.03,193,531,36.3,1011,164,40.1,36.3,285,44.2,38.9,505,38,7.5,52,1.37,14.6,2024-2025
Barcelona,3,38.0,39,4,0,3,0,35.1,0.3,-3.9,-0.1,62,172,36.0,1139,181,11.9,25.1,194,19.1,27.7,356,15,4.2,158,4.16,20.2,3,38.0,102,7,1,9,3,89.8,0.35,-9.2,-0.24,242,703,34.4,906,171,53.4,42.4,360,60.8,44.9,564,29,5.1,37,0.97,11.4,2024-2025
Betis,3,38.0,50,4,2,8,1,49.1,0.33,0.1,0.0,115,376,30.6,1027,177,28.6,31.2,230,35.7,34.3,516,30,5.8,51,1.34,11.7,3,38.0,57,7,1,8,2,56.7,0.27,1.7,0.05,186,571,32.6,986,155,42.1,36.8,303,51.5,41.9,474,37,7.8,52,1.37,14.1,2024-2025
Celta Vigo,2,38.0,57,3,0,9,2,48.9,0.32,-6.1,-0.16,69,242,28.5,805,210,18.4,27.3,282,33.3,32.9,501,27,5.4,49,1.29,14.0,2,38.0,59,8,1,3,1,61.0,0.31,3.0,0.08,223,616,36.2,1135,137,41.8,37.0,248,57.3,44.4,377,23,6.1,81,2.13,18.9,2024-2025
Espanyol,1,38.0,51,4,2,6,1,57.7,0.28,7.7,0.2,194,526,36.9,930,197,41.9,34.8,326,41.7,34.9,670,64,9.6,35,0.92,12.0,1,38.0,40,5,1,6,2,33.4,0.3,-4.6,-0.12,151,389,38.8,930,166,30.0,32.0,247,44.5,38.7,480,32,6.7,64,1.68,16.3,2024-2025
Getafe,1,38.0,39,8,0,5,0,42.0,0.29,3.0,0.08,300,799,37.5,711,68,73.4,48.8,312,88.8,60.1,479,25,5.2,39,1.03,14.7,1,38.0,34,5,1,4,0,37.1,0.27,3.1,0.08,182,587,31.0,1081,175,39.6,36.9,323,49.2,41.3,567,48,8.5,39,1.03,13.2,2024-2025
Girona,3,38.0,60,3,1,7,1,53.0,0.3,-6.0,-0.16,107,328,32.6,1049,152,23.6,29.4,251,31.9,33.2,463,40,8.6,35,0.92,12.6,3,38.0,44,4,0,7,1,43.8,0.29,0.8,0.02,146,465,31.4,871,117,38.5,36.4,268,48.5,40.3,602,29,4.8,31,0.82,12.8,2024-2025
Las Palmas,2,38.0,61,5,0,4,3,63.7,0.31,5.7,0.15,193,584,33.0,1203,195,39.5,32.5,318,34.3,33.3,561,22,3.9,36,0.95,15.6,2,38.0,40,3,3,4,2,37.3,0.25,-0.7,-0.02,155,451,34.4,907,142,33.6,33.9,268,54.5,43.6,500,29,5.8,41,1.08,14.6,2024-2025
Leganés,2,38.0,56,7,1,10,3,59.1,0.31,6.1,0.16,237,885,26.8,868,132,64.4,47.2,363,89.8,64.7,709,56,7.9,53,1.39,14.5,2,38.0,39,5,1,3,1,38.5,0.28,0.5,0.01,148,402,36.8,895,189,31.8,32.8,255,45.9,39.9,382,26,6.8,55,1.45,16.4,2024-2025
Mallorca,2,38.0,44,3,0,4,1,47.4,0.28,4.4,0.11,239,614,38.9,925,144,49.0,36.4,355,45.4,38.1,638,23,3.6,27,0.71,12.9,2,38.0,35,4,0,5,1,37.4,0.3,3.4,0.09,131,416,31.5,801,162,33.6,35.3,280,52.5,41.8,580,39,6.7,44,1.16,14.5,2024-2025
Osasuna,2,38.0,52,7,1,4,1,57.4,0.28,6.4,0.17,296,649,45.6,978,143,44.9,37.6,309,68.0,48.3,538,33,6.1,86,2.26,19.7,2,38.0,48,9,2,6,2,41.2,0.27,-4.8,-0.13,128,413,31.0,885,167,31.4,33.0,285,47.4,40.5,615,26,4.2,34,0.89,14.2,2024-2025
Rayo Vallecano,2,38.0,45,6,0,6,1,45.7,0.26,1.7,0.04,203,640,31.7,1032,150,47.2,38.2,319,48.0,40.6,532,37,7.0,39,1.03,14.4,2,38.0,41,0,1,6,3,37.3,0.23,-0.7,-0.02,176,543,32.4,960,173,39.8,37.4,340,47.4,40.4,595,31,5.2,41,1.08,13.4,2024-2025
Real Madrid,3,38.0,38,3,0,7,1,35.9,0.28,-1.1,-0.03,84,258,32.6,960,205,19.9,28.2,279,24.0,29.3,416,19,4.6,27,0.71,10.7,3,38.0,78,10,2,8,0,67.5,0.24,-10.5,-0.28,174,521,33.4,810,149,44.1,39.5,315,52.1,42.1,437,25,5.7,52,1.37,15.3,2024-2025
Real Sociedad,2,38.0,46,5,0,5,0,41.5,0.26,-4.5,-0.12,187,493,37.9,1072,122,31.8,32.6,271,56.1,44.8,467,30,6.4,43,1.13,14.4,2,38.0,35,4,1,3,1,33.0,0.24,-1.0,-0.03,209,636,32.9,965,118,48.5,39.8,302,55.6,44.6,552,30,5.4,38,1.0,15.0,2024-2025
Sevilla,2,38.0,55,5,3,4,1,48.1,0.29,-5.9,-0.15,155,587,26.4,1061,146,43.4,34.3,264,47.7,39.4,513,27,5.3,43,1.13,16.5,2,38.0,42,2,0,4,3,42.7,0.27,3.7,0.1,148,478,31.0,927,147,34.1,33.9,315,51.4,42.7,488,29,5.9,57,1.5,15.9,2024-2025
Valencia,2,38.0,54,6,0,4,3,50.5,0.3,-0.5,-0.01,156,521,29.9,925,159,39.4,40.5,286,54.9,43.2,523,36,6.9,54,1.42,25.7,2,38.0,44,5,0,6,1,43.2,0.34,0.2,0.01,194,495,39.2,967,149,37.5,36.1,280,47.1,39.9,579,46,7.9,50,1.32,13.6,2024-2025
Valladolid,3,38.0,90,7,2,5,1,74.5,0.35,-14.5,-0.38,202,550,36.7,1042,167,35.6,33.8,360,49.7,41.0,580,39,6.7,38,1.0,10.4,3,38.0,26,5,2,2,0,27.9,0.24,1.9,0.05,143,404,35.4,838,166,33.2,34.0,229,55.0,45.1,531,31,5.8,52,1.37,15.9,2024-2025
Villarreal,2,38.0,51,7,2,6,1,44.4,0.25,-5.6,-0.15,122,339,36.0,834,207,29.4,28.2,296,31.8,30.8,579,34,5.9,36,0.95,11.9,2,38.0,71,5,0,6,2,64.5,0.34,-4.5,-0.12,218,497,43.9,968,155,35.2,35.1,332,47.0,39.7,506,32,6.3,53,1.4,15.0,2024-2025
Alavés,2,38.0,46,8,0,4,2,44.8,0.25,0.8,0.02,315,778,40.5,886,125,62.2,41.7,335,67.8,48.4,530,29,5.5,37,0.97,15.2,2,38.0,36,3,0,5,3,43.1,0.26,10.1,0.27,193,497,38.8,1023,203,32.7,33.2,338,47.9,40.8,584,38,6.5,29,0.76,12.4,2023-2024
Almería,3,38.0,75,6,0,8,0,70.3,0.32,-4.7,-0.12,181,615,29.4,1115,180,39.5,24.1,330,53.0,41.7,629,29,4.6,47,1.24,22.7,3,38.0,43,2,0,1,1,46.2,0.28,4.2,0.11,204,568,35.9,992,158,39.7,35.2,302,57.6,44.6,503,35,7.0,43,1.13,15.0,2023-2024
Athletic Club,2,38.0,37,1,0,2,4,40.4,0.28,7.4,0.2,238,728,32.7,1050,164,48.0,32.4,272,82.4,59.3,491,33,6.7,49,1.29,15.3,2,38.0,61,3,0,6,2,59.7,0.34,0.7,0.02,216,576,37.5,1189,170,34.4,33.3,306,54.6,43.4,651,32,4.9,45,1.18,15.0,2023-2024
Atlético Madrid,1,38.0,43,1,0,3,0,39.8,0.28,-3.2,-0.08,114,336,33.9,725,180,27.2,31.5,298,46.6,39.0,579,36,6.2,22,0.58,11.8,1,38.0,70,5,0,4,2,65.7,0.3,-2.3,-0.06,194,535,36.3,1020,160,38.5,36.1,297,47.8,40.8,476,34,7.1,42,1.11,14.0,2023-2024
Barcelona,2,38.0,44,2,0,1,0,41.6,0.28,-2.4,-0.06,113,216,52.3,1076,161,14.7,26.3,255,22.7,27.9,450,15,3.3,36,0.95,15.6,2,38.0,79,6,2,9,3,73.1,0.3,-2.9,-0.08,251,737,34.1,960,152,53.2,41.0,328,68.9,50.2,515,36,7.0,45,1.19,14.2,2023-2024
Betis,3,38.0,45,7,3,3,3,47.5,0.26,5.5,0.15,180,510,35.3,1022,167,35.2,30.6,279,53.8,42.6,541,38,7.0,42,1.11,12.6,3,38.0,48,2,1,5,2,40.5,0.25,-5.5,-0.15,199,532,37.4,1055,152,37.5,33.8,279,48.7,40.4,483,31,6.4,33,0.87,12.9,2023-2024
Cádiz,2,38.0,55,2,0,6,1,51.7,0.3,-2.3,-0.06,364,910,40.0,991,123,62.8,49.3,342,84.2,60.7,617,60,9.7,45,1.18,7.0,2,38.0,26,3,1,4,1,32.8,0.25,7.8,0.21,203,523,38.8,871,179,41.2,37.5,304,53.9,42.2,602,41,6.8,47,1.24,15.3,2023-2024
Celta Vigo,2,38.0,57,6,0,7,3,56.0,0.31,2.0,0.05,176,494,35.6,811,182,38.3,35.5,312,58.7,45.4,556,28,5.0,36,0.95,13.3,2,38.0,46,3,0,3,1,50.4,0.3,5.4,0.14,202,559,36.1,958,141,41.0,36.4,299,55.5,42.8,504,29,5.8,59,1.55,15.9,2023-2024
Getafe,2,38.0,54,5,0,7,0,55.2,0.29,1.2,0.03,341,915,37.3,977,124,66.6,39.2,322,82.0,56.2,463,18,3.9,62,1.63,10.7,2,38.0,42,6,0,6,0,48.1,0.27,6.1,0.16,193,611,31.6,1204,194,38.0,34.9,280,55.0,44.3,559,38,6.8,31,0.82,13.5,2023-2024
Girona,1,38.0,46,5,0,8,0,51.0,0.28,5.0,0.13,155,420,36.9,1074,178,27.1,30.0,312,41.3,37.9,534,41,7.7,33,0.87,13.2,1,38.0,85,7,0,7,1,73.2,0.37,-10.8,-0.28,234,555,42.2,921,146,41.8,37.2,299,56.9,44.6,525,32,6.1,45,1.18,15.2,2023-2024
Granada,4,38.0,79,5,0,12,2,70.2,0.33,-6.8,-0.18,231,626,36.9,1096,185,40.1,35.7,293,63.8,47.9,536,33,6.2,52,1.37,17.3,4,38.0,38,5,0,1,3,37.5,0.25,2.5,0.07,220,610,36.1,1057,154,41.9,36.9,271,61.6,46.6,508,34,6.7,42,1.11,14.4,2023-2024
Las Palmas,2,38.0,47,5,0,5,3,51.2,0.29,7.2,0.19,146,473,30.9,1733,204,23.3,27.3,265,26.4,27.1,545,30,5.5,100,2.63,17.8,2,38.0,33,3,1,4,0,37.2,0.26,4.2,0.11,231,627,36.8,1046,154,45.4,37.3,263,57.8,45.9,429,23,5.4,68,1.79,17.6,2023-2024
Mallorca,3,38.0,44,4,1,4,1,43.6,0.26,0.6,0.02,333,824,40.4,981,128,61.0,33.0,332,68.1,51.3,520,34,6.5,29,0.76,7.0,3,38.0,33,1,0,10,0,34.1,0.25,1.1,0.03,211,611,34.5,955,162,45.3,38.3,273,65.2,47.4,589,44,7.5,52,1.37,14.5,2023-2024
Osasuna,2,38.0,56,1,0,8,0,51.8,0.33,-4.2,-0.11,329,771,42.7,1071,119,55.2,42.5,308,58.4,43.4,537,30,5.6,58,1.53,24.8,2,38.0,45,4,0,7,0,42.5,0.3,-2.5,-0.07,175,538,32.5,1024,189,37.1,35.1,304,52.0,42.5,641,28,4.4,52,1.37,15.7,2023-2024
Rayo Vallecano,2,38.0,48,1,1,5,2,47.8,0.31,1.8,0.05,170,613,27.7,915,176,46.3,39.4,320,59.1,47.8,534,23,4.3,40,1.05,14.6,2,38.0,29,6,1,3,0,43.4,0.23,14.4,0.38,245,640,38.3,1122,148,40.6,35.8,332,55.4,45.1,526,29,5.5,45,1.18,15.4,2023-2024
Real Madrid,3,38.0,26,1,0,2,1,34.4,0.29,9.4,0.25,79,210,37.6,952,177,17.1,25.2,291,16.2,24.3,487,35,7.2,38,1.0,12.2,3,38.0,87,2,0,9,2,73.2,0.29,-11.8,-0.31,181,508,35.6,928,189,36.1,35.0,322,53.7,43.3,468,21,4.5,28,0.74,12.5,2023-2024
Real Sociedad,2,38.0,39,6,0,5,1,40.8,0.27,2.8,0.07,192,465,41.3,1099,116,31.8,37.0,199,58.3,45.6,410,19,4.6,58,1.53,20.1,2,38.0,51,4,2,7,3,49.5,0.32,1.5,0.04,269,777,34.6,1090,107,52.2,40.9,331,62.8,47.1,519,30,5.8,30,0.79,13.8,2023-2024
Sevilla,3,38.0,54,5,1,4,2,53.4,0.28,1.4,0.04,224,613,36.5,920,182,43.8,39.4,288,72.9,53.4,520,31,6.0,32,0.84,13.5,3,38.0,48,2,0,10,2,51.1,0.31,5.1,0.13,170,501,33.9,871,168,36.9,35.3,348,51.7,42.1,727,28,3.9,38,1.0,13.8,2023-2024
Valencia,3,38.0,45,3,1,7,2,51.4,0.29,8.4,0.22,191,696,27.4,883,148,58.2,29.1,275,66.2,49.9,561,46,8.2,32,0.84,8.3,3,38.0,40,8,0,1,1,42.4,0.27,3.4,0.09,236,535,44.1,1101,147,35.0,34.5,260,57.7,46.1,441,33,7.5,58,1.53,15.4,2023-2024
Villarreal,2,38.0,65,6,1,9,1,61.7,0.27,-2.3,-0.06,150,378,39.7,1015,190,26.8,30.2,354,29.9,29.8,688,35,5.1,36,0.95,5.3,2,38.0,65,5,0,8,1,61.0,0.33,-3.0,-0.08,195,551,35.4,1005,136,41.0,36.2,246,56.5,44.0,478,27,5.6,52,1.37,15.2,2023-2024
Almería,3,38.0,65,4,1,5,1,63.4,0.29,-0.6,-0.01,204,572,35.7,990,220,39.2,36.9,356,51.7,42.6,642,40,6.2,28,0.74,12.4,3,38.0,49,2,1,11,0,43.2,0.27,-5.8,-0.15,187,493,37.9,931,166,36.8,35.4,267,56.2,45.0,453,36,7.9,50,1.32,16.4,2022-2023
Athletic Club,2,38.0,43,3,1,1,3,37.2,0.29,-2.8,-0.07,171,452,37.8,925,187,30.9,30.5,264,62.9,48.3,451,29,6.4,50,1.32,15.4,2,38.0,47,5,1,2,1,52.0,0.28,6.0,0.16,271,721,37.6,1128,211,44.9,37.7,363,59.0,46.8,703,44,6.3,43,1.13,13.5,2022-2023
Atlético Madrid,3,38.0,33,4,1,5,0,36.3,0.26,3.3,0.09,166,525,31.6,812,165,39.8,34.1,334,60.5,46.3,575,48,8.3,26,0.68,9.2,3,38.0,70,1,0,8,2,62.5,0.32,-5.5,-0.14,199,468,42.5,1002,189,33.1,34.2,298,45.6,40.7,497,32,6.4,66,1.74,15.6,2022-2023
Barcelona,2,38.0,20,3,0,2,3,25.1,0.22,8.1,0.21,169,338,50.0,1216,190,22.3,25.2,223,30.0,32.5,375,18,4.8,43,1.13,16.5,2,38.0,70,0,0,4,1,63.6,0.34,-5.4,-0.14,287,724,39.6,923,149,52.2,41.2,387,62.5,47.0,561,26,4.6,50,1.32,15.5,2022-2023
Betis,2,38.0,41,3,1,7,1,44.0,0.29,4.0,0.1,229,635,36.1,956,149,44.0,39.6,315,67.9,49.1,582,22,3.8,43,1.13,12.1,2,38.0,46,8,1,5,3,48.6,0.27,5.6,0.15,186,449,41.4,944,160,33.3,33.5,271,49.8,42.6,400,17,4.3,37,0.97,16.7,2022-2023
Cádiz,2,38.0,53,9,1,7,0,53.4,0.22,0.4,0.01,270,829,32.6,916,150,59.1,46.4,322,89.4,64.2,651,44,6.8,30,0.79,13.6,2,38.0,30,4,0,1,1,32.7,0.26,3.7,0.1,219,518,42.3,948,194,36.7,34.5,323,52.6,42.6,519,39,7.5,55,1.45,15.3,2022-2023
Celta Vigo,2,38.0,53,5,1,10,1,42.9,0.27,-9.1,-0.24,184,506,36.4,934,171,37.5,35.3,289,54.0,43.9,509,22,4.3,39,1.03,18.1,2,38.0,43,2,0,3,2,42.7,0.25,1.7,0.04,208,523,39.8,950,142,37.8,36.3,279,58.8,45.2,559,29,5.2,26,0.68,12.5,2022-2023
Elche,2,38.0,67,7,0,6,2,71.9,0.31,6.9,0.18,195,442,44.1,819,175,33.8,34.9,318,51.9,40.9,600,22,3.7,21,0.55,14.0,2,38.0,30,4,0,7,0,33.4,0.23,3.4,0.09,202,487,41.5,898,133,34.7,34.0,284,61.6,46.4,581,26,4.5,29,0.76,13.1,2022-2023
Espanyol,4,38.0,69,5,1,9,2,54.5,0.27,-12.5,-0.33,305,659,46.3,865,122,49.7,36.2,347,66.0,48.0,557,27,4.8,46,1.21,13.8,4,38.0,52,5,0,9,1,50.2,0.29,-0.8,-0.02,199,501,39.7,937,195,35.9,35.2,310,53.2,42.2,542,38,7.0,33,0.87,13.4,2022-2023
Getafe,1,38.0,45,4,0,7,2,45.5,0.23,2.5,0.07,409,904,45.2,782,99,75.1,49.8,347,91.4,59.8,586,36,6.1,46,1.21,15.0,1,38.0,34,5,2,2,0,36.4,0.25,2.4,0.06,217,582,37.3,1110,169,39.1,36.2,250,59.2,46.4,512,32,6.3,51,1.34,16.6,2022-2023
Girona,2,38.0,55,6,2,5,0,62.0,0.33,7.0,0.18,169,464,36.4,1075,192,28.4,28.7,329,48.3,41.9,597,43,7.2,59,1.55,16.9,2,38.0,58,8,0,3,3,51.2,0.25,-3.8,-0.1,219,563,38.9,925,133,41.3,36.9,292,62.0,47.7,568,27,4.8,37,0.97,14.8,2022-2023
Mallorca,3,38.0,43,6,0,3,0,41.5,0.24,-1.5,-0.04,351,841,41.7,950,130,61.9,35.2,338,74.9,54.0,657,35,5.3,21,0.55,17.4,3,38.0,37,4,0,7,1,32.3,0.25,-3.7,-0.1,156,454,34.4,857,183,34.1,33.8,235,68.9,50.0,486,32,6.6,37,0.97,13.9,2022-2023
Osasuna,2,38.0,42,1,1,3,2,39.1,0.26,-0.9,-0.02,342,789,43.3,1084,145,53.4,41.1,315,66.7,50.8,534,30,5.6,57,1.5,16.3,2,38.0,37,4,0,4,1,36.6,0.24,0.6,0.02,197,564,34.9,1096,178,35.7,34.4,325,53.2,43.6,649,45,6.9,49,1.29,15.1,2022-2023
Rayo Vallecano,2,38.0,53,4,0,11,4,45.9,0.3,-3.1,-0.08,154,545,28.3,834,204,44.5,30.3,310,56.1,46.5,512,24,4.7,54,1.42,17.0,2,38.0,45,4,2,4,4,38.0,0.21,-3.0,-0.08,253,634,39.9,1048,159,41.1,37.5,329,61.7,47.8,622,26,4.2,51,1.34,17.6,2022-2023
Real Madrid,2,38.0,36,4,0,2,1,34.2,0.22,-0.8,-0.02,97,241,40.2,1108,230,17.7,27.7,253,17.8,25.0,420,33,7.9,51,1.34,15.4,2,38.0,75,9,3,9,2,67.6,0.27,-5.4,-0.14,237,594,39.9,864,152,42.8,38.1,351,63.8,48.2,448,27,6.0,21,0.55,12.2,2022-2023
Real Sociedad,1,38.0,35,1,1,3,2,32.8,0.24,-0.2,0.0,244,572,42.7,1062,138,40.9,35.9,244,56.6,46.2,453,18,4.0,47,1.24,15.9,1,38.0,51,2,1,4,4,53.4,0.29,6.4,0.17,221,736,30.0,1144,158,46.7,39.4,301,67.1,49.9,422,29,6.9,40,1.05,16.1,2022-2023
Sevilla,2,38.0,54,2,1,5,3,49.5,0.3,-1.5,-0.04,218,629,34.7,1143,136,38.0,30.9,307,63.5,49.3,524,32,6.1,49,1.29,17.4,2,38.0,47,4,0,7,0,43.2,0.28,-3.8,-0.1,202,590,34.2,991,176,40.7,36.3,327,57.2,44.2,649,28,4.3,39,1.03,13.8,2022-2023
Valencia,1,38.0,45,2,0,7,2,42.9,0.28,-0.1,0.0,177,522,33.9,806,142,42.7,35.1,276,64.5,48.1,457,35,7.7,47,1.24,16.3,1,38.0,42,5,1,3,2,46.9,0.28,6.9,0.18,217,594,36.5,951,159,44.0,37.7,323,54.5,44.8,701,42,6.0,35,0.92,12.8,2022-2023
Valladolid,3,38.0,63,6,1,0,1,62.6,0.28,0.6,0.02,192,553,34.7,963,170,38.3,25.7,358,51.4,41.9,563,20,3.6,33,0.87,33.0,3,38.0,33,3,0,4,1,34.2,0.22,2.2,0.06,250,605,41.3,902,152,43.6,37.8,323,65.6,49.9,527,18,3.4,45,1.18,17.1,2022-2023
Villarreal,3,38.0,40,4,0,4,1,43.7,0.27,4.7,0.12,114,330,34.5,1159,191,21.7,22.8,293,26.6,29.1,548,37,6.8,45,1.18,13.3,3,38.0,59,4,1,5,2,60.0,0.29,3.0,0.08,233,548,42.5,850,148,42.9,37.8,300,61.0,47.4,394,22,5.6,41,1.08,14.9,2022-2023
Alavés,3,38.0,65,6,0,10,0,58.5,0.3,-6.5,-0.17,369,783,47.1,808,96,64.6,53.3,351,74.4,50.9,619,26,4.2,48,1.26,17.6,3,38.0,31,6,0,6,2,32.0,0.22,3.0,0.08,221,604,36.6,1038,176,43.4,36.9,277,55.2,42.2,585,31,5.3,48,1.26,16.2,2021-2022
Athletic Club,2,38.0,36,3,0,2,1,36.9,0.26,1.9,0.05,158,402,39.3,748,201,35.4,33.8,269,50.9,41.7,577,30,5.2,41,1.08,15.2,2,38.0,43,3,1,7,3,47.5,0.26,7.5,0.2,320,765,41.8,1144,172,48.8,39.8,322,64.3,48.4,622,26,4.2,56,1.47,15.9,2021-2022
Atlético Madrid,1,38.0,43,7,2,4,3,32.3,0.23,-7.7,-0.2,170,598,28.4,810,155,49.9,39.0,283,68.6,48.6,477,27,5.7,29,0.76,13.8,1,38.0,65,4,0,7,2,59.5,0.36,-3.5,-0.09,213,542,39.3,927,139,39.7,36.1,341,51.0,42.6,552,25,4.5,28,0.74,14.1,2021-2022
Barcelona,2,38.0,38,2,1,7,0,34.1,0.26,-3.9,-0.1,147,289,50.9,1167,165,18.8,26.9,240,29.2,32.3,384,15,3.9,38,1.0,15.3,2,38.0,68,6,0,5,0,61.0,0.3,-7.0,-0.18,291,728,40.0,975,131,51.7,39.8,362,61.9,45.1,626,25,4.0,37,0.97,14.2,2021-2022
Betis,2,38.0,40,3,0,3,2,39.1,0.27,1.1,0.03,201,547,36.7,962,157,41.4,33.1,275,54.2,43.9,592,24,4.1,41,1.08,15.7,2,38.0,62,6,2,5,2,53.1,0.26,-6.9,-0.18,226,537,42.1,902,158,42.5,36.5,284,54.2,43.2,424,14,3.3,43,1.13,15.8,2021-2022
Cádiz,1,38.0,51,11,0,10,0,52.8,0.24,1.8,0.05,272,792,34.3,840,119,63.3,46.0,313,83.1,60.2,586,42,7.2,28,0.74,12.1,1,38.0,35,3,1,2,0,40.2,0.29,5.2,0.14,235,501,46.9,893,184,36.7,33.8,308,56.2,44.9,687,47,6.8,61,1.61,15.0,2021-2022
Celta Vigo,1,38.0,43,4,0,1,2,43.3,0.27,2.3,0.06,303,804,37.7,1176,131,51.3,40.3,283,71.0,52.4,452,36,8.0,37,0.97,14.3,1,38.0,43,3,0,2,0,44.4,0.28,1.4,0.04,255,623,40.9,914,146,46.9,39.1,282,68.8,48.2,608,23,3.8,43,1.13,14.8,2021-2022
Elche,2,38.0,52,7,0,6,0,54.5,0.27,2.5,0.07,257,626,41.1,966,183,42.1,36.4,346,63.3,45.9,616,25,4.1,56,1.47,15.2,2,38.0,40,1,0,3,1,33.0,0.3,-6.0,-0.16,186,445,41.8,794,136,40.2,35.9,244,51.6,42.5,529,25,4.7,58,1.53,17.3,2021-2022
Espanyol,3,38.0,53,4,0,4,2,53.6,0.3,2.6,0.07,171,466,36.7,897,221,35.1,33.8,337,44.8,36.9,662,38,5.7,48,1.26,13.7,3,38.0,40,5,1,7,1,37.3,0.24,-1.7,-0.05,191,389,49.1,792,149,32.6,33.1,266,49.2,40.3,458,19,4.1,35,0.92,14.4,2021-2022
Getafe,2,38.0,41,2,0,5,1,40.9,0.29,0.9,0.02,366,869,42.1,892,101,69.5,61.0,294,84.7,54.2,576,26,4.5,45,1.18,5.0,2,38.0,33,3,0,4,2,29.4,0.21,-1.6,-0.04,199,497,40.0,969,185,37.7,35.1,248,53.2,43.0,471,26,5.5,50,1.32,17.0,2021-2022
Granada,2,38.0,61,7,0,7,2,60.2,0.27,1.2,0.03,267,818,32.6,922,162,57.7,44.0,380,75.3,52.0,615,32,5.2,64,1.68,16.1,2,38.0,44,3,0,11,1,37.5,0.26,-5.5,-0.14,200,544,36.8,880,143,41.3,36.7,314,57.6,45.2,530,23,4.3,43,1.13,15.1,2021-2022
Levante,4,38.0,76,5,1,13,0,65.9,0.3,-10.1,-0.27,155,460,33.7,821,151,42.1,36.6,309,36.9,34.6,532,19,3.6,47,1.24,15.6,4,38.0,51,8,0,3,0,55.3,0.28,4.3,0.11,214,585,36.6,938,170,43.4,37.3,300,59.3,45.1,485,34,7.0,50,1.32,15.5,2021-2022
Mallorca,4,38.0,63,6,1,5,4,53.8,0.3,-5.2,-0.14,244,595,41.0,787,130,52.4,39.4,312,58.7,43.5,576,17,3.0,20,0.53,12.6,4,38.0,36,6,0,5,3,42.8,0.27,9.8,0.26,192,519,37.0,894,139,40.6,37.0,273,57.1,43.8,440,22,5.0,51,1.34,17.0,2021-2022
Osasuna,2,38.0,51,4,0,11,2,49.1,0.29,0.1,0.0,396,876,45.2,884,84,68.6,46.5,315,85.7,58.5,546,24,4.4,71,1.87,18.1,2,38.0,37,6,1,5,0,39.3,0.26,2.3,0.06,191,625,30.6,998,157,41.7,36.2,340,61.5,46.8,694,37,5.3,31,0.82,13.2,2021-2022
Rayo Vallecano,2,38.0,50,7,0,4,1,49.7,0.25,0.7,0.02,224,648,34.6,889,193,50.6,42.1,283,70.0,52.2,495,44,8.9,41,1.08,13.9,2,38.0,39,4,0,5,1,39.5,0.27,1.5,0.04,273,708,38.6,1007,166,47.1,38.8,337,69.4,51.4,645,29,4.5,39,1.03,14.8,2021-2022
Real Madrid,2,38.0,31,3,1,2,0,37.0,0.25,6.0,0.16,79,261,30.3,926,201,21.0,28.8,289,23.2,28.2,506,24,4.7,31,0.82,15.5,2,38.0,80,8,0,10,0,81.0,0.29,1.0,0.03,254,612,41.5,823,142,45.1,38.1,359,67.1,48.2,472,20,4.2,35,0.92,14.9,2021-2022
Real Sociedad,2,38.0,37,5,1,8,0,35.5,0.24,-1.5,-0.04,211,521,40.5,1094,139,34.1,32.9,269,55.0,44.0,522,21,4.0,51,1.34,16.4,2,38.0,40,9,2,5,0,47.5,0.25,7.5,0.2,229,682,33.6,1003,142,50.8,40.0,262,65.6,46.9,481,30,6.2,45,1.18,15.1,2021-2022
Sevilla,3,38.0,30,2,2,6,0,31.3,0.24,1.3,0.03,181,446,40.6,1051,145,29.0,29.1,277,50.9,40.6,503,32,6.4,36,0.95,13.7,3,38.0,53,2,1,11,2,41.1,0.27,-9.9,-0.26,254,699,36.3,914,147,50.1,40.0,324,74.4,50.9,626,29,4.6,44,1.16,13.7,2021-2022
Valencia,3,38.0,53,7,0,7,3,54.1,0.29,4.1,0.11,248,623,39.8,749,140,55.3,39.8,298,70.1,50.4,534,20,3.7,45,1.18,16.0,3,38.0,48,8,0,5,3,40.7,0.23,-4.3,-0.11,220,586,37.5,918,157,46.7,37.7,284,55.3,44.3,576,33,5.7,33,0.87,13.3,2021-2022
Villarreal,2,38.0,37,4,0,3,1,37.1,0.26,1.1,0.03,146,385,37.9,1232,199,23.1,28.0,281,35.9,35.3,583,25,4.3,66,1.74,16.8,2,38.0,63,5,0,10,1,57.5,0.31,-4.5,-0.12,201,618,32.5,898,134,49.8,40.3,277,61.7,46.4,442,29,6.6,53,1.39,15.6,2021-2022
Alavés,2,38.0,57,3,0,5,0,51.1,0.35,-5.9,-0.16,309,615,50.2,792,116,53.7,40.3,306,62.1,44.8,545,19,3.5,37,0.97,14.5,2,38.0,36,5,2,2,1,35.5,0.29,0.5,0.01,223,618,36.1,1010,154,45.0,37.5,240,68.3,50.7,496,16,3.2,51,1.34,17.8,2020-2021
Athletic Club,2,38.0,42,5,1,6,1,37.5,0.29,-3.5,-0.09,206,493,41.8,817,210,36.5,35.2,270,72.2,52.2,555,24,4.3,36,0.95,15.1,2,38.0,46,4,1,4,3,39.7,0.27,-3.3,-0.09,254,666,38.1,1016,160,44.3,37.9,306,70.6,50.8,609,16,2.6,42,1.11,15.3,2020-2021
Atlético Madrid,1,38.0,25,1,0,5,3,33.1,0.25,11.1,0.29,202,539,37.5,709,131,49.6,39.1,294,63.6,45.9,513,14,2.7,27,0.71,15.7,1,38.0,67,5,1,6,2,59.8,0.3,-5.2,-0.14,204,549,37.2,955,160,42.4,36.3,290,49.7,42.2,446,18,4.0,41,1.08,15.3,2020-2021
Barcelona,2,38.0,38,5,1,5,2,36.0,0.24,0.0,0.0,92,207,44.4,1068,193,14.8,24.8,215,22.8,29.3,369,19,5.1,40,1.05,13.9,2,38.0,85,4,3,4,5,77.8,0.31,-2.2,-0.06,225,586,38.4,862,137,46.8,37.9,314,58.3,45.7,355,18,5.1,32,0.84,12.3,2020-2021
Betis,2,38.0,50,8,1,4,3,46.9,0.28,-0.1,0.0,212,606,35.0,953,163,48.1,37.8,250,59.2,45.1,505,21,4.2,48,1.26,19.0,2,38.0,50,8,1,9,0,50.7,0.26,0.7,0.02,201,526,38.2,1047,146,37.7,35.0,265,49.4,40.8,453,16,3.5,36,0.95,16.0,2020-2021
Cádiz,3,38.0,58,9,2,4,1,53.8,0.3,-3.2,-0.09,396,998,39.7,846,72,78.7,54.1,349,95.1,65.0,606,33,5.4,26,0.68,27.0,3,38.0,36,4,0,5,3,35.2,0.32,2.2,0.06,146,351,41.6,790,166,30.4,31.2,232,47.8,40.9,549,26,4.7,49,1.29,15.9,2020-2021
Celta Vigo,2,38.0,57,7,2,4,1,49.7,0.32,-6.3,-0.17,194,607,32.0,1025,156,40.0,32.7,315,62.5,46.6,553,10,1.8,45,1.18,15.7,2,38.0,55,7,1,4,0,50.5,0.31,-4.5,-0.12,267,615,43.4,946,132,48.7,39.7,222,69.4,49.7,416,13,3.1,36,0.95,15.8,2020-2021
Eibar,2,38.0,52,3,0,5,0,47.5,0.33,-4.5,-0.12,340,847,40.1,938,124,65.9,40.2,250,91.6,68.4,406,14,3.4,63,1.66,24.3,2,38.0,29,4,0,5,0,38.5,0.23,9.5,0.25,350,898,39.0,1184,154,54.8,39.7,373,66.8,49.7,822,20,2.4,32,0.84,12.6,2020-2021
Elche,2,38.0,55,6,0,6,1,58.8,0.32,4.8,0.13,267,604,44.2,1039,168,36.6,45.0,353,63.5,45.3,537,10,1.9,34,0.89,12.4,2,38.0,34,2,0,5,1,31.9,0.34,-1.1,-0.03,175,402,43.5,819,138,34.9,33.7,208,55.8,44.7,509,16,3.1,47,1.24,16.6,2020-2021
Getafe,2,38.0,43,7,0,3,3,39.7,0.29,-0.3,-0.01,370,913,40.5,863,48,80.1,51.7,263,84.4,55.4,444,17,3.8,50,1.32,18.5,2,38.0,28,3,0,0,1,27.7,0.22,0.7,0.02,291,696,41.8,1026,173,48.5,39.6,300,66.0,49.5,606,25,4.1,51,1.34,17.0,2020-2021
Granada,3,38.0,65,6,2,4,1,61.9,0.31,-2.1,-0.05,310,848,36.6,944,79,62.6,46.5,316,81.3,56.1,546,12,2.2,62,1.63,18.0,3,38.0,47,3,1,7,0,44.0,0.33,-3.0,-0.08,230,564,40.8,910,151,43.2,36.9,272,62.9,48.2,470,22,4.7,37,0.97,15.2,2020-2021
Huesca,2,38.0,53,5,1,10,2,48.2,0.29,-2.8,-0.07,188,508,37.0,1077,187,35.7,34.2,298,41.6,38.3,539,16,3.0,34,0.89,13.4,2,38.0,34,3,0,4,2,36.7,0.26,4.7,0.12,221,581,38.0,903,169,42.6,37.1,295,66.4,50.4,624,19,3.0,47,1.24,16.5,2020-2021
Levante,3,38.0,57,3,1,6,2,49.8,0.29,-5.2,-0.14,136,382,35.6,936,197,32.4,32.2,282,28.0,29.6,532,9,1.7,71,1.87,18.2,3,38.0,46,3,0,5,1,40.1,0.27,-4.9,-0.13,283,695,40.7,920,146,51.8,40.3,295,73.9,54.4,506,18,3.6,53,1.39,17.1,2020-2021
Osasuna,3,38.0,48,5,0,5,2,47.0,0.3,1.0,0.03,441,996,44.3,995,92,71.5,48.0,302,94.4,61.3,600,30,5.0,76,2.0,17.5,3,38.0,37,5,0,2,1,34.6,0.25,-1.4,-0.04,193,643,30.0,980,149,45.7,37.2,315,61.9,45.8,544,13,2.4,41,1.08,16.2,2020-2021
Real Madrid,1,38.0,28,7,0,3,1,32.7,0.22,5.7,0.15,89,300,29.7,1086,243,20.6,29.6,235,32.3,36.6,472,26,5.5,44,1.16,15.7,1,38.0,67,3,1,8,3,53.1,0.3,-10.9,-0.29,290,691,42.0,942,157,45.9,38.0,354,73.2,50.7,562,20,3.6,37,0.97,14.3,2020-2021
Real Sociedad,1,38.0,38,3,0,4,1,35.0,0.3,-2.0,-0.05,204,520,39.2,998,132,38.2,35.1,217,64.1,49.7,415,9,2.2,47,1.24,17.3,1,38.0,59,9,2,8,1,53.5,0.3,-4.5,-0.12,295,744,39.7,1016,132,51.4,39.8,288,77.1,53.4,523,15,2.9,36,0.95,14.0,2020-2021
Sevilla,2,38.0,33,4,0,4,2,33.5,0.24,2.5,0.07,183,418,43.8,1012,169,29.8,29.2,228,50.9,39.7,512,30,5.9,36,0.95,11.2,2,38.0,53,6,0,5,1,46.7,0.28,-5.3,-0.14,284,693,41.0,911,127,50.2,39.7,347,68.0,49.3,551,10,1.8,57,1.5,19.1,2020-2021
Valencia,2,38.0,53,5,3,5,2,48.2,0.24,-2.8,-0.07,291,664,43.8,871,145,49.1,41.4,338,69.8,50.4,655,11,1.7,31,0.82,19.2,2,38.0,50,8,1,6,2,45.4,0.27,-2.6,-0.07,222,584,38.0,833,135,48.1,38.9,262,69.8,49.9,462,19,4.1,38,1.0,15.8,2020-2021
Valladolid,2,38.0,57,6,1,5,0,53.4,0.3,-3.6,-0.1,251,810,31.0,877,133,61.1,43.2,332,82.5,58.3,578,7,1.2,28,0.74,14.9,2,38.0,34,7,0,4,0,38.1,0.26,4.1,0.11,262,603,43.4,902,137,46.1,38.4,284,65.8,50.2,556,23,4.1,43,1.13,15.1,2020-2021
Villarreal,2,38.0,44,7,0,3,2,38.7,0.25,-3.3,-0.09,167,431,38.7,1098,208,26.0,30.2,304,48.0,40.5,597,28,4.7,32,0.84,13.9,2,38.0,60,12,1,3,3,63.1,0.32,6.1,0.16,232,601,38.6,972,143,44.1,37.5,255,67.5,48.6,420,16,3.8,61,1.61,17.3,2020-2021
Alavés,3,38.0,59,12,3,3,0,56.6,0.27,-2.4,-0.06,375,828,45.3,783,103,66.0,42.5,344,90.4,58.6,527,12,2.3,15,0.39,13.1,3,38.0,34,6,0,5,0,36.2,0.3,2.2,0.06,182,528,34.5,911,137,43.4,37.4,230,57.8,47.0,409,19,4.6,43,1.13,16.8,2019-2020
Athletic Club,2,38.0,38,5,2,2,2,39.8,0.28,3.8,0.1,345,817,42.2,976,172,56.5,41.4,298,89.3,60.9,547,26,4.8,20,0.53,10.0,2,38.0,41,8,1,4,1,39.5,0.22,-0.5,-0.01,228,636,35.8,897,161,48.6,39.1,319,62.7,47.4,582,25,4.3,34,0.89,14.7,2019-2020
Atlético Madrid,2,38.0,27,3,1,4,3,29.8,0.24,5.8,0.15,233,592,39.4,637,112,56.4,30.2,320,72.8,50.0,533,12,2.3,12,0.32,,2,38.0,51,6,0,3,1,54.0,0.32,4.0,0.1,242,653,37.1,951,157,45.8,37.9,344,63.1,48.3,441,19,4.3,38,1.0,15.2,2019-2020
Barcelona,2,38.0,38,6,2,1,0,36.5,0.26,-1.5,-0.04,127,249,51.0,1237,182,15.4,25.7,254,22.8,27.8,401,19,4.7,43,1.13,15.2,2,38.0,86,6,5,3,2,75.2,0.32,-8.8,-0.23,196,561,34.9,790,156,47.0,38.6,271,70.1,51.7,301,16,5.3,31,0.82,14.1,2019-2020
Betis,2,38.0,60,11,1,4,1,54.8,0.29,-4.2,-0.11,158,464,34.1,1045,171,34.1,33.0,284,38.0,35.5,524,12,2.3,59,1.55,17.8,2,38.0,48,6,1,10,0,48.9,0.27,0.9,0.02,238,646,36.8,863,130,48.6,40.0,316,71.8,52.0,457,21,4.6,36,0.95,14.7,2019-2020
Celta Vigo,3,38.0,49,5,3,3,0,45.8,0.28,-3.2,-0.08,202,576,35.1,784,136,44.5,30.1,339,67.0,49.1,604,20,3.3,16,0.42,16.0,3,38.0,37,6,3,4,0,43.8,0.25,6.8,0.18,192,550,34.9,816,144,48.2,39.0,234,67.1,49.5,506,15,3.0,46,1.21,15.8,2019-2020
Eibar,2,38.0,56,4,2,3,1,52.2,0.35,-2.8,-0.07,297,896,33.1,882,93,72.3,51.6,268,96.3,70.6,471,26,5.5,77,2.03,17.9,2,38.0,39,7,1,6,1,42.2,0.23,4.2,0.11,287,801,35.8,1160,167,50.3,38.8,356,61.0,46.6,667,20,3.0,25,0.66,13.0,2019-2020
Espanyol,2,38.0,58,6,0,4,2,54.4,0.31,-1.6,-0.04,228,688,33.1,895,133,52.5,31.1,316,69.0,49.6,495,29,5.9,51,1.35,7.8,2,38.0,27,4,1,4,2,32.8,0.24,7.8,0.21,250,681,36.7,918,168,47.8,39.1,330,73.3,52.2,530,28,5.3,46,1.21,15.6,2019-2020
Getafe,1,38.0,37,5,0,2,2,38.3,0.3,3.3,0.09,359,970,37.0,880,46,83.4,52.7,259,91.1,58.5,383,20,5.2,69,1.82,18.1,1,38.0,43,6,2,7,1,36.9,0.26,-5.1,-0.13,304,797,38.1,1022,133,54.3,41.5,334,72.5,51.7,629,20,3.2,56,1.47,16.5,2019-2020
Granada,2,38.0,45,4,1,5,0,45.9,0.27,0.9,0.02,329,899,36.6,1074,137,60.1,42.5,325,78.2,55.1,538,27,5.0,68,1.79,13.6,2,38.0,52,5,2,7,2,38.3,0.28,-11.7,-0.31,212,562,37.7,873,146,42.5,37.1,278,68.7,51.0,497,26,5.2,32,0.84,14.5,2019-2020
Leganés,2,38.0,51,6,2,7,1,46.5,0.29,-3.5,-0.09,260,774,33.6,828,165,62.1,41.8,292,89.0,62.5,513,18,3.5,42,1.11,14.5,2,38.0,30,3,4,2,0,36.7,0.22,6.7,0.18,233,671,34.7,901,175,49.9,39.7,321,68.8,51.3,566,33,5.8,43,1.13,15.2,2019-2020
Levante,2,38.0,53,3,1,9,2,54.3,0.23,3.3,0.09,179,515,34.8,813,206,43.2,37.6,354,46.3,39.4,636,20,3.1,49,1.29,14.4,2,38.0,47,5,1,3,2,43.5,0.29,-1.5,-0.04,247,610,40.5,858,151,47.2,38.4,306,67.0,48.7,531,18,3.4,48,1.26,15.3,2019-2020
Mallorca,3,38.0,65,15,2,7,1,63.8,0.26,-0.2,-0.01,253,670,37.8,932,185,51.9,37.6,320,58.1,47.8,539,26,4.8,28,0.74,,3,38.0,40,8,2,1,1,38.8,0.24,-0.2,-0.01,226,528,42.8,808,142,38.7,36.0,320,67.2,49.0,506,15,3.0,32,0.84,13.4,2019-2020
Osasuna,3,38.0,54,5,3,5,0,51.1,0.33,-2.9,-0.08,289,858,33.7,885,144,67.2,44.6,306,85.9,58.4,488,21,4.3,47,1.24,18.2,3,38.0,46,8,1,4,0,41.8,0.23,-4.2,-0.11,233,777,30.0,951,140,54.7,40.9,332,77.4,53.6,597,11,1.8,33,0.87,15.5,2019-2020
Real Madrid,2,38.0,25,2,0,5,0,30.8,0.26,5.8,0.15,90,312,28.8,970,227,22.7,26.9,246,37.4,38.2,460,23,5.0,37,0.97,14.2,2,38.0,70,11,1,4,1,73.2,0.28,4.2,0.11,278,695,40.0,963,171,48.1,38.3,336,69.0,50.3,574,14,2.4,39,1.03,15.0,2019-2020
Real Sociedad,2,38.0,48,7,2,4,1,45.4,0.26,-1.6,-0.04,220,509,43.2,1128,133,30.1,30.3,246,69.1,48.0,447,13,2.9,65,1.71,17.7,2,38.0,56,4,1,7,2,46.3,0.3,-7.7,-0.2,226,701,32.2,924,149,52.8,40.3,286,74.5,53.3,532,15,2.8,29,0.76,13.7,2019-2020
Sevilla,2,38.0,34,3,3,2,1,32.3,0.24,-0.7,-0.02,179,450,39.8,813,179,34.9,33.7,281,59.1,45.5,478,19,4.0,29,0.76,11.7,2,38.0,54,7,2,5,1,51.4,0.27,-1.6,-0.04,261,730,35.8,926,148,53.7,41.1,311,74.9,51.4,637,22,3.5,27,0.71,12.7,2019-2020
Valencia,2,38.0,53,7,3,4,1,50.2,0.22,-1.8,-0.05,211,599,35.2,878,201,41.3,34.2,337,70.0,50.3,619,12,1.9,19,0.5,10.8,2,38.0,46,5,2,4,1,47.0,0.34,2.0,0.05,212,569,37.3,827,138,46.9,38.6,273,66.3,50.5,509,17,3.3,56,1.47,16.5,2019-2020
Valladolid,3,38.0,43,7,2,5,0,48.0,0.29,5.0,0.13,258,793,32.5,789,130,63.1,49.5,365,80.8,56.1,590,15,2.5,18,0.47,,3,38.0,32,3,2,2,1,33.7,0.24,2.7,0.07,232,546,42.5,812,163,43.0,36.8,284,69.4,50.8,492,19,3.9,38,1.0,14.3,2019-2020
Villarreal,2,38.0,49,8,0,10,2,45.2,0.22,-1.8,-0.05,146,442,33.0,858,173,32.3,28.0,329,50.2,40.5,648,19,2.9,27,0.71,10.2,2,38.0,63,10,1,4,1,61.6,0.3,-0.4,-0.01,259,659,39.3,916,152,50.5,39.2,302,64.9,48.9,478,16,3.3,59,1.55,17.1,2019-2020
Alavés,2,38.0,50,6,3,2,2,52.6,0.29,4.6,0.12,325,794,40.9,805,98,61.6,48.9,337,88.4,57.0,632,21,3.3,42,1.11,8.6,2,38.0,39,2,2,7,0,33.9,0.26,-5.1,-0.13,242,629,38.5,905,178,43.4,37.4,325,72.6,52.4,584,29,5.0,35,0.92,14.4,2018-2019
Athletic Club,2,38.0,45,5,0,6,0,42.8,0.32,-2.2,-0.06,358,825,43.4,901,123,64.9,36.7,264,90.9,62.7,508,22,4.3,36,0.95,11.1,2,38.0,41,5,1,1,2,43.2,0.27,4.2,0.11,274,700,39.1,944,166,49.9,39.0,297,77.1,53.3,574,19,3.3,38,1.0,14.5,2018-2019
Atlético Madrid,2,38.0,29,5,0,4,2,42.3,0.28,15.3,0.4,220,596,36.9,583,104,56.6,33.3,302,88.1,57.2,555,22,4.0,16,0.42,,2,38.0,55,3,3,6,2,53.5,0.32,0.5,0.01,242,565,42.8,885,166,45.2,38.0,280,58.9,46.8,462,17,3.7,27,0.71,13.0,2018-2019
Barcelona,2,38.0,36,2,0,2,1,40.4,0.3,5.4,0.14,125,244,51.2,970,211,15.7,27.3,224,41.1,37.8,440,8,1.8,38,1.0,16.2,2,38.0,90,8,6,6,2,90.0,0.33,2.0,0.05,234,629,37.2,829,149,48.7,39.2,305,73.8,52.4,308,10,3.2,33,0.87,15.1,2018-2019
Betis,2,38.0,52,4,2,8,0,51.5,0.31,-0.5,-0.01,128,337,38.0,1153,195,20.3,30.6,276,37.3,36.8,466,25,5.4,58,1.53,18.7,2,38.0,44,5,4,2,1,48.3,0.26,5.3,0.14,209,614,34.0,777,105,51.9,40.9,259,81.5,56.7,469,14,3.0,38,1.0,16.1,2018-2019
Celta Vigo,2,38.0,62,6,4,5,1,59.7,0.32,-1.3,-0.03,257,669,38.4,925,161,44.3,38.0,348,74.4,55.1,581,20,3.4,37,0.97,15.6,2,38.0,53,7,2,5,1,51.0,0.28,-1.0,-0.03,244,609,40.1,784,147,51.4,40.0,263,78.3,53.3,539,24,4.5,34,0.89,14.1,2018-2019
Eibar,2,38.0,50,3,2,3,1,44.1,0.31,-4.9,-0.13,325,855,38.0,912,108,69.4,44.6,235,94.5,66.5,403,20,5.0,84,2.21,18.1,2,38.0,46,7,2,7,0,45.8,0.26,-0.2,-0.01,340,865,39.3,1029,165,56.8,42.3,393,71.5,51.7,865,19,2.2,21,0.55,12.1,2018-2019
Espanyol,1,38.0,50,6,5,7,2,51.8,0.27,3.8,0.1,226,562,40.2,868,133,39.9,35.4,333,64.9,47.6,674,24,3.6,19,0.5,12.3,1,38.0,48,4,2,7,5,45.1,0.26,2.1,0.06,224,590,38.0,884,179,44.0,37.8,287,70.0,51.1,431,15,3.5,38,1.0,15.8,2018-2019
Getafe,2,38.0,35,4,1,2,2,40.1,0.26,7.1,0.19,359,963,37.3,832,52,83.5,50.3,282,95.0,59.3,475,20,4.2,38,1.0,15.5,2,38.0,48,6,0,1,1,44.3,0.3,-2.7,-0.07,249,652,38.2,963,150,47.1,39.1,290,68.3,51.7,488,23,4.7,39,1.03,15.4,2018-2019
Girona,2,38.0,53,8,2,6,2,61.0,0.27,10.0,0.26,223,578,38.6,896,177,40.5,38.2,328,65.5,48.4,554,19,3.4,27,0.71,9.6,2,38.0,37,6,1,3,0,41.3,0.26,4.3,0.11,254,652,39.0,856,139,51.3,39.1,280,76.1,53.0,578,34,5.9,39,1.03,14.8,2018-2019
Huesca,3,38.0,65,9,2,1,3,61.5,0.31,-0.5,-0.01,332,851,39.0,782,75,71.9,51.2,310,93.2,61.9,525,7,1.3,12,0.32,11.6,3,38.0,43,6,1,7,0,46.0,0.27,3.0,0.08,195,569,34.3,861,176,42.5,37.0,295,68.8,51.7,636,33,5.2,45,1.18,14.2,2018-2019
Leganés,2,38.0,43,3,2,3,1,43.2,0.3,1.2,0.03,344,834,41.2,894,112,63.0,39.8,307,88.3,60.3,585,28,4.8,30,0.79,15.7,2,38.0,37,3,0,5,1,37.5,0.26,1.5,0.04,199,614,32.4,838,169,44.4,38.3,324,74.7,54.3,601,21,3.5,33,0.87,15.8,2018-2019
Levante,3,38.0,66,8,1,6,2,68.9,0.27,4.9,0.13,207,577,35.9,662,184,48.2,40.5,394,65.5,47.8,595,19,3.2,32,0.84,11.8,3,38.0,59,5,1,8,3,55.5,0.31,-0.5,-0.01,252,645,39.1,824,151,49.2,39.4,298,80.5,55.5,537,21,3.9,49,1.29,15.5,2018-2019
Rayo Vallecano,2,38.0,70,7,0,10,1,65.8,0.3,-3.2,-0.08,240,581,41.3,887,197,44.2,37.2,306,61.8,46.5,574,13,2.3,35,0.92,15.5,2,38.0,41,5,1,3,1,49.3,0.3,9.3,0.25,234,625,37.4,803,139,48.6,39.5,307,76.5,55.0,576,22,3.8,22,0.58,12.6,2018-2019
Real Madrid,3,38.0,46,6,0,6,0,47.9,0.31,1.9,0.05,126,363,34.7,923,233,27.1,32.3,256,44.1,42.5,400,26,6.5,38,1.0,14.2,3,38.0,63,9,1,9,2,68.8,0.29,7.8,0.21,272,649,41.9,886,150,46.4,38.2,309,77.0,52.7,598,17,2.8,26,0.68,13.1,2018-2019
Real Sociedad,2,38.0,46,2,1,11,2,39.9,0.27,-4.1,-0.11,218,556,39.2,1156,142,31.2,31.5,295,66.1,47.7,590,28,4.7,52,1.37,17.8,2,38.0,45,8,0,3,1,50.1,0.29,6.1,0.16,263,694,37.9,901,126,52.1,40.0,289,77.9,54.0,493,18,3.7,45,1.18,15.5,2018-2019
Sevilla,3,38.0,47,6,2,4,0,50.3,0.28,3.3,0.09,191,630,30.3,875,216,45.8,40.2,294,77.9,55.3,539,30,5.6,30,0.79,20.7,3,38.0,62,5,0,5,2,62.7,0.34,2.7,0.07,241,633,38.1,812,134,47.3,39.1,326,76.4,53.8,612,19,3.1,31,0.82,14.7,2018-2019
Valencia,2,38.0,35,7,2,6,2,42.4,0.23,9.4,0.25,186,548,33.9,635,176,46.6,35.1,305,82.6,57.1,620,14,2.3,18,0.47,12.5,2,38.0,51,5,1,8,1,58.7,0.32,8.7,0.23,227,608,37.3,903,148,41.5,36.6,315,74.0,53.0,551,11,2.0,27,0.71,13.5,2018-2019
Valladolid,2,38.0,51,6,1,8,1,53.2,0.29,3.2,0.08,269,842,31.9,900,172,59.1,42.4,347,89.3,60.6,614,20,3.3,14,0.37,11.2,2,38.0,32,4,3,3,1,38.3,0.25,7.3,0.19,245,581,42.2,748,157,43.6,37.9,313,81.5,56.5,620,26,4.2,37,0.97,13.9,2018-2019
Villarreal,2,38.0,52,3,2,5,3,55.8,0.28,6.8,0.18,227,532,42.7,708,154,45.9,39.2,303,68.3,50.6,677,23,3.4,36,0.95,11.8,2,38.0,49,3,1,9,2,51.9,0.27,4.9,0.13,246,614,40.1,835,129,48.7,38.8,291,71.1,51.7,485,17,3.5,35,0.92,14.7,2018-2019
Alavés,2,38.0,50,7,2,7,2,49.4,0.25,1.4,0.04,330,786,42.0,708,103,65.5,48.6,360,89.4,56.7,657,17,2.6,19,0.5,9.0,2,38.0,40,1,1,4,0,37.9,0.27,-2.1,-0.06,224,589,38.0,917,156,43.2,37.6,256,75.4,53.7,431,22,5.1,32,0.84,14.9,2017-2018
Athletic Club,2,38.0,49,3,3,5,3,52.0,0.28,6.0,0.16,407,840,48.5,1066,140,57.6,43.6,271,83.4,58.8,525,29,5.5,31,0.82,14.2,2,38.0,41,6,0,6,2,46.7,0.27,7.7,0.2,274,721,38.0,924,139,50.2,40.2,306,84.0,55.6,654,29,4.4,31,0.82,13.0,2017-2018
Atlético Madrid,2,38.0,22,1,1,2,1,33.2,0.23,12.2,0.32,194,581,33.4,635,109,55.0,42.4,289,80.3,54.5,550,26,4.7,14,0.37,11.9,2,38.0,58,4,2,2,1,58.8,0.36,1.8,0.05,235,571,41.2,924,173,41.9,36.9,257,71.6,52.5,417,27,6.5,47,1.24,15.0,2017-2018
Barcelona,2,38.0,29,2,0,1,0,37.0,0.26,8.0,0.21,130,310,41.9,1061,197,17.6,27.9,272,45.2,41.3,411,15,3.6,41,1.08,7.7,2,38.0,99,3,6,7,3,96.1,0.36,0.1,0.0,236,640,36.9,859,136,49.7,40.5,280,76.1,53.8,323,11,3.4,36,0.95,14.5,2017-2018
Betis,3,38.0,61,3,0,7,4,48.1,0.29,-8.9,-0.24,199,577,34.5,1239,163,32.4,34.5,312,56.4,43.3,584,25,4.3,29,0.76,10.4,3,38.0,60,2,1,3,4,53.4,0.32,-2.6,-0.07,211,610,34.6,795,104,51.6,40.7,246,81.3,56.7,422,18,4.3,35,0.92,15.2,2017-2018
Celta Vigo,3,38.0,60,4,0,8,1,49.5,0.29,-9.5,-0.25,247,700,35.3,1154,124,43.4,36.3,280,71.1,53.1,539,14,2.6,38,1.0,14.1,3,38.0,59,2,3,4,2,55.3,0.33,-1.7,-0.05,239,717,33.3,869,127,55.6,41.7,285,82.1,56.5,473,23,4.9,37,0.97,15.1,2017-2018
Eibar,3,38.0,50,4,2,3,3,47.8,0.34,0.8,0.02,359,957,37.5,992,96,73.5,52.4,239,95.4,69.5,379,23,6.1,100,2.63,21.4,3,38.0,44,2,2,7,1,37.6,0.27,-5.4,-0.14,295,873,33.8,1037,131,54.7,42.3,388,78.9,55.7,850,30,3.5,33,0.87,13.1,2017-2018
Espanyol,2,38.0,42,4,1,5,2,47.2,0.26,7.2,0.19,237,673,35.2,756,172,52.1,39.3,329,84.8,57.2,568,31,5.5,24,0.63,11.3,2,38.0,36,2,1,1,3,38.1,0.27,5.1,0.13,269,712,37.8,1025,149,49.4,39.7,273,75.5,55.2,592,49,8.3,42,1.11,13.5,2017-2018
Getafe,2,38.0,33,2,0,3,0,42.3,0.31,9.3,0.24,292,925,31.6,813,80,74.2,52.5,332,97.0,64.3,549,25,4.6,37,0.97,9.9,2,38.0,42,5,1,6,1,42.9,0.26,1.9,0.05,248,584,42.5,883,152,44.2,38.4,258,75.2,53.2,463,20,4.3,57,1.5,17.3,2017-2018
Girona,2,38.0,59,4,3,2,3,57.8,0.32,1.8,0.05,289,797,36.3,828,133,64.4,43.7,296,89.2,60.2,488,14,2.9,43,1.13,15.3,2,38.0,50,6,2,8,0,52.0,0.3,2.0,0.05,208,659,31.6,907,150,49.6,38.4,260,80.4,54.4,644,30,4.7,35,0.92,14.3,2017-2018
La Coruña,5,38.0,76,4,4,11,3,62.3,0.33,-10.7,-0.28,236,599,39.4,668,148,53.6,39.4,330,73.0,53.4,600,30,5.0,13,0.34,11.0,5,38.0,38,3,0,7,0,44.4,0.29,6.4,0.17,238,626,38.0,853,138,45.0,37.7,312,77.6,54.4,593,23,3.9,43,1.13,14.4,2017-2018
Las Palmas,2,38.0,74,5,1,7,1,73.7,0.33,0.7,0.02,198,559,35.4,1195,239,32.2,28.8,324,53.7,45.8,533,30,5.6,66,1.74,13.8,2,38.0,24,6,0,2,0,36.3,0.23,12.3,0.32,275,694,39.6,822,116,53.3,41.0,307,83.4,56.3,475,19,4.0,36,0.95,14.6,2017-2018
Leganés,3,38.0,51,6,4,4,0,51.8,0.3,0.8,0.02,338,963,35.1,922,94,74.7,46.3,285,96.1,63.6,511,31,6.1,49,1.29,16.0,3,38.0,34,2,0,4,2,36.6,0.27,4.6,0.12,187,541,34.6,970,185,37.3,35.4,318,56.3,47.3,547,22,4.0,42,1.11,14.6,2017-2018
Levante,3,38.0,58,5,1,8,3,57.9,0.29,2.9,0.08,280,745,37.6,748,113,62.4,44.1,330,84.2,56.4,601,30,5.0,42,1.11,14.7,3,38.0,44,5,5,3,1,43.8,0.32,0.8,0.02,240,570,42.1,770,166,42.2,36.4,325,75.4,53.4,565,26,4.6,23,0.61,13.4,2017-2018
Málaga,2,38.0,61,6,1,3,0,66.6,0.36,5.6,0.15,308,822,37.5,791,91,67.0,48.6,314,93.0,60.9,537,29,5.4,20,0.53,11.1,2,38.0,24,4,0,3,1,31.3,0.22,8.3,0.22,234,609,38.4,869,153,45.2,38.0,297,72.7,53.6,596,31,5.2,23,0.61,11.2,2017-2018
Real Madrid,3,38.0,44,2,0,7,2,45.4,0.3,3.4,0.09,105,277,37.9,756,184,20.2,31.0,243,51.0,44.3,434,18,4.1,36,0.95,13.3,3,38.0,94,8,2,15,3,89.4,0.3,-1.6,-0.04,330,757,43.6,905,157,51.0,40.8,374,78.9,56.0,704,18,2.6,36,0.95,12.7,2017-2018
Real Sociedad,3,38.0,59,6,2,7,1,52.7,0.3,-5.3,-0.14,234,559,41.9,1356,149,30.8,35.1,246,57.7,43.8,470,28,6.0,49,1.29,14.8,3,38.0,66,4,1,11,2,56.2,0.32,-7.8,-0.2,271,707,38.3,829,131,52.7,40.8,344,78.5,55.8,641,25,3.9,25,0.66,13.6,2017-2018
Sevilla,2,38.0,58,5,1,6,1,51.7,0.32,-5.3,-0.14,165,455,36.3,754,188,35.1,33.6,290,65.5,49.1,548,30,5.5,26,0.68,12.0,2,38.0,49,4,0,3,1,56.7,0.3,8.7,0.23,246,741,33.2,941,126,52.1,40.3,332,75.6,54.3,508,29,5.7,40,1.05,13.8,2017-2018
Valencia,2,38.0,38,3,1,5,0,50.7,0.28,12.7,0.33,188,536,35.1,647,181,45.7,39.7,311,77.2,55.8,622,23,3.7,10,0.26,9.6,2,38.0,65,8,1,7,2,60.0,0.29,-3.0,-0.08,238,677,35.2,844,144,51.8,40.2,294,81.6,56.3,486,29,6.0,30,0.79,14.2,2017-2018
Villarreal,3,38.0,50,5,1,6,0,50.8,0.28,0.8,0.02,180,532,33.8,726,184,39.3,32.0,332,74.4,52.8,687,31,4.5,36,0.95,16.1,3,38.0,57,4,0,4,1,54.4,0.3,-1.6,-0.04,218,595,36.6,872,155,47.2,38.8,273,67.0,51.5,409,18,4.4,40,1.05,15.7,2017-2018
