Tackles TklW_for,Tackles Def 3rd_for,Tackles Mid 3rd_for,Tackles Att 3rd_for,Challenges Tkl_for,Challenges Tkl%_for,Challenges Lost_for,Blocks Blocks_for,Blocks Sh_for,Blocks Pass_for,Unnamed: 15_level_0 Int_for,Unnamed: 17_level_0 Clr_for,Unnamed: 18_level_0 Err_for,Tackles TklW_against,Tackles Def 3rd_against,Tackles Mid 3rd_against,Tackles Att 3rd_against,Challenges Tkl_against,Challenges Tkl%_against,Challenges Lost_against,Blocks Blocks_against,Blocks Sh_against,Blocks Pass_against,Unnamed: 15_level_0 Int_against,Unnamed: 17_level_0 Clr_against,Unnamed: 18_level_0 Err_against,Performance CrdY_for,Performance CrdR_for,Performance 2CrdY_for,Performance Fls_for,Performance Fld_for,Performance Off_for,Performance Crs_for,Performance PKwon_for,Performance PKcon_for,Performance OG_for,Performance Recov_for,Aerial Duels Won_for,Aerial Duels Lost_for,Performance CrdY_against,Performance CrdR_against,Performance 2CrdY_against,Performance Off_against,Performance Crs_against,Performance PKwon_against,Performance PKcon_against,Performance OG_against,Performance Recov_against,Total Cmp_for,Long Cmp_for,Long Att_for,Unnamed: 17_level_0 Ast_for,Unnamed: 21_level_0 KP_for,Unnamed: 24_level_0 CrsPA_for,Total Cmp_against,Long Cmp_against,Long Att_against,Unnamed: 17_level_0 Ast_against,Unnamed: 18_level_0 xAG_against,Expected xA_against,Unnamed: 21_level_0 KP_against,Unnamed: 22_level_0 1/3_against,Unnamed: 23_level_0 PPA_against,Unnamed: 24_level_0 CrsPA_against,Pass Types Dead_for,Pass Types FK_for,Pass Types TB_for,Pass Types Sw_for,Pass Types TI_for,Pass Types CK_for,Corner Kicks In_for,Corner Kicks Out_for,Corner Kicks Str_for,Outcomes Blocks_for,Pass Types Dead_against,Pass Types TB_against,Pass Types Sw_against,Pass Types CK_against,Corner Kicks In_against,Corner Kicks Out_against,Corner Kicks Str_against,Starts Mn/Start_for,Subs Subs_for,Subs Mn/Sub_for,Subs unSub_for,Team Success PPM_for,Subs Mn/Sub_against,Touches Def Pen_for,Touches Def 3rd_for,Take-Ons Att_for,Carries PrgC_for,Carries Mis_for,Carries Dis_for,Touches Def Pen_against,Touches Def 3rd_against,Take-Ons Att_against,Carries PrgC_against,Carries CPA_against,Carries Mis_against,Carries Dis_against,SCA Types PassDead_for,SCA Types TO_for,SCA Types Sh_for,SCA Types Fld_for,SCA Types Def_for,GCA Types PassDead_for,GCA Types TO_for,GCA Types Sh_for,GCA Types Fld_for,GCA Types Def_for,SCA Types PassDead_against,SCA Types TO_against,SCA Types Sh_against,SCA Types Fld_against,SCA Types Def_against,GCA Types PassDead_against,GCA Types TO_against,GCA Types Sh_against,GCA Types Fld_against,GCA Types Def_against,Standard SoT%_for,Standard G/Sh_for,Standard G/SoT_for,Standard Dist_for,Standard FK_for,Standard PK_for,Expected npxG/Sh_for,Expected G-xG_for,Standard SoT_against,Standard SoT%_against,Standard G/Sh_against,Standard Dist_against,Standard FK_against,Standard PK_against,Expected npxG/Sh_against,Expected G-xG_against
459,346,307,84,348,47.9,378,382,96,286,309,918,10,328,258,224,70,245,57.0,185,380,89,291,287,1123,16,107,5,2,623,476,77,798,8,11,2,1499,639,694,107,5,0,64,722,6,11,0,1420,10534,1312,2838,20,284,99,14251,1563,2925,28,33.3,32.3,306,1034,245,97,1946,537,45,99,834,182,61,90,6,368,2139,52,139,177,62,61,1,82,161,21,275,1.11,24,1876,5802,478,449,598,307,2367,7584,810,573,137,645,389,95,26,41,48,15,3,3,7,9,0,85,62,39,47,7,5,8,6,10,0,31.3,0.07,0.24,17.8,10,9,0.09,-4.8,121,30.6,0.09,17.6,17,11,0.1,-1.0
345,240,252,85,296,51.1,283,353,72,281,344,911,25,471,428,289,72,388,54.2,328,348,112,236,361,951,24,64,3,1,483,386,68,772,5,5,1,1735,496,514,83,4,2,84,592,5,6,1,1624,13665,1395,2733,40,351,90,14953,1481,2854,11,22.9,21.5,242,911,205,69,1796,472,48,116,836,193,73,81,1,300,1908,52,139,155,54,61,1,80,189,23,253,1.84,21,1884,6255,791,682,597,401,2765,9110,633,468,111,608,281,65,52,38,27,20,8,7,8,6,0,66,39,34,30,11,5,2,5,7,1,32.0,0.11,0.34,17.4,8,3,0.11,0.0,108,32.0,0.07,17.6,9,3,0.1,-9.8
375,305,238,76,319,50.9,308,358,97,261,260,818,25,365,276,206,97,305,52.5,276,437,110,327,369,969,35,75,3,0,412,427,72,675,4,5,2,1563,445,420,68,0,0,37,656,3,7,0,1547,17826,1486,2519,51,348,96,16246,1542,2749,17,23.9,29.8,286,1462,282,84,1832,463,76,112,789,190,67,65,0,388,1656,33,124,144,41,56,0,78,188,27,242,2.0,20,2335,8013,639,760,541,275,2405,6916,694,581,100,577,300,49,39,42,24,15,1,7,7,5,3,55,45,30,36,6,4,3,4,7,0,37.6,0.13,0.36,17.0,13,6,0.13,3.4,111,28.7,0.06,18.6,14,5,0.08,-5.4
332,186,245,107,271,52.1,249,329,60,269,227,601,14,405,378,245,68,375,45.2,455,497,175,322,381,1016,38,63,3,1,368,465,65,709,8,4,0,1673,380,339,89,2,0,181,482,4,8,3,1499,22321,1577,2424,72,500,77,8511,1208,2491,31,32.6,21.8,222,595,166,59,1869,621,130,133,712,265,104,47,1,371,1699,62,135,149,62,57,1,80,180,22,254,2.32,22,1857,6516,909,860,579,316,2896,7293,572,406,147,545,267,60,79,71,53,14,5,17,10,12,1,48,23,22,19,13,3,3,2,4,2,35.8,0.14,0.38,17.1,27,7,0.13,7.5,104,35.9,0.12,17.5,7,4,0.13,-2.9
397,271,273,101,342,53.1,302,406,113,293,356,910,19,459,362,285,75,344,52.4,312,458,132,326,332,866,19,75,4,0,433,524,56,627,9,4,1,1679,464,478,102,7,3,92,683,3,10,2,1618,15770,1341,2443,37,417,75,13910,1341,2578,32,38.4,32.4,309,1110,251,69,1906,613,60,153,778,197,82,68,0,376,1781,51,107,162,73,62,3,80,179,22,230,1.58,21,2253,7466,722,679,676,378,2459,7355,702,611,165,564,303,62,59,48,40,17,6,4,9,8,1,67,46,48,30,11,7,7,7,7,2,34.0,0.09,0.27,18.1,14,7,0.09,0.3,137,32.8,0.11,17.3,11,4,0.12,-1.6
340,258,217,80,286,49.7,290,345,91,254,282,828,30,382,307,234,67,312,55.1,254,454,122,332,390,740,17,84,6,3,462,436,67,501,6,4,2,1532,375,439,88,7,2,75,667,2,9,1,1698,17798,1480,2521,40,339,53,14946,1433,2809,45,33.3,31.9,308,1103,243,85,1810,502,89,149,782,149,52,62,1,365,1688,57,102,159,69,53,1,79,189,23,265,1.45,23,2232,7618,628,709,558,296,2437,7311,638,564,144,527,269,41,42,57,30,12,1,5,8,7,0,76,41,41,22,7,6,7,8,2,0,37.8,0.11,0.3,17.9,19,8,0.11,3.8,141,35.3,0.13,16.8,9,3,0.1,11.6
397,380,210,50,310,50.8,300,435,155,280,315,1131,21,309,234,209,64,266,54.6,221,346,97,249,292,773,20,88,1,0,498,432,61,619,5,6,1,1364,493,504,66,2,0,53,858,6,5,2,1576,10580,1297,2629,27,256,81,17987,1534,2689,39,39.6,41.3,431,1501,381,103,1690,484,51,97,647,144,35,77,2,285,1839,49,143,227,97,95,5,81,180,21,270,1.11,21,2655,7408,546,497,561,241,1881,6559,686,838,195,585,330,73,36,35,45,12,8,3,5,10,1,88,51,61,49,18,4,11,5,7,1,27.9,0.09,0.34,18.4,15,5,0.09,3.6,186,33.2,0.08,18.0,22,4,0.09,-3.8
393,287,278,80,333,50.1,332,411,84,327,276,1065,15,391,357,248,64,312,54.1,265,351,127,224,282,1230,22,110,7,3,602,506,90,721,3,9,0,1436,771,738,101,5,1,85,626,7,5,0,1419,8695,1250,2951,21,296,104,13966,1371,2889,21,31.3,28.0,259,997,227,66,2042,579,23,116,927,147,55,69,1,262,2111,52,111,147,66,45,1,81,164,21,247,1.11,21,1770,5183,631,368,719,357,2431,8144,740,499,123,641,312,94,45,37,58,19,7,1,8,5,2,68,34,30,36,6,4,3,5,7,0,28.4,0.07,0.24,19.4,17,5,0.08,-2.8,117,32.3,0.09,17.9,12,8,0.11,-7.2
348,268,219,82,292,52.4,265,327,104,223,279,722,34,348,291,199,98,276,48.7,291,381,108,273,277,911,15,76,2,0,437,439,79,804,4,6,1,1443,321,344,80,4,1,44,607,6,5,1,1414,18273,1526,2565,31,308,87,13798,1281,2411,46,36.5,33.6,348,1070,254,74,1724,484,39,128,706,186,91,67,1,338,1630,40,84,166,61,62,2,81,172,22,249,1.08,20,2516,7829,634,765,522,312,2333,7034,620,582,202,476,277,60,34,37,23,11,6,2,9,3,1,61,54,40,33,22,6,5,9,4,3,33.8,0.1,0.29,17.7,13,4,0.1,0.5,158,35.1,0.12,18.1,16,3,0.1,8.6
370,308,253,58,307,51.9,285,434,139,295,321,971,28,360,253,230,80,288,54.6,239,353,100,253,307,974,19,110,4,2,452,462,59,674,1,10,3,1454,529,561,90,7,2,99,740,9,4,2,1625,14352,1395,2776,27,304,79,14104,1278,2493,43,47.5,42.7,387,1190,306,96,1916,558,49,117,782,160,54,72,4,321,1828,69,118,198,86,63,3,80,189,21,246,0.84,21,2561,7809,571,499,547,275,2110,6608,654,684,197,638,312,65,39,39,46,9,2,2,5,4,1,69,50,52,46,15,4,5,6,6,2,32.8,0.09,0.26,19.2,21,3,0.08,1.7,173,32.6,0.1,17.4,18,5,0.11,-8.8
384,301,250,82,295,49.2,304,436,157,279,332,1201,18,351,247,253,77,263,46.5,302,291,80,211,279,768,20,82,6,0,503,470,84,495,7,8,3,1500,472,614,74,1,0,47,879,6,7,1,1568,11207,1169,2735,27,241,45,16312,1403,2710,34,40.9,42.8,426,1363,325,109,1721,500,48,91,653,113,46,46,0,252,2007,52,128,242,101,101,2,81,167,21,250,1.05,24,2448,7029,627,417,575,314,1859,6747,683,754,191,609,338,57,50,35,51,16,3,9,4,7,2,100,56,65,39,18,9,5,11,10,1,31.9,0.1,0.3,20.1,19,5,0.09,2.0,168,29.8,0.08,17.6,15,7,0.1,-6.4
361,305,211,68,257,51.4,243,389,153,236,326,1161,17,402,269,287,81,260,50.5,255,338,87,251,272,947,16,81,6,1,466,432,78,735,4,3,1,1523,672,609,70,2,0,41,821,1,5,1,1546,12613,1466,2803,24,282,112,14980,1438,2695,31,36.0,38.6,423,1233,330,94,1809,471,44,93,757,145,58,73,3,292,1843,43,136,241,113,55,3,82,179,18,260,1.26,21,2598,7168,583,479,567,377,2030,6645,549,693,189,577,327,96,30,48,33,6,8,0,2,4,1,87,51,64,34,16,3,4,5,2,2,28.0,0.08,0.28,16.3,7,4,0.09,-4.8,162,28.7,0.07,18.5,9,3,0.08,-3.8
365,296,239,79,311,50.3,307,388,102,286,266,918,16,385,297,206,69,279,51.8,260,377,104,273,250,981,18,88,0,0,508,379,66,819,9,7,1,1461,617,515,81,6,2,103,704,7,9,2,1532,12184,1489,2835,28,300,127,15229,1433,2702,38,40.6,43.2,349,1251,349,83,1892,487,28,133,831,175,64,50,2,349,1884,89,123,189,72,78,1,82,183,18,256,1.37,22,2263,6318,592,567,532,293,2310,7397,671,647,168,675,303,93,39,42,43,6,5,5,8,14,1,63,54,33,52,16,1,3,3,8,1,30.1,0.09,0.3,16.7,9,9,0.09,2.0,180,39.1,0.1,18.1,22,7,0.11,-2.7
396,328,218,80,309,46.5,355,443,128,315,334,973,22,398,284,263,84,304,51.5,286,465,128,337,314,1004,24,96,3,0,522,391,79,769,1,8,1,1688,485,540,78,4,1,50,678,7,1,3,1600,13936,1401,2920,27,374,85,12793,1412,2884,33,33.0,33.7,346,1064,274,81,1908,436,46,112,868,202,107,65,0,395,2071,55,139,191,81,80,1,80,188,22,256,1.37,22,2557,7799,647,589,630,327,2413,7416,740,613,161,630,318,82,45,58,41,12,4,7,7,1,2,91,59,44,49,21,6,8,3,5,0,31.5,0.07,0.23,19.3,25,0,0.09,-7.4,145,31.5,0.08,17.4,11,6,0.09,-5.0
359,294,209,83,264,54.3,222,353,105,248,331,633,19,408,401,183,90,384,48.2,412,454,171,283,333,824,24,57,4,0,332,518,85,578,11,3,1,1541,334,267,89,6,1,43,554,3,14,0,1467,21356,1723,2595,55,501,34,12981,1218,2278,27,32.0,27.3,309,1034,223,56,1766,549,90,221,620,243,113,63,1,316,1521,40,120,161,78,49,0,83,144,18,213,2.21,20,2392,7662,878,983,528,290,2621,7172,521,648,160,476,322,84,92,70,39,15,9,11,10,8,1,53,32,44,28,11,6,3,6,3,0,36.9,0.11,0.3,18.1,15,10,0.11,2.7,123,30.6,0.08,18.1,9,3,0.11,-5.8
401,309,244,96,308,53.2,271,428,120,308,283,913,21,377,306,219,79,307,51.0,295,401,99,302,292,1003,14,85,4,0,501,417,82,740,3,7,0,1569,578,606,82,0,0,85,610,4,4,1,1530,14880,1421,2687,22,284,64,12635,1400,2797,32,29.0,31.9,321,1061,236,68,1916,513,33,146,832,216,78,95,0,369,1912,54,115,179,69,58,3,79,181,25,268,1.21,21,2275,7208,659,645,603,297,2394,7200,643,538,168,618,341,74,38,34,31,12,5,5,2,5,0,72,38,43,44,14,3,3,10,4,0,31.7,0.08,0.25,17.5,10,4,0.1,-8.5,135,31.3,0.09,18.7,14,5,0.09,2.1
390,321,240,87,312,55.4,251,368,88,280,367,931,17,375,306,260,85,320,48.6,339,385,110,275,283,890,22,98,8,3,494,402,70,612,1,6,1,1551,531,442,93,4,0,62,661,4,3,3,1409,14432,1267,2706,32,357,60,14301,1337,2634,37,34.0,31.7,309,1122,235,72,1791,473,40,130,778,185,109,33,1,314,1929,62,132,165,66,63,1,82,174,18,266,1.08,20,2404,8057,720,594,624,331,2259,7100,637,551,139,527,336,69,60,51,31,13,4,3,4,1,0,69,41,38,42,10,4,5,6,10,0,31.4,0.08,0.25,18.8,14,2,0.09,-3.7,142,34.7,0.12,17.8,15,5,0.11,6.6
415,340,228,79,321,56.0,252,366,96,270,302,953,19,388,292,291,78,321,57.6,236,409,96,313,293,902,19,86,1,0,442,446,72,763,4,9,3,1550,449,540,86,3,1,107,691,6,5,1,1589,13938,1284,2634,26,283,91,15307,1513,2779,38,37.2,37.8,321,1184,291,92,1898,566,38,128,770,186,69,74,3,395,1837,78,139,190,79,57,2,82,179,19,264,1.21,22,2290,7206,625,572,535,340,2269,7471,633,589,156,581,326,65,27,34,31,16,4,3,8,5,2,76,37,46,34,13,3,3,7,5,2,30.4,0.1,0.33,17.2,6,5,0.11,-0.2,140,33.6,0.11,17.7,11,6,0.11,-0.9
357,342,204,50,276,48.8,290,450,160,290,311,944,29,329,189,251,94,266,47.9,289,303,84,219,211,731,16,91,5,2,459,486,67,671,3,7,1,1355,544,524,86,3,2,60,743,6,5,0,1489,12052,1410,2699,15,256,93,17117,1328,2457,62,46.8,44.4,449,1475,381,103,1834,544,37,126,647,156,81,38,2,265,1727,62,99,195,76,80,0,79,177,25,264,0.42,21,2681,8158,624,476,513,268,1805,5842,616,724,199,547,320,63,48,21,36,8,0,6,1,5,0,66,62,69,52,17,5,12,13,8,1,29.3,0.06,0.22,18.0,11,5,0.09,-8.6,197,33.3,0.14,17.7,28,7,0.11,21.4
396,333,236,80,336,53.5,292,426,131,295,281,922,21,349,283,189,95,278,49.9,279,399,120,279,297,821,22,96,4,1,442,463,77,674,6,8,1,1547,492,399,99,7,1,42,782,7,7,2,1493,14532,1463,2559,51,427,102,16617,1638,2748,28,28.5,33.8,357,1325,295,94,1713,513,78,124,633,183,77,60,2,318,1769,40,191,180,70,59,0,81,177,21,179,1.84,23,2612,7831,627,693,560,289,2415,7431,689,720,183,519,313,82,41,59,35,16,4,4,8,6,1,69,46,54,43,12,5,4,9,9,2,32.3,0.12,0.37,16.0,9,5,0.12,4.2,153,32.2,0.09,18.5,13,7,0.08,5.6
347,284,227,67,290,46.1,339,363,117,246,279,810,5,340,279,216,58,254,45.0,310,393,115,278,233,802,14,84,1,0,481,449,69,830,7,8,2,1807,574,625,102,7,3,60,686,6,7,3,1752,10091,1375,2889,28,341,105,16352,1491,2870,29,29.8,34.6,346,1223,282,76,1914,506,29,124,802,187,45,74,4,372,1948,55,144,167,64,74,1,82,187,18,258,1.21,22,2162,6122,625,550,572,299,2398,7446,698,744,187,663,288,88,54,53,43,16,5,6,4,6,0,79,54,38,40,12,6,6,7,7,0,29.7,0.07,0.22,17.7,15,3,0.09,-13.2,139,31.3,0.08,17.9,15,8,0.09,-0.7
372,354,222,57,280,48.1,302,430,134,296,313,856,19,364,249,236,98,314,51.2,299,357,103,254,280,676,15,93,6,4,478,493,75,659,2,9,0,1716,557,587,72,4,0,73,828,6,2,1,1780,12774,1322,2747,25,349,86,15460,1518,2848,56,45.3,45.1,467,1293,355,102,1906,555,35,112,741,167,64,63,0,320,1942,54,171,220,74,101,3,81,176,22,257,0.55,22,2654,7711,667,590,550,269,2099,6542,641,751,204,518,353,66,47,52,50,22,3,7,9,4,2,110,72,62,43,14,6,10,9,4,2,34.1,0.08,0.25,18.8,18,2,0.1,-6.7,195,33.4,0.12,16.9,18,6,0.09,13.4
362,217,264,100,305,48.0,330,419,106,313,278,631,4,428,371,284,60,349,50.8,338,411,119,292,370,843,27,80,5,3,511,428,78,845,4,5,4,2010,541,525,82,3,2,91,626,2,5,2,2051,14509,1393,2832,41,355,113,14887,1562,3003,27,32.0,29.0,301,999,254,78,1900,528,70,111,817,208,79,89,0,364,1869,40,189,161,71,54,0,80,188,22,255,1.79,23,1965,6376,743,735,571,366,2691,8965,707,521,127,636,276,81,48,33,32,11,6,6,3,4,1,70,41,42,42,15,4,5,6,2,0,35.6,0.12,0.34,15.9,7,3,0.11,6.3,130,32.1,0.08,18.3,18,1,0.09,-8.3
399,308,263,83,327,48.7,344,460,114,346,256,793,8,318,257,182,91,227,43.3,297,407,104,303,298,735,17,89,5,3,438,447,123,621,4,2,0,1896,422,392,79,2,0,37,764,1,6,2,1846,17064,1442,2542,48,359,68,16440,1555,2770,33,29.7,32.7,342,1392,303,79,1717,489,76,179,675,174,59,74,0,343,1806,29,110,194,63,75,0,78,183,26,198,2.0,20,2368,7880,567,758,533,303,2473,7087,734,648,140,585,327,59,56,42,31,14,3,10,7,5,1,72,44,46,29,19,4,9,4,1,2,41.5,0.13,0.32,16.2,9,5,0.12,5.6,143,31.7,0.09,17.9,9,1,0.09,3.5
363,271,223,77,243,46.5,280,363,97,266,257,573,17,392,333,227,83,338,46.8,384,450,159,291,318,770,10,87,2,1,412,469,99,651,6,2,0,1789,453,399,98,8,2,117,574,2,7,3,1678,21506,1717,2604,55,457,83,10455,1202,2489,35,30.9,30.0,316,806,254,79,1857,574,98,200,709,238,95,82,2,335,1644,47,120,148,66,61,2,81,161,23,230,2.24,21,2191,7360,826,964,605,305,2590,6676,583,487,162,466,328,83,63,69,39,11,6,6,11,7,1,64,43,33,32,13,5,7,3,3,0,37.2,0.12,0.32,16.5,21,6,0.13,-1.6,139,33.8,0.1,17.4,8,2,0.1,2.4
440,305,300,87,358,52.4,325,422,101,321,345,801,9,464,337,343,76,329,46.0,386,484,144,340,314,693,13,87,3,1,429,497,73,636,1,8,3,1921,479,500,97,5,3,106,712,7,3,2,1864,15310,1383,2561,31,368,53,15171,1368,2619,23,32.6,32.7,314,1142,277,88,1923,603,43,138,741,217,83,86,2,381,1810,56,106,192,84,81,2,80,164,24,237,1.5,20,2339,7497,793,676,626,427,2492,7590,744,649,144,556,334,75,52,62,34,15,3,5,7,3,3,83,52,56,48,10,3,6,8,10,1,30.7,0.09,0.29,17.2,15,2,0.09,2.1,150,34.0,0.08,18.2,18,7,0.1,-8.2
398,338,264,69,341,46.8,387,443,123,320,298,786,13,370,281,253,72,263,53.3,230,341,89,252,243,795,7,107,7,0,576,498,90,791,2,2,1,1831,632,673,97,4,2,65,758,1,3,1,1871,10763,1455,3198,17,292,106,15783,1515,2819,37,40.2,38.1,375,1375,310,92,1915,560,24,130,751,170,63,80,0,304,1962,45,130,174,63,65,1,80,186,21,257,0.87,20,2242,6375,537,456,571,343,2102,7017,807,787,170,628,330,85,30,48,42,15,4,1,5,4,1,67,63,43,43,22,6,9,6,2,1,30.4,0.06,0.18,18.4,21,3,0.09,-11.0,173,34.1,0.1,18.3,26,2,0.1,1.7
382,302,243,82,308,46.5,354,434,116,318,297,832,9,382,309,254,64,291,49.7,295,444,125,319,335,721,8,66,5,2,463,485,63,661,4,8,3,1908,522,548,89,4,1,53,746,7,5,1,1879,13890,1223,2495,35,367,71,16975,1598,2993,32,35.9,37.3,355,1256,297,95,1870,526,63,112,759,181,65,76,1,380,1936,33,162,189,52,89,1,82,167,19,277,1.08,22,2314,7084,646,660,600,336,2323,7202,726,651,161,604,319,67,50,43,42,8,2,5,5,6,0,95,57,58,37,13,4,9,12,6,2,32.3,0.09,0.28,17.5,14,3,0.1,-5.7,157,33.4,0.1,16.6,13,6,0.11,-0.6
364,269,251,88,291,50.4,286,342,103,239,307,730,6,348,267,228,45,260,52.1,239,382,113,269,261,855,17,135,10,5,648,437,78,701,3,7,0,1773,657,692,105,10,4,141,640,6,7,0,1878,10713,1625,3436,27,324,103,14502,1413,2993,37,38.0,34.2,341,1051,276,71,1935,575,20,224,803,143,76,37,1,313,2033,78,136,173,60,66,1,80,171,22,195,1.13,19,2020,5619,552,439,576,281,2488,8205,640,599,146,629,317,87,45,48,40,15,8,8,9,4,0,87,44,41,52,10,6,6,10,9,0,33.6,0.08,0.24,18.6,14,6,0.09,-3.7,167,37.3,0.11,17.7,15,5,0.11,0.2
340,264,222,58,274,52.6,247,378,124,254,257,661,21,423,315,235,123,297,45.7,353,374,104,270,301,630,10,75,1,0,406,471,95,698,7,7,0,1808,373,390,104,5,3,49,711,5,8,1,1745,18793,1460,2446,64,377,88,13335,1405,2570,30,37.7,38.0,374,1074,310,95,1692,514,56,172,624,159,61,67,1,314,1700,38,124,161,75,60,1,83,167,19,221,2.13,21,2695,8432,745,894,584,376,2336,6616,575,610,160,492,270,62,45,45,36,10,7,10,7,8,1,75,42,60,31,24,4,3,12,3,1,37.4,0.16,0.43,16.4,13,7,0.14,13.2,162,32.2,0.08,17.5,13,5,0.1,-8.3
374,336,237,64,289,46.4,334,404,110,294,280,779,26,344,270,262,69,296,49.4,303,390,106,284,290,729,11,98,4,1,514,504,75,664,5,6,2,1708,484,540,92,5,1,108,718,6,8,3,1884,12127,1458,2965,27,283,94,15485,1530,2949,54,43.8,39.8,355,1276,317,82,1968,615,46,96,795,149,56,51,1,345,1926,61,162,201,78,77,1,82,180,19,244,0.55,22,2413,7720,658,512,600,305,2136,6926,687,728,175,598,348,74,47,50,49,13,3,3,5,5,2,74,39,56,49,12,6,9,13,6,4,31.2,0.08,0.24,17.8,15,5,0.09,-7.6,198,40.6,0.15,17.5,20,5,0.12,12.8
397,328,263,71,305,48.2,328,416,98,318,281,761,14,415,301,301,71,308,49.4,316,426,99,327,335,656,7,84,5,1,411,499,93,580,3,9,3,1846,395,489,97,5,2,164,694,8,5,0,1963,19105,1145,2312,23,295,54,11893,1355,2736,33,41.8,36.0,327,1019,240,80,1924,655,66,83,761,159,58,55,1,392,1769,103,121,211,89,88,2,81,177,20,266,1.05,22,2667,9077,680,577,645,365,2120,6381,687,584,190,566,357,40,38,30,30,9,3,1,3,3,1,89,50,47,34,11,5,3,8,5,2,31.1,0.08,0.25,20.1,21,3,0.08,-0.2,148,34.2,0.09,17.4,15,5,0.12,-12.6
388,347,281,58,340,51.8,317,369,131,238,365,785,10,318,237,231,64,219,46.6,251,375,108,267,295,814,10,105,4,2,567,412,104,763,2,5,1,1816,773,686,53,1,0,36,656,3,3,0,1802,11476,1549,3119,27,308,103,15384,1408,2781,29,28.5,32.9,348,1230,277,78,1802,444,51,118,772,173,57,86,7,328,1958,34,130,152,57,46,1,80,186,22,263,1.05,20,2279,6620,511,498,566,313,2063,6405,718,663,151,616,346,99,37,52,33,12,12,1,8,3,0,56,51,44,50,15,6,3,4,7,1,31.6,0.08,0.24,16.8,4,1,0.09,-7.5,143,30.2,0.08,19.6,30,4,0.08,0.1
311,247,201,77,243,47.0,274,400,108,292,263,756,16,339,286,187,57,247,51.0,237,411,101,310,291,903,9,78,5,1,518,392,68,813,4,2,0,1802,750,655,92,6,2,126,694,1,5,0,1887,12874,1666,3277,32,301,104,14977,1442,2865,44,38.3,36.0,315,1147,288,89,1958,520,19,124,867,170,83,68,1,383,1899,64,147,175,75,55,0,82,182,19,211,1.18,21,2147,6244,530,501,540,283,2440,7860,589,646,171,692,282,77,32,47,45,8,8,4,10,6,0,65,41,47,32,11,10,5,5,2,1,29.5,0.1,0.33,17.9,14,4,0.09,4.5,150,34.4,0.13,16.7,15,1,0.11,6.1
372,279,282,69,270,44.4,338,410,105,305,308,796,12,408,314,284,81,306,52.0,283,388,119,269,285,759,17,108,5,3,563,518,96,688,3,2,2,1908,506,578,105,7,3,87,682,0,6,0,1934,13282,1436,3063,12,314,81,13590,1406,2883,36,36.3,34.7,354,1043,292,77,2012,580,43,141,858,169,77,53,2,333,1995,51,135,173,67,69,1,81,186,21,255,1.0,21,2306,7210,653,506,634,373,2382,7287,673,658,165,621,360,79,36,62,70,20,3,3,7,5,1,74,64,37,31,10,7,6,4,2,0,32.9,0.05,0.14,20.8,47,6,0.08,-13.3,149,33.8,0.1,17.4,12,1,0.1,1.4
368,252,214,91,225,48.8,236,401,104,297,296,552,14,389,393,221,91,393,49.5,401,402,146,256,296,689,16,69,4,1,368,523,79,618,3,1,1,1766,329,272,95,0,0,38,680,0,5,2,1609,21794,1624,2474,66,476,59,14072,1325,2385,17,26.4,28.4,299,995,259,92,1769,553,93,224,650,211,66,86,0,285,1668,33,163,145,62,48,1,83,164,18,192,2.5,23,2455,7880,889,950,480,312,2668,7335,504,583,127,502,332,72,84,59,38,16,8,16,13,2,2,54,25,46,26,14,2,2,4,0,0,40.8,0.14,0.34,17.5,24,2,0.11,16.2,117,29.8,0.06,17.9,7,1,0.09,-10.4
405,271,285,94,283,51.3,269,405,118,287,253,693,15,368,305,268,62,284,46.9,321,402,112,290,278,803,9,98,2,0,604,442,92,672,1,7,1,1816,759,714,100,6,3,98,523,4,4,3,1665,15263,1553,2800,36,320,63,11674,1358,2891,24,24.6,26.7,263,787,207,60,1838,534,48,122,830,198,103,60,0,340,2035,27,130,137,43,62,1,80,178,23,271,1.58,20,2214,6934,681,685,612,351,2455,7311,619,405,99,578,368,79,53,59,37,19,4,6,9,4,2,71,37,53,51,11,5,4,10,4,1,32.2,0.1,0.3,17.8,24,4,0.09,3.1,128,33.0,0.08,18.0,24,6,0.1,-3.3
463,380,237,80,335,53.5,291,395,123,272,313,772,9,347,247,240,71,278,48.8,292,367,88,279,236,895,10,108,4,0,477,443,77,934,1,5,2,1901,610,525,81,3,1,78,698,1,2,2,1720,14628,1667,3111,30,363,134,14795,1505,2803,40,42.0,36.5,382,1173,293,97,1879,513,28,206,807,180,72,76,0,357,2001,62,141,196,56,69,4,82,168,20,274,1.08,18,2261,7429,632,635,620,280,2402,7397,692,693,188,536,362,94,42,40,45,12,6,6,5,2,3,72,52,51,39,14,6,2,6,5,2,32.9,0.09,0.28,17.5,15,2,0.09,1.1,170,34.3,0.09,17.6,16,5,0.11,-3.9
379,335,250,72,309,50.0,309,392,105,287,324,842,9,379,293,231,88,294,51.6,276,406,87,319,269,646,10,64,5,2,481,475,69,593,7,6,2,1863,485,628,102,5,0,86,734,5,9,1,1898,12233,1226,2710,24,267,72,16672,1754,3119,31,32.8,34.4,299,1382,318,93,1900,550,36,111,868,124,23,47,1,375,1885,52,155,182,83,62,1,81,179,20,229,1.29,22,2323,7222,644,522,582,318,2064,7654,698,621,147,635,348,66,38,29,42,17,3,5,5,6,0,65,38,53,44,11,7,4,9,5,1,33.4,0.08,0.25,18.7,16,8,0.1,-4.1,154,37.8,0.1,17.2,22,3,0.11,-4.6
348,288,212,76,260,48.9,272,386,130,256,304,789,12,436,331,258,96,329,48.4,351,422,126,296,346,584,11,110,8,4,488,462,92,592,5,6,1,1697,474,357,91,2,2,75,886,3,7,1,1876,15349,1525,2599,47,365,88,15642,1534,2794,48,40.6,44.6,408,1214,392,125,1836,541,69,143,666,174,75,57,2,335,1729,51,194,200,78,65,2,80,178,22,186,1.39,21,2879,8003,723,654,570,356,2172,6893,580,734,182,516,316,76,53,56,30,16,9,4,15,5,1,87,41,66,55,18,4,5,7,9,1,35.3,0.13,0.36,16.2,8,5,0.11,8.4,208,35.9,0.1,17.6,21,6,0.09,5.3
322,292,202,63,280,44.9,343,435,122,313,322,855,13,369,274,233,84,310,51.2,296,373,108,265,249,553,14,98,4,2,443,401,83,605,2,6,1,1890,482,530,93,5,2,158,851,5,3,0,2010,12151,1512,2911,33,316,81,15420,1644,2972,49,49.5,49.2,423,1406,370,91,1907,552,49,132,750,147,58,59,1,308,1863,70,189,227,80,99,1,81,187,21,254,1.08,22,2715,7746,666,569,580,281,1977,6271,711,860,236,483,277,73,51,51,33,17,7,8,7,3,0,78,44,39,44,12,7,7,5,6,1,35.3,0.11,0.3,18.1,21,2,0.1,3.5,198,36.9,0.11,17.4,14,4,0.11,1.5
369,267,254,87,322,50.2,320,415,95,320,310,598,14,416,374,212,70,305,46.8,347,449,147,302,384,839,17,81,5,1,512,421,96,918,3,3,3,2194,532,487,97,3,1,77,579,3,7,1,2087,14440,1634,2878,33,413,107,13537,1644,3105,28,26.9,27.7,286,913,253,70,1940,502,44,191,835,257,66,123,1,386,1951,41,190,136,56,50,2,81,182,19,248,1.34,22,1978,6159,734,864,554,351,2875,8384,719,549,135,600,286,96,56,59,40,16,3,6,7,7,1,65,42,42,41,15,3,7,5,6,3,29.0,0.08,0.26,17.1,13,5,0.09,-8.2,120,31.0,0.1,18.0,16,3,0.09,3.1
408,332,245,90,334,48.8,351,396,103,293,304,704,9,317,271,181,87,262,44.9,322,445,134,311,368,663,14,92,8,3,440,418,79,625,0,5,0,1977,445,399,93,6,2,57,743,3,1,2,2011,16814,1549,2765,51,418,68,16384,1852,3099,22,31.3,31.5,331,1304,267,93,1779,490,83,193,702,183,97,46,0,345,1735,40,228,185,78,68,1,81,168,22,201,2.03,21,2414,7790,656,730,486,277,2425,7018,764,729,146,540,333,59,47,51,32,13,7,9,13,3,2,60,49,41,38,8,4,1,7,3,0,36.2,0.12,0.34,17.0,9,1,0.12,6.1,124,28.6,0.07,18.6,18,4,0.09,-8.1
324,211,216,95,227,45.6,271,353,82,271,253,439,17,385,332,250,65,321,44.8,396,423,139,284,369,746,17,84,6,3,433,452,98,744,0,3,3,1995,467,359,93,8,2,120,483,3,2,1,1831,21298,1990,2923,56,449,104,10316,1358,2606,10,23.0,21.6,244,747,198,61,1799,565,133,205,710,244,82,83,2,340,1788,41,155,111,48,46,1,81,168,23,227,2.32,23,2020,6759,803,961,546,326,2714,6971,567,475,130,517,295,65,62,58,30,11,2,6,11,0,0,51,26,37,20,16,1,1,3,3,0,32.8,0.12,0.37,15.8,20,0,0.13,-6.5,99,30.2,0.04,17.4,6,3,0.1,-16.2
421,373,238,54,338,48.2,363,411,112,299,364,857,7,417,303,268,93,311,46.0,365,437,95,342,324,584,9,83,15,3,414,535,74,514,4,3,1,1918,453,502,99,8,1,104,756,2,9,3,1977,14678,1432,2667,26,310,54,14220,1478,2672,28,37.0,35.7,326,1182,302,86,1920,634,62,137,740,152,46,76,1,376,1790,61,153,209,71,98,2,81,165,21,254,1.58,21,2330,7276,773,621,564,353,2101,6663,774,749,146,492,327,55,53,44,35,7,3,5,9,5,0,92,54,44,47,11,4,4,6,3,1,33.6,0.09,0.25,18.1,21,8,0.11,-8.3,143,30.9,0.08,17.9,24,3,0.1,-10.0
410,358,205,60,320,47.7,351,425,128,297,270,853,13,374,255,249,99,249,50.3,246,347,87,260,242,727,10,116,7,4,532,482,75,633,2,10,0,1953,606,651,100,11,5,69,852,6,5,1,1954,9940,1452,3117,20,269,93,15630,1772,3099,32,38.4,40.0,393,1364,339,96,1852,548,29,150,748,145,65,47,3,297,1939,39,233,200,63,82,1,79,183,24,244,1.11,20,2374,6497,569,475,567,354,2154,6661,746,823,187,596,303,69,36,42,38,17,2,8,5,2,0,86,56,61,62,21,6,6,9,8,0,27.7,0.06,0.23,18.2,12,4,0.1,-12.5,192,35.5,0.08,17.5,24,9,0.1,-8.6
413,319,269,76,295,43.6,381,393,84,309,368,666,5,356,314,204,75,295,47.7,323,369,121,248,394,681,9,85,6,3,469,493,81,705,2,8,1,2031,458,539,112,9,3,64,633,6,3,2,2018,14700,1565,2844,31,353,77,14618,1704,2985,35,30.5,29.2,279,1132,218,89,1923,557,44,161,802,184,65,88,1,300,1898,49,196,165,63,78,1,81,161,22,266,1.13,22,2214,7194,700,704,566,298,2271,6852,747,536,137,617,369,62,45,41,37,11,3,6,3,1,2,74,43,36,43,11,8,8,9,5,0,34.0,0.08,0.24,19.0,19,2,0.09,-1.6,127,33.5,0.12,17.3,14,5,0.11,6.6
363,367,212,54,280,46.4,323,413,131,282,323,766,13,402,293,265,98,311,47.6,342,418,97,321,288,698,9,99,12,3,525,394,81,750,4,10,2,1924,484,465,83,8,4,100,753,7,5,0,1979,12051,1477,2793,21,313,82,15598,1682,2859,44,48.7,43.7,416,1340,325,92,1908,494,24,164,789,204,72,83,8,390,1922,62,140,223,77,84,3,79,177,24,242,0.66,22,2416,7058,708,561,577,345,2067,6449,695,737,204,588,353,103,47,37,33,11,7,0,4,5,2,85,58,69,46,14,4,9,10,6,1,31.0,0.07,0.21,16.9,10,4,0.09,-7.5,198,35.9,0.11,17.3,22,7,0.12,-5.0
379,330,239,83,301,50.2,299,416,134,282,338,788,9,326,239,220,46,260,50.3,257,328,100,228,238,822,10,99,10,4,457,493,62,713,3,6,2,1791,647,596,111,8,5,82,730,4,5,1,1886,10827,1483,2971,31,319,83,15807,1742,3004,47,44.6,40.9,426,1297,324,92,1951,574,34,115,744,179,75,60,3,298,1893,47,192,198,61,94,2,81,169,21,238,0.97,19,2216,6173,575,528,526,245,2324,7122,680,748,223,539,351,79,43,53,41,13,2,5,13,3,3,70,53,43,41,11,4,5,8,8,2,36.2,0.11,0.3,17.3,13,5,0.11,2.7,177,32.8,0.12,17.2,15,5,0.1,7.2
339,282,199,60,285,46.0,334,404,113,291,320,794,10,290,211,190,56,189,46.6,217,378,95,283,300,723,14,126,9,6,600,437,79,649,3,8,2,1871,714,697,91,7,4,95,771,2,8,0,2137,9690,1502,3175,21,248,94,17070,1833,3374,29,31.0,32.4,360,1296,254,86,1929,524,18,162,857,119,58,54,1,333,1962,48,192,179,61,75,0,82,165,20,269,1.11,23,1980,5769,456,365,504,268,2202,7691,714,688,138,556,256,84,25,35,54,7,4,2,2,4,1,62,47,42,39,6,7,5,7,2,0,31.8,0.08,0.25,18.0,19,5,0.09,-2.7,158,32.9,0.08,19.7,22,4,0.09,-3.0
321,271,213,67,244,45.9,288,379,111,268,266,662,20,415,289,265,87,311,47.7,341,359,78,281,304,659,10,92,3,2,440,507,87,713,7,8,0,1836,428,435,91,5,1,64,753,6,9,3,1905,15146,1449,2560,41,366,91,14391,1573,2822,39,38.6,38.5,377,1220,296,95,1884,576,32,135,742,145,66,53,1,319,1745,45,163,181,70,70,1,81,179,21,228,1.29,21,2619,7919,728,725,467,330,2166,6541,623,677,166,467,307,86,41,45,43,9,10,1,5,13,3,68,52,40,38,21,5,8,3,7,2,35.9,0.11,0.29,17.2,6,8,0.1,4.4,161,33.2,0.1,18.0,13,6,0.1,0.1
344,318,213,52,283,48.7,298,402,146,256,318,859,7,296,202,217,81,198,40.3,293,333,82,251,231,621,8,120,5,0,611,457,77,635,4,7,0,1833,674,629,94,4,1,40,822,4,5,1,1900,10451,1424,2932,27,252,69,16934,1588,2872,31,31.8,35.9,378,1539,332,115,1701,497,29,150,649,139,49,68,0,306,1897,48,130,194,54,59,6,82,165,19,280,1.32,20,2351,6553,556,476,498,302,1788,5800,652,795,132,561,300,76,33,30,42,9,11,4,4,5,2,82,44,40,43,9,4,7,7,5,1,33.0,0.1,0.3,17.4,8,4,0.1,0.8,138,28.2,0.08,19.3,19,6,0.08,-3.4
328,256,196,82,266,45.2,322,392,97,295,315,749,10,332,318,195,50,247,44.1,313,381,93,288,311,797,7,93,7,1,544,410,60,794,5,4,2,1930,613,628,81,9,5,109,696,4,5,1,1892,12725,1759,3323,30,322,114,14139,1573,2988,29,34.8,34.3,326,1049,277,77,1875,523,26,197,799,159,64,65,3,345,2027,46,175,192,58,69,4,81,183,20,198,1.39,21,2287,6397,626,545,590,316,2493,7751,673,680,170,586,268,77,53,41,30,14,7,0,5,4,0,76,49,34,37,7,3,3,5,3,0,30.2,0.07,0.24,18.7,7,4,0.08,-3.8,146,33.1,0.09,18.1,15,1,0.1,-5.7
393,262,276,98,281,42.3,383,428,92,336,309,680,11,391,317,278,69,290,49.5,296,416,133,283,345,810,10,90,6,2,544,490,98,832,2,5,4,2085,437,527,93,7,4,85,654,2,8,4,2125,13497,1717,3329,29,386,102,12926,1497,2986,34,36.8,30.9,330,963,252,70,2054,564,29,194,901,189,78,69,1,365,2011,30,182,180,82,63,3,82,183,18,267,1.29,21,2061,6266,660,703,554,374,2445,7779,765,589,165,594,355,77,43,40,46,24,5,6,3,4,1,77,46,47,39,13,11,4,9,3,3,28.6,0.07,0.25,20.6,24,4,0.08,-2.9,140,32.5,0.1,17.4,13,4,0.11,-1.3
353,242,212,88,259,45.8,306,365,105,260,296,469,5,407,377,218,81,379,44.4,475,492,175,317,331,678,8,72,3,2,367,530,89,574,8,5,1,1843,339,231,97,7,1,56,541,0,12,2,1730,22082,1812,2595,56,522,50,13004,1292,2373,21,27.8,26.3,317,1013,248,63,1760,555,65,242,653,226,83,53,1,353,1589,36,121,145,62,42,3,83,151,18,248,2.05,20,2415,7782,971,1008,490,297,2604,6935,617,631,140,470,283,85,88,52,67,8,5,15,8,10,1,69,49,44,27,15,3,2,10,3,0,32.5,0.1,0.31,18.6,32,9,0.11,-2.5,131,31.4,0.07,18.7,11,4,0.09,-3.9
395,304,254,102,285,46.5,328,399,103,296,271,624,13,403,341,237,83,293,48.8,307,402,110,292,325,613,15,90,2,0,621,452,91,538,4,2,2,2018,664,557,98,10,5,91,570,2,4,4,1911,15324,1505,2659,36,346,65,12130,1456,3002,26,24.8,26.4,300,873,222,78,1799,537,47,107,782,165,57,71,1,324,2051,34,147,154,51,48,1,81,178,22,267,1.87,23,2283,6890,680,692,607,368,2400,7172,681,575,130,558,375,71,41,39,38,17,3,5,4,3,3,60,45,35,38,12,2,5,3,3,1,37.2,0.1,0.26,17.4,15,2,0.11,-5.9,131,33.3,0.08,18.2,12,1,0.08,0.0
367,261,230,96,281,47.5,310,361,127,234,339,633,9,353,273,206,90,257,48.9,269,358,96,262,271,769,13,121,13,4,474,460,106,827,4,3,3,1973,497,475,95,8,1,75,673,2,5,0,1822,15379,1599,2958,31,341,95,13660,1572,2903,40,42.0,34.1,397,1136,274,101,1843,526,36,209,746,174,42,81,1,307,1898,49,187,170,68,62,2,78,177,26,236,1.29,21,2284,7140,604,558,515,312,2448,6961,661,643,160,532,306,74,26,41,39,17,8,7,6,5,0,85,42,52,46,13,3,5,8,2,1,30.5,0.09,0.3,18.1,17,4,0.09,0.7,158,31.1,0.1,18.5,19,2,0.11,-3.2
428,340,254,84,311,48.2,334,370,75,295,288,643,21,382,354,219,72,307,46.6,352,418,133,285,294,834,15,93,8,3,504,510,80,924,6,5,2,2015,492,561,127,10,2,74,594,3,8,2,1925,13592,1420,2753,23,355,111,12580,1540,2918,34,32.3,32.3,289,986,232,51,2007,570,39,164,852,226,67,88,0,345,1973,51,167,175,77,73,0,81,176,22,271,1.11,24,2061,6446,747,786,555,338,2406,7019,712,480,117,545,367,80,59,46,51,16,6,2,7,6,1,88,45,43,41,8,8,6,5,4,2,29.2,0.07,0.25,17.5,18,5,0.09,-9.3,146,37.0,0.1,17.0,16,2,0.1,-0.5
396,334,251,86,296,47.1,332,432,149,283,345,767,8,389,309,232,93,318,50.7,309,409,97,312,264,662,5,94,6,2,460,516,98,683,4,10,1,1966,471,617,66,2,0,53,734,5,4,1,1939,12627,1734,3141,24,324,92,13635,1511,2794,46,46.7,43.0,455,1184,346,94,1991,576,33,225,786,170,49,91,3,365,2003,55,141,211,88,68,2,78,189,27,225,1.05,21,2571,7370,718,610,589,316,2128,6441,712,723,215,533,375,77,39,36,46,13,6,4,4,5,0,101,68,56,44,9,8,11,7,7,1,30.9,0.07,0.21,19.6,19,3,0.08,-6.5,190,32.8,0.1,17.5,18,6,0.1,-3.2
370,276,201,101,270,50.6,264,372,125,247,262,691,16,423,349,240,99,345,44.2,435,426,114,312,349,618,16,91,4,2,450,482,87,520,5,4,1,1819,357,375,105,5,1,108,708,3,7,2,1823,16634,1743,2737,33,374,52,12047,1447,2598,29,35.7,30.5,343,969,278,84,1795,574,86,186,642,210,96,39,4,347,1682,50,138,182,67,69,0,81,172,21,204,1.68,20,2621,7659,880,846,552,343,2222,6362,597,640,170,513,308,45,73,53,40,8,2,13,11,4,0,64,49,49,41,26,8,8,5,5,3,37.7,0.11,0.28,18.0,22,4,0.12,-4.6,145,30.9,0.07,17.8,14,4,0.1,-10.9
324,271,221,58,262,41.1,375,373,106,267,376,890,7,273,249,193,69,233,46.2,271,351,87,264,311,729,12,93,4,3,529,455,72,758,6,9,0,1910,869,674,79,4,1,89,789,3,7,2,2061,9676,1524,3158,20,260,84,15404,1768,3310,48,42.0,47.0,384,1127,342,92,1961,543,27,188,825,139,54,63,1,310,2105,77,202,231,50,110,3,82,167,20,277,0.82,20,2222,6215,504,420,616,278,2263,7419,638,656,159,632,288,88,38,46,53,11,6,4,5,6,0,99,46,50,50,14,8,4,11,4,1,29.8,0.06,0.21,18.2,15,6,0.09,-8.3,159,31.2,0.12,17.3,20,6,0.1,8.0
292,217,216,75,224,38.5,358,411,128,283,339,788,8,353,293,224,56,232,43.9,297,393,131,262,387,817,14,90,4,3,487,483,89,798,5,3,1,2098,585,572,105,9,4,67,754,2,7,3,2036,12947,1437,2830,34,351,82,14696,2048,3642,26,27.7,31.5,332,1026,253,82,1999,552,42,184,880,224,52,102,0,332,1974,29,332,161,68,54,1,81,180,21,209,1.45,20,2066,6214,530,653,569,341,2686,8299,582,586,154,626,284,94,46,42,47,11,9,1,2,5,3,68,31,48,43,20,1,3,5,3,2,32.6,0.08,0.25,16.8,11,3,0.1,-9.6,128,29.1,0.07,18.5,20,3,0.08,-3.4
346,290,279,67,293,47.3,326,372,98,274,365,649,14,309,297,201,72,217,36.2,383,364,103,261,404,803,10,111,7,3,473,503,85,703,4,8,3,2002,559,539,102,4,1,36,601,3,5,2,1930,15076,1640,3060,45,347,66,14882,1763,3155,28,20.8,21.6,250,1068,187,47,1931,534,80,228,832,201,72,83,0,298,1850,32,209,149,67,64,1,79,170,26,159,1.87,20,2006,6787,600,705,555,353,2520,7416,619,495,78,587,343,86,56,41,40,12,6,5,8,3,3,71,35,39,45,8,7,4,9,7,0,33.2,0.13,0.39,17.5,8,4,0.11,8.6,98,28.1,0.09,19.2,17,7,0.08,6.6
331,236,270,81,244,49.5,249,346,85,261,325,467,17,352,309,250,72,273,36.5,474,376,109,267,392,809,10,97,5,3,499,489,99,798,6,3,0,2066,454,410,93,5,1,78,500,2,7,0,1885,21489,1949,2912,52,402,99,10460,1381,2671,27,24.7,23.3,265,750,214,60,1814,567,90,193,712,219,70,82,0,309,1811,39,128,128,52,52,1,82,159,20,264,1.92,22,2236,7093,747,961,623,358,2652,7090,493,448,136,569,343,62,68,34,41,9,5,7,8,6,2,68,31,31,38,13,6,5,6,6,1,34.6,0.12,0.35,17.1,15,6,0.12,4.6,120,34.4,0.1,18.1,13,2,0.09,3.6
392,322,261,79,324,46.6,371,386,112,274,361,777,11,370,331,254,62,282,43.1,372,416,135,281,375,614,11,87,6,1,485,470,71,547,4,3,2,1908,505,511,74,3,1,129,764,3,6,2,1869,15702,1583,2873,45,395,51,13052,1531,2849,29,30.2,31.0,308,1011,253,79,1860,586,66,181,749,174,56,78,0,310,1935,43,168,215,96,80,2,82,161,21,266,1.71,23,2299,7311,655,666,588,364,2221,6760,695,686,160,562,338,75,55,46,41,15,5,10,5,8,1,70,60,51,32,8,3,6,3,3,0,35.8,0.11,0.3,18.4,21,6,0.1,6.5,129,30.0,0.08,17.3,11,3,0.1,-5.4
380,346,238,63,301,42.3,410,390,106,284,413,768,5,312,265,197,67,238,45.9,281,328,89,239,323,792,12,105,3,3,488,449,69,865,5,13,0,2077,601,693,98,6,3,63,750,10,6,0,2038,10136,1552,3292,21,277,120,16729,1663,2923,31,30.4,35.0,357,1481,336,92,1886,511,37,183,795,181,79,63,1,312,1877,50,183,176,60,76,3,81,172,22,270,1.03,20,2215,6501,519,571,576,291,2196,6771,712,735,139,672,345,86,38,47,41,16,7,3,5,6,2,84,65,50,54,13,5,7,13,10,0,29.1,0.08,0.27,17.9,14,3,0.09,-4.5,157,34.1,0.09,18.5,20,11,0.08,2.7
409,324,279,93,286,37.5,476,423,91,332,376,634,11,324,236,237,81,244,41.4,346,410,97,313,454,776,14,87,3,1,507,463,83,768,3,8,2,2144,603,696,103,5,0,35,609,6,6,0,2175,16007,1837,3366,29,286,84,12362,1613,3048,29,28.7,27.2,293,989,257,80,1930,501,60,169,898,167,81,60,1,360,1995,22,184,146,56,57,0,82,155,21,222,1.21,20,2272,7479,591,665,572,310,2265,6965,762,547,133,679,410,43,25,50,34,9,2,3,11,1,1,74,53,44,51,9,1,6,11,4,4,33.3,0.1,0.3,18.3,14,3,0.1,-0.1,128,32.2,0.09,18.0,16,4,0.1,-4.7
325,335,191,63,268,43.1,354,367,126,241,305,769,14,346,244,268,76,258,43.2,339,363,87,276,359,617,9,104,6,1,518,471,74,720,1,10,0,1982,527,515,80,2,0,104,767,8,1,1,2077,12948,1676,3129,29,261,78,14329,1633,2988,41,41.7,38.2,372,1095,327,109,1943,591,34,180,763,155,63,70,1,335,1839,78,195,195,74,74,0,80,179,22,255,1.11,20,2493,7657,597,531,650,330,1764,6198,623,657,163,567,321,60,42,23,28,13,4,7,3,2,2,75,63,59,56,11,8,7,8,6,1,31.7,0.11,0.36,18.0,8,1,0.1,5.3,166,32.4,0.09,18.0,23,7,0.1,-7.1
338,308,196,53,275,42.6,371,360,114,246,326,892,20,350,248,249,77,243,39.4,373,338,98,240,287,591,4,99,7,3,440,516,70,627,3,5,2,1736,447,574,120,7,4,86,888,2,5,1,1899,13360,1475,2817,25,300,59,15516,1748,2957,39,36.7,43.5,367,1282,378,102,1846,590,29,196,659,172,65,67,1,287,1767,56,190,223,83,84,1,81,181,21,269,1.11,21,2604,7525,616,610,563,331,1938,6189,646,800,194,533,282,59,47,40,41,13,5,4,8,3,2,75,49,46,35,12,6,4,5,2,2,31.8,0.08,0.27,19.5,24,5,0.08,2.3,165,33.2,0.09,17.2,14,4,0.1,-0.2
360,266,243,78,248,41.8,346,400,96,304,401,719,8,279,204,239,68,210,46.5,242,343,106,237,357,668,8,121,8,1,559,481,53,621,1,4,1,1924,721,717,110,4,2,109,752,3,5,2,2111,10278,1516,3176,26,288,73,16725,2111,3622,30,27.4,29.1,299,1096,270,78,1929,579,17,194,842,136,65,58,0,299,1926,58,282,186,60,87,1,83,153,19,251,1.03,19,2003,5988,452,399,603,301,2099,7619,594,612,111,621,339,85,32,40,61,18,7,3,2,1,2,85,30,32,52,11,5,2,4,2,1,27.5,0.07,0.25,20.6,29,3,0.06,1.7,129,31.6,0.09,19.0,22,2,0.09,1.4
343,310,240,61,274,43.4,358,437,130,307,326,841,8,280,268,193,85,225,45.5,270,359,106,253,307,662,11,105,4,1,477,466,62,691,2,9,2,1867,602,743,101,9,6,69,824,7,5,1,2067,10582,1460,3218,28,306,82,14611,1731,3199,46,44.6,41.8,426,1217,347,111,1971,544,28,142,791,159,70,60,1,295,1955,56,176,205,60,91,2,80,175,22,243,1.0,20,2401,6704,495,435,588,321,2120,6813,632,706,190,644,337,67,43,49,40,15,8,3,6,2,4,102,61,57,47,20,9,11,7,7,4,31.1,0.1,0.31,19.2,12,3,0.09,4.0,184,33.2,0.09,17.9,15,7,0.1,-2.2
305,268,212,78,237,38.8,374,326,110,216,377,735,12,384,345,238,54,335,49.0,348,379,107,272,327,621,17,109,6,2,550,403,77,624,6,6,0,2054,441,492,104,5,3,78,697,6,13,0,2051,12584,1501,2917,34,318,63,14699,1615,3015,59,41.2,41.1,393,1056,300,69,1837,477,50,183,769,168,58,76,3,311,1884,54,205,185,58,68,3,81,180,21,261,0.92,19,2377,7382,683,569,614,302,2204,6680,611,716,187,554,321,80,48,65,28,13,3,5,9,6,1,77,59,47,43,21,8,12,6,7,6,34.0,0.1,0.29,17.7,14,8,0.11,-4.1,197,38.8,0.14,17.8,15,5,0.1,21.0
332,301,235,71,248,45.0,303,374,119,255,344,826,9,351,257,304,87,244,39.9,368,377,121,256,306,746,10,114,7,4,554,535,67,597,6,8,4,2007,651,703,114,6,4,57,738,4,7,3,2011,11046,1312,2691,23,303,64,14388,1606,3001,40,33.8,36.9,329,1078,316,107,1934,575,44,113,788,159,64,34,5,311,1887,44,155,161,69,65,3,82,178,20,273,1.03,23,2231,6593,612,575,613,404,2165,6846,551,650,141,622,359,90,47,55,55,19,6,4,7,8,2,83,46,51,41,11,6,4,8,7,3,29.8,0.06,0.21,19.5,23,6,0.08,-5.8,144,31.3,0.12,17.8,14,6,0.1,9.7
331,270,236,71,251,42.0,347,340,115,225,368,758,5,326,265,204,46,206,44.1,261,355,99,256,353,843,15,84,2,1,498,391,66,864,3,7,2,2118,808,743,73,1,0,82,719,5,8,0,2104,11904,1702,3278,23,297,124,14630,1602,3263,37,32.5,31.0,335,1016,271,70,1986,473,16,195,932,179,61,99,4,309,2009,50,195,184,56,71,2,83,175,17,269,1.24,21,2013,6066,467,417,597,309,2463,7877,598,722,182,603,326,85,28,49,44,13,7,0,7,4,2,63,56,50,24,9,8,9,9,4,0,26.8,0.07,0.27,19.6,11,6,0.07,0.3,144,33.0,0.1,18.9,8,4,0.1,2.7
359,320,237,64,280,40.7,408,410,95,315,365,686,9,391,304,274,75,282,44.1,357,400,130,270,343,711,15,101,3,1,537,511,83,862,4,9,1,2110,652,655,110,3,0,54,659,6,4,1,2151,12747,1719,3277,28,359,109,12928,1591,3174,33,34.7,33.7,313,1058,267,63,2020,553,38,161,906,190,76,76,4,321,2049,54,156,177,77,70,1,81,178,20,224,1.11,21,2161,6591,639,697,696,371,2364,7202,688,603,154,614,341,98,37,54,52,18,5,7,8,5,2,77,48,35,40,19,10,7,7,6,3,26.6,0.07,0.26,18.5,27,4,0.08,-4.8,154,38.0,0.1,18.1,17,7,0.1,0.6
345,281,195,84,211,42.0,291,379,114,265,334,526,17,346,347,159,95,324,41.5,456,443,161,282,342,696,16,76,0,0,394,474,106,611,10,5,0,1941,397,319,82,3,1,30,670,5,12,0,1742,21373,1987,2902,59,526,57,13258,1529,2706,20,32.2,33.4,319,1027,246,77,1706,491,71,309,639,218,81,50,0,313,1715,41,171,153,70,55,0,83,163,19,248,2.26,22,2399,8154,780,1029,495,277,2591,6738,502,632,147,507,349,68,83,56,49,17,2,13,11,8,3,71,41,41,44,18,4,5,3,5,3,37.7,0.11,0.3,18.8,21,8,0.1,8.3,124,29.0,0.07,18.7,14,3,0.09,-12.9
339,271,234,81,260,47.6,286,382,105,277,348,703,6,415,344,276,81,310,46.3,360,424,117,307,339,693,9,77,4,1,491,465,76,638,8,6,0,2012,678,597,95,2,2,86,662,5,11,0,1954,15403,1569,2800,22,313,69,12311,1509,2989,28,28.1,29.8,318,949,246,75,1895,537,45,96,829,186,79,79,1,352,1967,36,160,174,56,66,2,81,179,19,237,1.63,19,2574,7504,670,667,626,391,2362,6990,546,587,149,625,326,70,56,57,46,14,3,6,12,10,0,82,35,44,39,13,7,1,3,7,2,33.3,0.07,0.22,17.1,18,9,0.1,-11.5,121,29.3,0.08,18.7,15,5,0.08,-1.7
302,252,211,71,236,43.5,306,367,124,243,270,603,18,353,312,203,94,283,48.1,305,344,91,253,348,748,8,97,4,2,462,462,80,787,3,4,0,2064,595,561,98,4,2,53,647,1,3,2,1879,18327,2275,3745,40,342,112,11300,1367,2778,19,25.0,29.4,298,900,239,67,1889,526,37,312,844,175,11,124,2,305,1838,30,143,158,66,61,1,79,179,25,262,1.84,22,2692,8904,588,625,589,326,2220,6221,542,521,124,558,298,78,35,35,43,15,9,8,7,5,3,64,40,39,41,14,6,5,7,4,1,32.3,0.11,0.35,17.0,10,2,0.09,8.6,118,28.1,0.07,18.7,15,2,0.08,-6.9
364,289,217,85,266,42.7,357,373,93,280,339,746,8,335,299,211,66,282,43.9,360,314,90,224,286,795,7,134,8,6,641,586,52,765,8,8,3,2079,564,599,133,7,4,97,679,5,9,3,2076,9627,1506,3098,30,288,75,13730,1618,3095,34,32.3,30.7,330,1061,275,77,2039,664,32,227,811,175,73,63,3,289,2093,50,198,172,68,66,1,81,179,20,246,1.26,22,1994,5790,642,554,656,294,2234,7262,623,597,133,663,325,93,45,26,64,11,8,7,3,11,1,83,43,41,58,10,7,5,7,6,2,32.7,0.09,0.29,18.9,18,8,0.08,6.0,155,35.5,0.1,18.1,19,7,0.1,2.3
312,250,197,91,229,48.1,247,330,109,221,329,644,16,380,310,234,84,296,39.7,450,469,112,357,387,690,11,81,1,1,472,459,91,574,3,5,1,1946,491,437,98,3,2,123,749,5,6,1,1929,16679,1669,2743,51,363,66,11881,1462,2897,20,30.2,28.2,294,894,229,80,1875,582,90,166,737,200,92,44,2,396,1775,34,168,198,76,80,2,81,183,21,234,1.55,21,2439,7743,746,790,570,332,2370,6846,476,583,161,521,309,73,57,38,28,11,12,11,10,5,1,69,34,38,43,19,4,4,5,5,1,36.5,0.13,0.35,15.3,8,5,0.14,-2.2,123,30.0,0.08,18.6,13,4,0.1,-8.8
292,263,181,55,197,34.9,368,341,90,251,428,766,8,278,197,215,57,213,45.5,255,309,89,220,342,623,13,96,8,5,513,487,73,645,5,3,0,1737,831,602,80,3,1,107,731,3,8,1,1922,10217,1482,2923,21,256,82,15323,1778,3256,44,37.1,34.2,292,1086,299,78,1937,595,11,144,800,142,42,68,4,265,1940,22,201,201,72,62,0,82,163,20,254,1.0,20,2104,6503,468,404,557,256,2076,6655,565,632,139,564,302,97,25,35,50,13,9,4,5,9,4,63,42,32,42,12,4,9,5,5,3,28.0,0.09,0.32,17.4,12,5,0.11,-7.6,139,35.2,0.14,17.1,16,3,0.12,7.1
269,194,200,67,167,32.4,348,341,74,267,344,684,9,303,265,226,41,197,39.3,304,396,94,302,484,772,6,82,3,1,483,477,77,811,5,6,1,1836,656,601,80,5,4,83,753,5,5,3,1861,13577,1791,3120,31,303,79,14283,1797,3229,29,27.1,30.0,282,1022,280,94,2027,561,13,200,920,197,65,73,3,376,1846,21,242,157,46,70,1,81,177,22,242,1.21,21,1919,5860,501,685,496,335,2418,7574,515,589,121,557,294,66,37,25,43,13,5,3,5,7,1,62,40,24,39,7,9,2,3,8,2,32.1,0.1,0.3,17.4,15,4,0.1,0.2,105,28.4,0.1,18.8,15,5,0.09,3.5
367,291,253,78,296,46.9,335,361,83,278,386,671,7,315,308,185,63,214,36.4,374,359,88,271,454,674,9,100,0,0,489,443,96,597,6,4,3,1951,530,482,59,3,0,30,708,3,7,2,1939,16757,1653,2869,54,347,53,15160,1807,3152,15,27.7,28.9,271,1175,243,77,1766,480,46,171,734,196,54,98,0,302,1820,10,211,160,54,71,0,82,148,23,231,2.26,20,1967,6777,588,694,503,342,2326,6949,631,557,89,516,326,71,55,42,35,8,7,12,3,7,1,70,27,34,42,7,4,0,1,1,2,39.4,0.13,0.34,17.6,13,5,0.11,12.2,119,33.3,0.06,18.6,14,1,0.1,-15.1
293,223,195,81,224,42.9,298,325,70,255,361,429,16,320,357,181,60,257,33.4,513,440,133,307,517,639,8,72,2,2,357,523,90,494,6,5,2,1937,395,317,76,6,2,48,514,5,8,5,1846,25192,1599,2287,51,452,52,11743,1354,2515,20,25.4,25.7,234,806,223,56,1686,536,58,108,644,217,68,35,0,340,1515,20,141,140,43,57,1,82,158,22,260,2.08,23,2240,7299,770,972,477,341,2541,6990,522,529,127,534,275,50,76,34,61,10,2,12,9,7,1,46,40,31,27,15,5,5,3,7,3,40.2,0.13,0.33,17.1,43,4,0.12,6.5,125,38.7,0.1,17.4,14,5,0.12,-4.8
314,274,220,62,211,37.9,345,361,74,287,452,687,11,336,286,245,55,218,34.2,420,408,130,278,364,610,12,93,8,4,521,483,65,586,9,10,3,1938,613,628,83,2,0,125,654,6,11,0,1936,15816,1673,3002,35,335,80,13194,1595,2971,31,30.1,29.1,259,928,245,68,1894,598,18,163,774,184,48,82,2,321,1847,36,180,158,64,60,0,82,155,21,276,1.61,23,2102,6948,638,694,591,368,2314,7011,556,551,127,505,345,74,59,40,36,13,12,6,5,9,1,65,43,29,43,11,3,5,7,5,1,33.5,0.1,0.29,18.9,16,8,0.1,0.9,126,35.4,0.11,17.7,17,8,0.11,0.2
317,305,216,52,247,40.7,360,368,99,269,437,788,8,300,217,199,70,192,37.4,321,244,41,203,302,660,10,81,3,2,436,483,56,731,3,10,1,1809,687,753,87,4,4,101,805,5,4,3,1929,7949,1319,2992,16,196,73,18990,1736,2988,41,39.3,44.2,340,1523,367,100,1920,587,15,134,739,149,56,78,1,282,1771,31,189,206,92,61,2,80,180,23,262,1.16,22,2120,5874,513,455,561,294,1848,6813,607,820,146,569,326,65,38,27,42,15,2,3,6,4,1,63,45,37,39,16,4,6,5,9,3,32.4,0.1,0.3,17.6,14,4,0.11,-1.7,140,31.9,0.11,18.0,19,9,0.11,1.6
368,332,259,71,238,34.3,456,399,89,310,405,751,12,288,183,204,81,189,40.6,276,344,76,268,489,522,6,109,5,3,631,492,65,521,7,8,1,1988,609,669,102,6,4,51,741,6,7,0,1988,15176,1552,2914,39,267,48,12833,1703,3093,37,35.7,33.2,285,965,248,79,1851,553,33,145,764,125,42,62,2,298,2062,21,196,166,66,55,0,83,137,20,238,1.39,24,2443,7999,465,514,533,279,1927,6118,694,578,139,637,424,51,31,36,38,8,6,5,6,10,2,71,58,31,56,13,4,5,9,8,4,38.0,0.14,0.36,17.0,13,7,0.13,4.6,130,32.0,0.12,17.9,23,7,0.12,5.0
309,228,204,82,203,39.2,315,360,63,297,434,593,11,319,285,196,38,199,38.3,320,359,98,261,406,933,7,71,3,2,494,387,67,1052,4,5,0,2179,908,917,66,2,1,128,545,5,9,0,1962,11810,2002,4026,20,309,118,12572,1719,3524,40,35.2,26.3,264,842,230,62,2037,511,5,243,991,197,94,98,0,325,2156,38,175,141,47,56,2,82,149,21,266,0.79,20,1764,5553,519,507,657,320,2897,9306,519,446,125,544,311,88,49,52,51,15,3,6,4,2,3,57,38,39,30,9,1,10,5,3,0,28.7,0.06,0.2,18.1,14,4,0.09,-16.2,131,38.0,0.14,17.2,12,3,0.13,6.3
335,324,189,38,210,36.3,368,357,97,260,386,689,11,347,216,281,101,253,40.9,365,327,57,270,406,586,8,99,3,2,527,456,51,672,1,10,1,1811,488,539,79,2,1,64,693,6,3,1,1977,13481,1653,3001,25,190,79,15678,1700,2817,43,44.0,42.8,369,1247,346,84,1835,537,8,167,715,137,52,60,1,322,1671,28,149,164,43,64,1,82,152,21,298,0.95,21,2572,8345,618,501,614,345,1668,5637,578,702,158,526,341,60,22,25,30,5,8,3,4,3,1,71,56,30,56,12,7,9,7,5,0,32.5,0.12,0.36,16.8,12,2,0.11,3.1,154,33.2,0.1,17.7,20,6,0.12,-6.9
352,232,276,71,241,38.9,378,361,53,308,393,615,4,313,339,196,39,220,45.5,263,352,88,264,390,838,3,120,7,2,631,520,74,815,3,8,3,1943,840,946,106,6,5,87,566,6,5,1,1948,8977,1417,3219,14,261,102,14007,1739,3372,26,25.8,23.2,223,935,204,58,2055,596,7,210,973,143,71,36,0,322,2054,22,214,145,57,53,1,83,141,19,228,1.0,21,1589,4689,483,443,607,354,2309,8032,619,454,87,600,338,70,37,37,52,9,0,6,6,4,0,68,30,22,45,4,6,3,3,8,0,27.3,0.07,0.25,18.8,24,3,0.09,-7.4,103,33.0,0.11,18.4,13,7,0.11,-0.3
279,226,213,60,185,39.5,283,388,128,260,392,764,7,313,265,227,58,204,39.5,312,363,78,285,359,613,9,97,6,1,533,469,82,613,4,12,1,1800,675,851,104,6,3,53,764,10,5,0,1862,9083,1288,2951,30,224,58,15039,1751,3151,41,38.2,36.5,363,1126,324,96,1922,506,17,115,870,128,57,39,1,333,2008,22,208,185,56,79,1,80,176,24,222,1.21,22,2133,6002,516,411,526,346,1938,6784,468,636,146,590,314,66,37,43,50,9,4,5,9,4,2,76,44,61,51,8,5,8,10,6,0,34.2,0.12,0.36,19.1,21,3,0.11,5.9,159,34.0,0.12,17.4,15,6,0.1,7.8
322,309,191,56,239,41.3,340,342,83,259,437,616,7,309,212,221,99,227,34.8,426,325,80,245,323,773,14,69,2,1,528,518,101,824,2,5,2,1876,580,598,64,2,1,74,691,3,4,2,1870,13511,1679,3199,23,295,113,15344,1841,3242,37,35.6,32.8,324,1211,298,93,1930,598,9,197,788,156,59,58,1,321,1932,20,182,161,52,55,0,82,171,21,215,0.89,20,2396,7960,653,617,539,305,2166,6647,579,657,141,563,317,71,44,34,43,10,6,2,4,1,2,80,54,38,49,8,7,8,10,6,0,32.2,0.07,0.22,18.0,13,3,0.09,-6.7,144,34.6,0.11,17.8,22,5,0.11,2.9
283,268,189,55,208,38.3,335,336,94,242,432,680,15,334,287,204,84,249,40.5,366,374,76,298,433,638,8,68,1,0,509,397,69,697,5,4,2,2023,455,522,87,7,2,99,683,2,6,1,1964,14189,1695,3077,35,286,83,13052,1628,3057,42,40.0,33.1,356,966,304,80,1825,509,23,178,767,173,61,41,0,369,1881,22,162,179,62,66,1,81,184,20,219,1.08,19,2407,7652,615,621,548,326,2104,6440,543,625,175,505,304,48,36,25,29,14,4,5,4,3,4,79,46,44,40,22,7,6,4,4,4,33.2,0.11,0.34,18.2,10,3,0.1,4.6,160,34.8,0.11,17.0,17,3,0.11,1.5
281,223,217,84,224,40.6,328,349,100,249,392,774,7,309,252,195,58,195,44.3,245,312,79,233,338,694,7,80,5,3,535,407,67,700,3,8,2,2071,996,806,65,0,0,96,800,6,6,1,2115,10233,1649,3329,25,259,101,15379,1696,3425,31,33.2,35.8,322,1070,321,89,1846,510,6,194,831,117,44,54,1,281,2037,34,198,176,70,40,2,81,173,20,247,1.16,20,2103,6010,441,345,588,310,2239,7544,553,678,178,594,300,70,31,35,30,8,4,0,6,3,3,51,36,34,42,1,5,4,6,6,0,31.0,0.08,0.27,18.8,7,5,0.1,-2.7,135,32.1,0.1,18.1,18,5,0.1,-1.8
318,266,188,77,192,36.1,340,344,83,261,398,544,12,295,277,184,70,216,33.5,429,418,133,285,380,707,16,59,2,1,407,474,86,771,2,8,1,1901,444,381,87,3,1,39,637,4,3,3,1748,20652,2214,3224,53,438,77,13187,1484,2710,17,24.4,24.5,269,956,250,85,1785,501,32,351,759,224,70,65,1,346,1747,21,174,152,55,64,1,82,137,23,217,2.21,21,2279,7913,646,963,546,315,2548,6876,532,545,117,499,339,79,55,51,41,10,6,8,5,4,2,41,38,24,35,15,6,2,2,5,1,30.7,0.11,0.37,17.7,17,3,0.11,2.5,108,30.9,0.06,18.4,16,7,0.09,-10.6
322,240,227,80,200,41.7,280,353,96,257,315,563,5,311,253,212,66,220,40.0,330,413,104,309,379,710,16,81,1,0,566,459,86,712,8,5,1,1941,663,669,91,6,2,89,533,4,12,1,1875,14915,1582,2840,39,308,64,11867,1613,3088,24,26.1,25.4,251,805,213,65,1857,545,40,103,823,196,87,82,1,369,1890,18,196,127,40,46,2,81,177,21,235,1.63,24,2089,6527,550,626,518,311,2348,6984,480,436,115,525,347,76,35,45,48,13,9,2,9,8,0,66,32,31,44,9,5,5,6,4,1,33.3,0.12,0.35,16.5,20,9,0.13,-2.7,101,30.4,0.1,17.4,16,3,0.11,-2.2
297,220,200,72,184,36.1,326,310,90,220,362,636,10,306,255,196,65,207,34.6,392,325,87,238,407,635,13,79,2,2,491,488,69,731,4,6,2,1944,615,534,109,1,0,34,680,4,7,1,1769,19248,2190,3442,36,387,122,11221,1428,2771,20,22.5,21.7,244,839,209,62,1779,516,27,384,797,167,35,65,0,301,1854,16,156,157,59,62,2,81,184,20,266,2.03,21,2495,8190,599,691,516,309,2148,6138,510,544,118,569,308,61,55,36,35,8,4,8,6,4,0,63,37,38,47,3,6,2,5,5,0,29.7,0.1,0.34,17.2,15,6,0.11,-2.4,114,33.1,0.08,19.0,15,4,0.09,-3.8
277,241,163,59,198,33.4,394,372,123,249,392,785,12,295,210,198,72,212,38.3,341,332,93,239,391,540,9,82,5,3,459,525,90,613,6,8,2,1832,602,575,99,5,2,73,858,4,10,2,1941,12755,1735,3073,35,283,62,15047,1694,3074,29,33.8,37.1,392,1295,342,91,1842,584,22,218,666,163,58,51,2,297,1787,21,216,200,77,85,0,83,150,19,283,1.13,20,2575,7195,553,576,498,268,1899,5948,592,713,163,465,265,58,47,34,59,7,10,5,5,8,0,84,60,65,50,12,5,7,10,6,2,33.7,0.1,0.31,20.1,32,8,0.09,5.4,167,31.0,0.09,17.8,27,5,0.09,-1.2
321,285,208,66,247,36.3,434,379,102,277,431,812,9,314,256,206,79,213,42.3,291,311,74,237,368,701,12,93,4,0,510,510,75,744,8,7,0,1922,628,818,96,2,0,70,775,4,8,0,1948,11145,1489,3187,21,263,90,14587,1826,3220,44,38.3,37.0,346,1153,326,94,1938,571,20,193,796,145,53,39,1,312,1954,21,218,194,65,71,4,81,170,21,246,0.82,20,2227,6559,504,564,524,328,2003,6612,681,693,152,577,312,50,33,31,55,12,2,3,5,9,1,90,47,38,47,9,5,9,7,6,2,30.6,0.08,0.25,18.7,25,7,0.1,-6.1,155,33.3,0.11,17.8,23,6,0.1,4.1
313,256,205,78,239,40.6,349,358,101,257,371,638,17,324,280,223,88,255,36.8,437,394,94,300,416,617,12,67,5,1,449,465,88,579,7,9,2,1878,489,496,78,4,2,76,777,7,13,3,1917,17508,1788,2857,33,317,81,13685,1561,2877,25,26.2,27.2,290,956,273,106,1796,539,47,178,711,160,58,33,1,348,1756,13,188,147,54,40,1,82,165,20,238,1.53,21,2442,7838,692,737,545,336,2249,6635,588,635,140,505,300,46,49,27,37,7,3,12,7,7,1,51,38,32,41,14,8,5,5,6,2,37.2,0.11,0.31,17.0,13,12,0.12,0.6,118,29.5,0.09,18.4,17,7,0.09,-0.5
346,261,265,53,255,41.2,364,385,114,271,392,766,7,347,228,258,69,246,49.5,251,291,66,225,329,584,10,111,7,3,621,432,61,562,5,15,0,1766,905,712,87,3,2,92,695,7,6,0,1939,9612,1385,2920,20,236,56,15671,1942,3427,36,37.1,32.4,332,1139,283,72,2001,543,17,108,881,136,52,53,0,278,2016,43,269,176,65,59,5,83,133,22,187,1.03,21,2032,6060,497,403,535,309,1842,6718,619,656,146,600,324,88,28,36,46,6,8,4,6,8,1,83,43,46,68,11,2,5,7,10,1,31.9,0.09,0.29,16.7,11,6,0.12,-5.3,146,31.9,0.1,18.5,29,12,0.1,1.2
324,262,204,67,217,35.4,396,339,92,247,373,755,7,313,270,222,57,250,42.6,337,330,85,245,327,704,15,90,2,0,522,436,84,754,4,7,2,1911,912,683,89,0,0,71,737,6,10,1,1861,12533,1830,3367,23,277,85,13649,1666,3162,26,34.6,32.0,288,1019,267,84,1942,517,14,200,874,178,70,65,6,306,2005,32,208,173,68,60,2,83,130,21,189,1.34,21,2064,6212,587,604,576,299,2203,7001,614,615,106,549,316,84,37,36,54,10,4,3,6,8,1,70,44,32,55,14,3,6,4,7,2,31.4,0.08,0.25,18.8,16,8,0.09,-1.5,123,31.9,0.08,17.8,26,5,0.12,-12.8
406,293,272,93,283,44.2,357,380,108,272,412,729,18,355,292,224,56,195,35.9,348,342,112,230,384,709,12,93,3,2,513,479,116,574,6,4,3,1950,827,723,113,4,1,34,728,3,8,1,1869,13595,1344,2676,35,330,49,14900,2007,3500,15,22.9,25.5,299,1203,225,68,1914,511,62,123,835,183,60,92,0,283,1978,15,243,180,63,67,2,82,130,23,187,1.84,21,1918,6182,543,598,586,377,2256,6949,640,619,105,545,375,88,43,51,48,14,5,11,5,8,1,68,38,42,47,10,6,3,4,7,0,30.9,0.1,0.32,17.3,14,6,0.12,-6.8,109,26.5,0.05,19.8,19,3,0.07,-8.5
323,216,223,97,211,42.1,290,313,87,226,342,529,16,361,351,202,70,269,33.9,524,430,117,313,525,575,12,92,6,3,416,529,83,417,3,7,0,1874,455,364,89,4,2,68,560,4,6,2,1824,24758,1889,2618,62,384,31,10889,1301,2487,21,23.6,23.3,257,753,210,68,1726,573,86,183,638,185,92,27,2,337,1560,26,159,137,48,43,4,83,123,22,183,2.16,24,2419,7683,793,923,444,354,2241,6429,501,576,170,470,325,38,82,33,60,12,6,10,5,12,3,49,35,31,36,16,4,2,4,9,0,43.6,0.16,0.37,17.4,46,6,0.13,17.7,112,30.8,0.09,19.2,16,6,0.09,-0.3
299,276,173,52,221,43.2,290,336,119,217,302,682,8,374,301,251,71,268,37.6,445,369,108,261,364,644,13,108,9,3,473,577,84,624,6,11,1,1709,579,558,111,5,3,125,708,8,8,0,1723,16182,1774,2986,35,360,84,11625,1552,2976,40,36.1,32.5,330,915,270,77,2063,699,30,205,799,185,67,41,2,337,1862,31,172,202,75,74,5,83,132,20,182,1.08,21,2485,7853,713,834,548,355,2164,6191,511,613,180,466,280,62,77,37,39,11,4,6,7,6,0,77,40,44,53,14,11,11,7,15,1,32.3,0.09,0.28,18.4,20,6,0.1,-3.0,143,32.7,0.11,17.8,18,11,0.11,4.2
357,344,193,52,251,40.8,364,345,89,256,396,807,12,348,253,275,87,240,39.3,370,401,88,313,384,646,14,104,6,3,473,527,70,636,6,5,0,1905,650,659,119,5,2,66,783,3,9,0,1982,14552,1422,2704,26,279,60,13456,1611,3054,31,33.4,33.9,327,1116,286,83,1944,593,38,138,749,176,61,78,2,367,1862,19,206,206,83,79,1,83,130,20,187,0.97,21,2291,7505,610,670,541,375,1911,5845,615,679,148,511,338,52,41,37,44,8,3,8,5,8,0,90,57,35,48,13,7,7,4,9,1,36.5,0.09,0.24,18.8,23,6,0.09,-2.2,144,32.8,0.1,18.5,17,5,0.1,3.7
338,240,228,99,264,43.5,343,332,81,251,430,692,8,331,293,218,42,198,43.2,260,328,97,231,342,923,17,92,3,2,538,411,73,870,5,6,1,2039,974,1091,70,2,2,121,630,4,10,1,1931,10439,1713,3829,24,292,108,13273,1801,3578,38,40.0,28.7,278,810,272,79,2097,531,11,221,1015,189,69,101,1,286,2239,49,231,189,69,63,1,84,128,19,185,1.11,20,1777,5164,458,424,564,355,2798,9373,607,561,148,608,303,97,40,55,48,19,7,5,6,7,0,67,45,38,33,10,3,9,9,5,2,31.5,0.07,0.23,18.9,21,7,0.08,-4.0,132,35.3,0.14,17.2,15,4,0.13,2.0
364,303,253,72,257,36.7,444,380,96,284,360,731,17,305,265,217,57,208,42.5,281,319,107,212,367,787,9,107,9,6,581,469,65,710,1,7,2,1927,755,814,75,6,3,71,646,3,4,2,1924,11881,1528,3235,17,283,86,13993,1645,3189,35,34.9,30.5,317,1122,262,73,1909,543,19,146,800,156,59,64,6,281,2005,40,235,169,69,50,0,83,130,19,189,0.66,19,2092,6860,489,561,576,331,2161,6637,701,688,151,536,371,82,37,45,50,8,5,2,6,3,2,74,56,43,41,11,5,8,9,5,2,29.5,0.05,0.18,19.1,20,4,0.09,-13.6,156,35.6,0.11,18.7,22,6,0.11,5.0
341,235,263,82,235,41.0,338,374,60,314,367,625,12,292,307,174,39,202,42.4,274,384,100,284,384,852,13,135,5,2,706,495,106,833,4,6,2,1947,914,1024,122,11,4,143,505,6,7,1,1948,8319,1466,3508,31,284,130,11770,1621,3378,21,29.5,24.4,193,817,150,50,2241,630,27,215,1094,185,41,69,2,377,2276,39,190,132,49,48,1,84,128,19,175,1.42,21,1484,4842,476,416,635,318,2227,7906,574,376,89,686,345,83,36,35,63,10,7,7,6,6,1,63,22,32,42,5,4,1,6,6,0,29.7,0.09,0.3,18.6,31,6,0.09,0.4,103,37.5,0.11,16.9,15,5,0.14,-6.4
349,257,257,70,238,41.8,332,375,118,257,383,750,10,302,267,206,70,253,45.8,300,335,99,236,333,665,13,109,1,1,590,497,70,670,3,5,0,1764,748,849,116,7,3,75,724,5,5,2,1837,9810,1486,3136,34,275,69,14365,1632,3098,37,33.1,29.0,341,992,258,71,1977,582,16,133,825,163,64,57,0,306,2108,36,215,181,70,69,1,82,133,24,174,1.47,23,2226,6282,553,511,486,290,1937,6931,570,672,180,575,346,89,32,38,58,19,9,5,8,8,4,76,51,40,54,5,3,5,7,6,0,30.3,0.12,0.38,19.0,25,5,0.11,5.1,151,34.1,0.09,19.0,27,4,0.09,2.4
357,317,215,71,254,41.6,356,320,73,247,418,687,7,339,260,214,56,239,41.1,342,324,100,224,332,850,6,127,4,2,591,500,75,771,4,7,1,1821,778,865,105,5,2,68,636,6,5,0,1846,10336,1390,3161,19,292,95,15049,1834,3433,34,29.7,30.5,262,1092,238,92,1989,565,20,160,886,157,42,83,3,296,2094,23,273,153,63,49,1,82,130,25,190,0.95,21,1764,5798,581,498,544,291,2199,7106,610,632,114,588,349,87,44,48,57,7,4,2,3,6,1,64,38,22,47,6,8,6,3,11,1,33.5,0.06,0.19,19.2,29,3,0.09,-9.9,131,38.3,0.13,18.7,19,6,0.11,7.2
288,281,173,53,204,38.3,328,317,107,210,331,763,14,349,242,226,85,251,39.4,386,385,112,273,321,662,7,79,5,4,468,460,81,697,5,7,2,1913,504,555,96,1,1,86,854,5,5,2,1969,12415,1611,3073,28,326,75,13838,1721,3132,40,47.2,45.6,436,1102,340,110,1930,548,34,227,749,189,91,42,6,335,1920,36,194,219,78,87,4,84,134,19,187,1.29,19,2479,7642,637,711,537,302,2115,6333,532,741,219,549,303,71,48,35,37,8,4,6,8,9,0,98,47,60,55,16,10,4,5,4,0,31.5,0.09,0.3,19.0,21,5,0.11,-3.1,209,36.6,0.08,17.3,26,3,0.1,-11.9
338,280,213,52,227,37.7,375,360,117,243,376,672,9,393,315,277,78,317,44.7,392,352,94,258,383,690,8,93,5,4,509,526,58,682,8,16,1,1867,634,729,118,4,4,54,737,12,10,1,1962,11782,1275,2576,21,309,73,15595,1796,3065,39,43.2,39.5,390,1254,386,97,1963,577,18,119,793,171,64,60,0,325,1827,32,173,177,54,70,3,83,132,22,185,0.87,22,2340,6588,709,740,625,353,2066,6696,602,774,203,545,318,78,51,38,57,8,1,6,5,10,1,69,47,43,42,10,5,9,6,13,2,28.8,0.08,0.26,19.2,22,8,0.08,-2.1,174,36.1,0.1,18.2,17,15,0.11,0.5
361,275,267,71,267,43.3,350,385,98,287,417,738,19,316,234,218,64,210,40.0,315,345,91,254,406,776,18,110,6,3,551,410,80,755,2,5,0,2056,874,869,83,4,2,120,666,3,8,0,2071,10959,1654,3435,26,341,94,13039,1608,3434,39,35.9,30.8,303,952,257,81,2036,533,16,192,926,180,67,72,1,316,2193,52,171,176,58,57,4,83,129,20,185,1.37,20,2002,6073,525,562,611,306,2230,7171,617,581,143,620,346,94,40,42,42,12,9,4,5,5,1,68,59,38,48,14,5,11,5,7,2,31.2,0.08,0.27,18.7,22,8,0.1,-3.4,138,32.9,0.12,17.9,26,5,0.11,4.6
355,252,253,81,226,38.0,369,367,77,290,381,590,13,352,302,216,82,285,37.1,484,367,101,266,374,777,14,82,4,3,487,474,84,776,11,2,0,2047,521,411,87,1,0,64,621,2,11,1,1851,20107,2405,3556,52,438,100,12998,1433,2719,21,23.9,22.0,249,899,185,46,1821,534,59,445,786,192,51,68,0,328,1862,26,161,148,61,54,1,85,120,18,198,2.29,23,2234,7711,769,951,518,315,2583,7110,595,604,131,498,360,68,73,46,42,12,7,7,5,15,1,69,38,33,37,8,2,6,5,2,2,40.2,0.11,0.26,18.0,18,11,0.11,1.1,108,32.2,0.07,18.1,12,2,0.1,-8.3
321,254,224,73,252,44.0,321,346,79,267,320,694,12,359,268,260,63,234,39.7,355,421,108,313,409,708,9,79,2,2,501,489,78,719,2,9,1,1892,815,710,101,7,5,95,590,5,5,2,1880,15989,1568,2851,38,323,86,11671,1526,3060,33,27.7,29.4,296,837,223,66,1979,598,54,115,868,181,99,33,2,376,1914,28,195,147,52,60,5,83,126,22,195,1.47,19,2340,7553,591,737,552,357,2210,6594,573,546,158,539,299,70,34,40,39,11,6,4,6,2,5,84,50,32,44,8,5,8,5,9,1,32.8,0.12,0.36,17.7,12,4,0.11,5.1,136,35.3,0.1,18.2,13,7,0.1,4.0
344,274,246,67,261,39.5,400,331,94,237,346,704,10,380,304,226,76,254,38.1,413,385,109,276,430,810,15,97,1,1,522,480,92,880,4,4,1,2069,746,695,100,5,2,66,606,2,7,1,1883,17525,2222,3526,35,359,110,11772,1403,2908,21,24.4,22.4,255,906,195,55,1968,553,30,384,837,226,72,79,6,350,1929,36,135,146,56,50,1,83,133,23,187,1.84,24,2229,7794,667,803,541,352,2400,6615,661,552,124,573,326,90,51,42,42,12,8,10,5,8,0,68,46,37,56,12,7,4,5,8,2,33.9,0.1,0.28,16.7,17,7,0.1,-0.2,113,29.4,0.08,19.7,31,3,0.09,-3.1
311,270,173,57,232,39.4,357,334,130,204,360,748,12,288,207,201,78,203,37.0,345,274,74,200,372,634,11,80,8,3,416,543,100,677,6,9,1,1778,553,601,90,4,3,57,826,5,8,1,1914,14490,1705,3096,34,253,59,15727,1662,2975,31,35.3,36.5,410,1367,363,112,1874,591,46,238,688,169,54,70,8,257,1695,34,206,178,58,71,1,83,132,22,187,1.39,19,2592,7697,549,671,521,283,1945,6033,590,863,204,460,268,53,39,22,43,10,5,8,2,9,0,80,72,58,55,18,3,10,13,8,2,33.5,0.12,0.36,18.0,18,5,0.11,1.7,181,32.1,0.08,18.5,37,7,0.09,-4.0
327,316,204,48,239,35.6,433,391,112,279,390,749,13,331,240,224,91,231,40.6,338,337,93,244,300,613,11,84,0,0,484,530,81,645,6,8,0,1964,618,764,95,4,2,46,781,5,6,1,1958,11187,1531,3230,19,254,57,15445,1705,3024,26,38.7,36.9,345,1315,328,94,1987,574,24,214,806,161,62,56,0,293,1939,39,186,195,65,68,1,83,126,22,179,1.11,21,2162,6607,569,510,537,324,1868,5973,672,797,158,652,329,47,46,31,58,12,2,4,6,7,0,88,64,36,55,11,4,2,3,8,0,31.4,0.08,0.24,20.0,29,3,0.09,-5.6,131,28.2,0.08,18.7,22,7,0.11,-11.5
323,250,239,64,218,36.2,384,362,116,246,339,814,12,337,257,229,83,259,37.5,431,353,106,247,369,616,9,78,1,0,483,422,71,619,10,9,2,1894,536,622,84,5,4,90,838,7,11,1,1921,16218,2025,3322,40,368,75,13964,1757,3206,35,31.9,32.8,355,1090,296,104,1876,510,42,267,804,148,53,57,0,290,1953,27,211,226,86,89,4,84,132,20,188,1.58,21,2532,7874,690,694,601,310,2106,6369,602,676,170,508,335,66,60,44,37,15,5,10,10,11,1,82,47,49,48,12,12,5,4,7,2,33.1,0.11,0.33,18.2,15,10,0.12,-1.6,155,32.7,0.08,18.4,23,8,0.09,0.7
389,352,228,66,254,42.7,341,419,117,302,390,1066,13,330,259,240,55,213,43.6,276,363,91,272,364,859,10,101,1,0,551,499,58,729,2,6,2,1972,864,890,93,2,0,91,800,3,3,0,2010,9631,1514,3235,27,298,117,14913,1898,3487,31,36.6,36.4,362,1307,365,88,1976,589,21,121,818,145,59,54,2,342,2085,53,258,231,85,109,4,85,113,17,153,1.32,23,2174,6367,489,511,587,341,2023,6609,595,714,173,587,392,93,38,47,58,6,8,3,6,5,1,77,49,44,47,12,7,5,8,8,0,27.2,0.09,0.32,18.3,16,2,0.09,-2.1,161,32.5,0.08,17.6,26,6,0.1,-5.2
384,311,245,87,245,37.9,401,414,93,321,453,815,7,402,290,234,74,254,46.9,288,375,81,294,355,868,8,120,4,2,580,492,74,728,6,5,0,2036,923,723,106,2,2,79,654,4,7,2,1965,13195,1662,3197,26,299,86,13325,1696,3219,32,33.9,31.0,279,1026,239,82,1923,577,49,185,847,153,56,72,3,369,2009,35,193,139,65,49,4,85,113,19,153,1.39,20,1935,6265,542,626,522,344,2176,6972,646,677,124,525,398,77,43,42,45,9,5,3,6,7,0,69,58,42,54,10,5,7,11,5,0,34.7,0.09,0.26,17.1,6,5,0.1,-4.4,115,29.3,0.1,18.6,25,5,0.11,-0.7
487,402,298,84,319,45.6,381,374,94,280,463,837,12,383,331,212,74,205,35.9,366,394,100,294,436,817,9,103,5,3,476,453,80,590,2,5,2,2080,675,586,95,3,2,21,692,3,4,2,2037,14943,1494,2809,36,350,47,15714,2028,3316,15,29.2,26.7,315,1273,279,77,1786,470,77,144,730,217,83,96,0,354,1816,23,280,172,65,59,6,83,105,26,160,2.0,21,1928,6339,572,677,497,412,2256,7066,701,662,112,531,465,75,40,40,53,11,3,4,11,7,1,66,53,40,56,15,1,4,5,3,1,35.2,0.11,0.32,18.3,21,3,0.1,5.7,131,30.6,0.05,18.6,22,5,0.09,-14.9
346,218,232,87,226,45.9,266,360,101,259,391,565,16,435,426,252,64,307,40.8,446,438,106,332,545,689,23,77,2,1,410,550,102,394,8,2,1,2017,449,365,102,5,3,68,578,1,9,2,1963,23263,2097,2877,61,405,37,11210,1370,2612,25,34.3,29.6,299,760,237,70,1754,575,148,219,676,205,68,33,2,354,1607,40,177,158,64,56,4,84,112,21,154,2.29,21,2182,7325,753,851,456,435,2299,6567,492,558,149,488,311,42,75,42,66,9,7,13,10,15,0,65,43,35,41,16,3,3,4,3,0,43.9,0.15,0.33,18.0,50,8,0.13,12.2,128,31.2,0.08,17.4,17,2,0.11,-10.3
378,309,227,79,219,40.3,325,382,80,302,361,702,21,392,318,258,83,267,37.3,449,421,114,307,424,757,16,89,1,0,435,548,79,590,5,5,0,1804,463,467,123,7,4,101,594,4,7,1,1852,19411,1761,2815,30,326,61,10604,1321,2635,42,37.2,33.6,321,819,259,67,1849,640,50,234,658,186,58,57,17,361,1685,41,152,187,64,80,5,84,113,21,153,1.32,20,2351,7748,717,887,569,392,2061,5784,544,577,176,483,396,47,57,24,55,14,0,6,5,7,1,79,49,37,53,23,8,10,6,8,1,35.8,0.09,0.24,18.6,31,5,0.1,-4.1,150,35.5,0.11,18.2,26,4,0.11,2.6
377,364,213,57,258,45.9,304,380,105,275,382,889,19,379,290,250,77,246,39.3,380,386,120,266,361,727,13,84,6,5,458,484,90,659,3,7,1,1904,663,611,89,2,1,78,745,7,7,1,1905,14955,1693,3042,37,343,67,13631,1698,3087,41,43.5,39.6,370,1177,330,102,1856,548,35,191,697,163,70,58,3,314,1847,64,202,186,65,71,10,85,110,18,156,1.08,20,2297,7252,626,673,499,371,1931,6001,563,721,179,497,376,56,63,44,55,8,3,5,7,8,0,61,46,40,38,10,4,6,7,10,0,34.2,0.1,0.3,18.0,22,7,0.09,5.5,161,34.0,0.12,18.1,15,6,0.12,0.1
424,238,289,110,240,42.6,323,357,53,304,368,683,10,393,387,197,51,248,41.9,344,453,98,355,474,1263,15,82,2,1,521,390,92,1057,5,4,1,2272,996,1018,76,2,1,162,518,3,8,0,2105,12976,2179,4285,26,374,152,10922,1622,3380,39,37.2,29.7,252,744,215,60,2135,547,20,287,1042,223,36,152,4,463,2104,61,175,148,56,42,11,85,111,19,154,1.24,19,1611,4998,592,565,576,387,2765,8817,564,459,143,614,397,112,57,48,61,18,7,3,8,7,3,68,38,22,31,8,4,5,4,5,0,28.1,0.07,0.27,17.4,20,7,0.1,-8.8,128,38.8,0.14,17.3,10,3,0.13,3.1
394,324,244,87,263,38.5,421,402,134,268,408,950,14,382,275,208,95,204,39.1,318,441,113,328,420,690,17,92,2,2,531,510,84,544,3,8,2,1935,591,582,111,6,5,78,822,6,4,5,1978,13855,1783,3044,26,332,60,14249,1833,3261,26,35.9,35.0,386,1163,301,93,1908,579,70,174,734,175,45,59,14,381,1904,29,259,198,80,85,2,85,114,18,152,1.39,22,2499,7590,523,642,565,374,2083,6393,684,799,201,511,392,58,39,60,39,20,4,2,12,3,3,80,70,49,62,17,5,6,10,9,2,32.8,0.08,0.25,19.0,25,4,0.1,-5.9,159,31.2,0.08,17.7,20,6,0.1,-5.8
358,246,281,77,255,41.3,362,422,81,341,453,888,15,389,336,240,67,277,48.1,299,416,97,319,342,878,14,111,7,4,642,501,102,638,4,7,2,2029,836,948,109,5,3,117,594,4,6,1,2076,8108,1505,3376,34,294,86,14702,1846,3533,18,29.8,29.8,267,1107,245,66,2135,621,39,264,1001,158,34,64,8,408,2158,52,255,159,54,65,6,85,114,18,152,1.55,21,1810,5155,576,448,589,366,2119,7657,617,525,114,644,349,90,49,36,56,15,7,11,5,8,1,71,53,40,44,5,7,3,5,6,0,30.9,0.1,0.34,17.1,13,6,0.11,0.8,128,34.4,0.08,17.2,11,4,0.11,-10.6
367,309,247,57,264,41.5,372,401,124,277,432,928,14,366,304,234,53,221,41.2,316,311,75,236,407,858,17,83,4,2,537,527,60,743,3,8,2,1974,749,756,116,7,3,74,747,7,6,0,2036,13136,1791,3324,23,280,92,14706,1656,3129,34,38.0,35.6,386,1183,325,80,1911,589,39,206,767,136,60,59,0,314,1962,66,169,207,70,70,4,85,113,19,153,0.97,20,2422,7551,537,634,502,370,2037,6445,636,809,221,529,349,84,39,39,62,6,6,2,9,7,0,59,57,47,43,19,4,5,9,10,1,34.9,0.08,0.23,18.3,21,6,0.1,-6.5,198,38.3,0.08,18.4,18,8,0.09,-1.7
452,363,290,59,303,43.7,391,414,107,307,440,953,12,399,291,272,71,278,47.0,314,383,102,281,374,913,9,114,3,1,579,442,94,771,5,9,3,2029,740,762,86,4,3,109,692,8,7,0,2043,10586,1575,3157,28,336,111,14546,1749,3270,46,43.1,40.1,334,1207,300,66,1930,538,33,161,811,168,86,55,5,344,1986,60,196,211,66,88,16,84,111,23,155,0.87,22,2109,6288,592,653,557,356,2157,6857,694,768,180,560,409,93,45,56,54,21,10,4,10,10,0,70,55,40,62,12,3,10,4,10,1,30.0,0.08,0.27,17.9,19,6,0.1,-7.8,165,35.9,0.12,17.7,28,9,0.12,1.8
382,325,221,63,227,39.1,354,329,84,245,432,907,10,342,255,198,67,216,46.1,253,319,78,241,351,916,11,106,4,2,542,398,75,744,3,4,1,1942,914,721,90,3,1,58,737,3,5,1,1896,10733,1727,3486,25,306,121,16214,2025,3622,27,28.6,30.4,285,1277,278,89,1861,458,19,174,876,139,40,81,2,307,2063,40,282,167,64,55,5,85,112,17,154,1.18,22,1976,6160,469,447,476,304,2052,7018,581,705,117,553,382,86,37,34,45,15,8,3,5,3,0,62,41,34,48,6,9,4,11,9,0,30.9,0.08,0.26,17.6,14,3,0.09,-4.6,130,32.1,0.1,19.2,21,3,0.1,0.8
372,308,196,68,264,36.6,458,455,151,304,422,842,12,480,367,296,102,336,45.5,402,397,106,291,397,825,12,112,7,5,501,487,85,674,6,9,2,1969,469,571,92,7,3,72,747,7,7,3,2046,10824,1458,2927,39,307,63,13968,1724,3121,41,51.4,47.4,521,1068,374,103,1965,537,36,183,730,201,117,53,4,368,1903,49,162,202,63,84,8,84,113,20,152,1.16,23,2262,6322,738,709,535,429,2097,6482,722,868,239,503,308,66,61,41,64,15,10,10,7,8,0,94,76,72,65,23,9,5,10,13,2,35.4,0.12,0.33,18.8,32,5,0.11,2.1,217,31.8,0.08,17.9,22,8,0.1,-12.2
422,369,223,59,257,43.4,335,388,77,311,433,931,16,491,335,354,120,314,37.0,534,380,120,260,371,768,15,106,8,5,567,455,71,783,5,11,1,1996,535,587,73,3,1,140,722,9,5,1,2047,12469,1534,2945,24,334,80,13416,1830,3275,51,41.0,38.1,326,1203,327,94,1979,588,39,207,794,186,84,73,3,362,2050,78,205,183,68,61,2,84,111,20,155,0.84,21,2337,7145,848,831,644,495,1997,6057,594,660,178,540,394,80,65,50,42,18,2,6,8,6,0,83,51,36,59,16,14,6,11,8,1,31.8,0.08,0.24,19.3,22,5,0.1,-8.7,171,39.1,0.14,17.3,25,7,0.12,9.0
395,267,253,106,245,39.0,384,374,78,296,373,602,11,397,334,243,74,295,39.1,460,465,148,317,449,856,18,83,6,4,446,545,112,762,8,8,0,1957,479,434,93,3,3,91,533,5,9,2,1929,20625,2465,3521,39,464,87,12483,1436,2676,32,33.0,27.3,282,902,209,60,1939,625,57,410,754,221,49,93,1,390,1755,46,154,152,54,62,7,84,112,21,154,1.79,19,2035,7389,756,1009,493,356,2534,7038,629,615,146,479,381,81,71,66,49,12,6,7,13,10,1,61,42,47,42,11,2,5,9,5,2,34.7,0.09,0.26,17.7,19,9,0.11,-5.7,131,34.5,0.11,18.3,15,6,0.12,-1.1
344,299,219,61,248,42.5,336,444,109,335,425,842,19,478,349,290,94,267,39.4,411,406,89,317,390,721,11,82,4,2,492,544,92,627,7,3,2,2021,699,651,107,3,2,73,743,3,10,1,2060,14565,1729,3062,27,316,89,13338,1863,3370,30,34.2,34.2,316,1063,284,94,2008,604,61,199,848,178,78,71,5,381,1908,32,219,183,62,62,4,84,110,20,156,1.32,21,2466,7645,679,695,571,466,1970,6395,584,657,188,548,331,72,53,41,47,19,7,5,5,9,2,85,42,58,46,13,6,7,11,4,0,31.8,0.09,0.27,18.5,16,8,0.1,-5.7,139,31.4,0.09,17.8,18,2,0.11,-4.6
408,288,237,73,203,39.6,310,370,114,256,365,817,15,396,297,245,98,249,41.1,357,455,128,327,444,994,15,118,6,4,536,462,111,812,5,7,0,2050,651,724,99,3,2,93,662,4,6,2,1912,14555,1752,3230,47,390,103,13190,1734,3144,29,31.2,30.9,354,1041,263,68,1935,559,50,219,775,223,68,77,18,427,1987,53,186,176,58,83,7,84,111,22,155,1.55,21,2154,7148,606,828,486,391,2377,6907,513,696,148,491,395,59,44,43,35,13,3,6,8,5,0,76,54,30,54,15,4,5,4,6,2,31.9,0.1,0.33,17.2,11,5,0.12,-6.6,149,33.0,0.09,18.9,20,6,0.09,1.6
384,299,228,71,238,40.5,350,447,120,327,418,860,12,377,270,247,66,246,41.8,343,387,95,292,448,818,16,90,3,2,463,514,75,715,6,8,2,2016,596,621,113,4,4,70,781,4,7,1,2026,13679,1731,3065,38,369,89,16386,1751,3189,19,26.7,33.2,339,1258,300,96,1874,579,47,218,722,196,61,86,14,372,1810,34,184,170,66,64,7,84,108,23,158,1.61,21,2095,6684,589,751,501,337,2201,7084,588,791,159,482,360,74,42,44,42,12,7,4,4,8,2,77,49,58,57,13,6,3,12,5,0,33.4,0.1,0.29,17.3,18,5,0.12,-10.7,144,30.3,0.05,19.6,31,7,0.08,-9.9
441,369,265,80,280,41.3,398,413,113,300,387,874,16,347,260,216,54,183,38.4,294,358,87,271,395,825,12,92,0,0,521,521,96,804,6,9,1,1967,595,854,106,5,5,65,801,6,7,1,2050,12015,1664,3425,19,293,73,14608,1872,3193,36,43.1,41.4,369,1263,314,109,1974,592,21,204,745,201,69,70,6,364,1941,51,212,199,57,90,1,85,113,18,152,1.08,20,2292,6916,477,662,507,347,1949,6123,678,800,128,569,434,70,51,37,49,11,5,4,4,8,0,97,55,54,53,13,7,4,9,7,2,30.8,0.07,0.22,19.5,24,4,0.09,-10.1,146,30.2,0.09,17.5,18,6,0.11,-8.5
413,333,255,79,273,41.4,386,406,142,264,390,877,12,359,319,205,71,255,42.3,348,403,129,274,439,786,15,118,3,3,518,412,95,618,3,5,3,1914,613,629,84,2,0,87,820,4,6,2,1948,13758,1829,3142,34,364,67,15157,1991,3445,32,41.0,38.7,417,1184,352,124,1835,509,48,183,765,168,75,64,4,343,1953,52,263,214,70,92,2,85,113,19,152,1.16,20,2184,6753,603,715,503,340,2035,6768,659,753,158,501,394,74,62,51,29,17,7,10,11,3,1,89,50,60,51,12,7,8,4,10,1,34.6,0.09,0.26,17.3,8,3,0.1,-6.9,181,33.0,0.08,17.8,20,3,0.09,-6.0
464,364,265,73,267,40.3,396,407,133,274,498,981,11,462,323,246,81,246,42.7,330,317,88,229,422,721,5,109,4,4,603,522,108,558,3,10,2,1975,608,602,84,4,2,59,805,7,3,0,2052,9696,1462,3022,31,277,62,16759,2235,3701,28,38.8,37.7,392,1459,345,106,1969,566,37,133,817,138,61,55,6,301,2069,37,282,235,68,117,7,85,111,20,154,1.24,23,2197,6320,577,454,534,403,1933,6576,663,751,183,571,435,70,49,31,61,15,4,7,4,4,0,95,62,55,67,15,4,10,12,8,1,34.4,0.1,0.29,19.3,22,1,0.1,1.5,163,31.2,0.08,18.7,31,7,0.1,-7.9
486,359,304,76,296,40.3,439,432,103,329,465,820,9,449,332,280,58,261,42.7,350,374,76,298,422,919,6,93,0,0,528,487,104,816,7,6,3,2174,715,609,106,8,6,96,644,6,8,2,2135,13195,2185,3745,25,304,104,13708,1874,3382,33,37.1,30.1,331,996,254,80,1945,576,43,178,822,189,84,94,2,384,2009,32,210,189,70,67,3,85,106,22,160,1.13,23,2134,6390,611,652,501,409,2299,7360,735,666,152,505,444,95,36,41,52,16,4,2,10,7,0,80,57,33,65,17,5,5,3,7,2,33.7,0.08,0.23,16.7,13,6,0.11,-10.7,160,34.6,0.09,19.3,33,3,0.1,-4.3
614,442,372,103,377,44.5,470,462,129,333,513,885,4,494,346,273,96,267,38.5,426,390,91,299,488,792,12,96,5,3,538,481,107,524,4,4,1,2214,554,539,98,0,0,24,694,4,5,1,2187,14484,1640,3052,41,295,34,16583,1911,3252,17,27.6,28.0,321,1362,303,85,1805,504,62,134,785,167,43,88,4,366,1884,21,276,163,66,45,5,83,110,24,156,2.08,23,2103,7018,693,703,548,448,2087,6980,847,737,137,505,540,73,65,29,45,17,2,14,7,7,4,71,56,31,57,13,1,0,3,3,0,36.7,0.13,0.36,18.5,15,4,0.12,6.8,125,28.4,0.05,20.0,28,1,0.08,-14.8
413,281,262,86,229,41.5,323,366,103,263,424,525,10,517,438,307,74,354,36.4,619,477,128,349,618,694,14,67,2,0,383,520,134,409,4,2,0,2095,343,286,99,4,1,99,534,1,5,3,2055,22147,2132,3013,74,418,30,11775,1544,2794,22,32.3,26.9,340,918,233,65,1876,573,113,227,750,215,81,66,1,384,1617,70,219,155,49,69,2,84,111,21,155,2.45,21,2230,7352,973,1025,486,465,2416,6707,552,632,169,479,400,45,99,57,71,20,5,17,14,10,3,67,51,33,33,27,1,3,5,1,1,45.9,0.16,0.35,17.0,60,3,0.15,12.5,131,29.6,0.06,19.3,16,2,0.09,-12.9
424,319,252,64,213,39.7,324,356,95,261,427,869,17,405,296,261,65,240,35.3,439,356,94,262,448,566,8,91,3,1,465,486,62,534,1,4,4,1953,447,453,96,4,2,131,754,3,3,4,2061,17953,1914,3161,43,317,64,12416,1592,3021,45,35.9,33.3,332,1057,314,106,1817,612,53,232,656,139,61,33,5,304,1870,43,176,222,73,92,6,84,113,21,153,1.58,21,2520,8051,681,736,520,381,1729,5593,537,622,193,486,422,44,61,22,31,15,5,6,5,4,1,93,57,34,43,22,10,12,5,6,3,38.6,0.13,0.34,19.5,22,2,0.11,10.0,152,33.7,0.12,17.9,19,3,0.1,8.0
420,304,232,53,218,39.2,338,327,101,226,497,780,10,426,296,288,71,227,37.6,376,372,103,269,495,735,13,85,1,0,430,540,92,583,2,5,1,2148,545,524,97,1,0,73,669,4,3,2,2086,16981,2110,3577,45,332,87,12810,1617,3120,48,41.5,38.2,335,1118,314,79,1843,596,45,215,718,153,48,34,1,323,1827,55,199,194,79,65,5,85,109,19,157,1.29,21,2455,8023,603,724,501,428,1951,6194,556,611,151,563,371,56,49,40,56,21,6,8,8,7,4,82,61,51,39,13,6,8,10,4,2,35.4,0.12,0.35,17.9,33,2,0.12,2.0,157,35.1,0.12,17.0,13,4,0.12,3.7
436,271,282,90,258,42.1,355,349,53,296,554,712,9,435,402,231,38,297,45.8,352,401,115,286,510,1156,4,86,3,2,492,435,84,1055,3,4,3,2287,752,718,78,6,4,156,473,3,3,1,2066,12725,2360,4474,31,333,138,11768,1591,3451,36,34.4,26.6,242,803,204,68,2171,590,17,323,1025,229,60,149,2,396,2216,64,177,140,50,40,7,84,113,20,153,1.34,23,1647,5339,649,635,621,374,2620,8787,613,488,140,559,385,106,46,34,71,15,9,1,7,4,1,47,44,20,34,12,4,9,4,6,2,28.1,0.09,0.31,18.6,23,2,0.08,2.1,130,40.8,0.13,18.0,18,4,0.13,2.6
500,357,278,81,271,38.7,429,362,116,246,515,902,9,443,318,275,68,273,45.8,323,404,95,309,433,846,9,88,1,1,521,530,76,720,3,6,2,2009,597,633,113,3,2,80,715,4,3,3,2100,12753,1687,3420,24,290,85,15453,2105,3753,26,35.9,35.2,343,1266,272,79,2002,602,34,179,832,160,64,87,0,378,1940,46,236,196,71,78,2,84,105,25,161,1.29,19,2154,7119,596,532,534,388,2175,7081,700,706,144,533,445,70,43,37,49,20,4,4,2,6,4,76,66,46,50,19,3,13,7,5,1,31.2,0.08,0.24,18.7,17,2,0.1,-8.1,158,32.9,0.08,18.6,21,4,0.1,-12.3
491,369,267,79,276,37.7,456,350,69,281,487,899,5,480,350,273,73,288,49.3,296,357,83,274,515,788,14,134,5,4,673,495,108,585,11,4,0,2022,541,730,107,3,1,109,694,4,12,1,2160,8531,1522,3394,27,255,67,15456,2027,3614,28,29.9,28.6,283,1289,270,75,2091,590,53,243,917,181,42,73,2,340,2101,54,226,180,62,74,5,84,113,19,153,1.45,23,1860,5642,584,374,540,408,1876,7098,732,660,126,620,439,87,54,26,59,26,9,9,5,8,2,81,48,28,70,10,3,4,4,6,1,33.8,0.1,0.3,18.9,16,5,0.11,-7.2,127,33.1,0.08,19.1,23,2,0.1,-6.7
403,299,254,58,240,39.6,366,329,84,245,490,858,6,439,318,268,67,284,44.1,360,308,96,212,396,896,16,102,0,0,615,497,80,828,6,5,3,1981,643,597,112,3,1,129,614,5,8,0,1948,11843,1992,3751,31,326,113,14053,1510,3075,39,34.6,30.8,299,1114,272,54,1937,603,31,339,767,176,36,66,20,298,1997,99,127,170,62,66,0,85,106,19,159,1.34,22,1983,6509,644,590,475,369,2040,6783,606,721,161,564,371,117,44,40,79,17,9,11,7,12,2,72,65,38,63,17,6,8,6,10,1,33.3,0.1,0.3,19.0,27,6,0.1,-0.6,171,40.4,0.12,18.9,28,4,0.11,5.6
500,386,282,60,292,43.0,387,391,113,278,484,942,13,431,306,263,55,245,39.5,375,356,102,254,491,825,8,100,2,1,507,436,94,747,5,5,3,2074,558,584,75,2,2,83,756,5,5,0,2085,12784,1822,3322,30,343,85,15475,2019,3449,53,43.3,37.8,406,1332,320,86,1957,516,43,222,796,203,91,54,1,323,2048,37,255,220,74,106,3,84,113,22,150,0.76,22,2107,6802,622,640,461,378,2138,6682,679,774,198,529,436,92,52,45,41,11,8,3,7,4,0,92,63,42,52,14,9,5,10,9,2,28.8,0.08,0.26,18.0,14,3,0.1,-13.6,174,33.5,0.13,18.3,26,4,0.11,14.3
433,325,269,60,268,41.4,379,367,112,255,508,713,21,514,306,331,85,264,37.0,449,355,90,265,506,785,5,89,3,1,484,665,81,581,5,5,1,1998,474,540,103,7,5,114,666,5,8,0,2163,15824,1657,2998,15,293,61,12571,1558,2966,53,55.5,40.0,415,1091,277,77,2133,748,49,197,777,175,77,59,0,320,1879,73,154,200,75,80,3,84,106,24,160,0.58,21,2378,7676,714,726,569,458,1983,6103,649,766,251,513,385,64,54,26,61,8,0,6,3,3,1,85,80,37,55,26,9,16,8,8,3,29.4,0.04,0.15,20.6,38,6,0.08,-14.5,210,40.0,0.13,17.1,22,5,0.13,2.5
483,350,307,64,323,46.3,374,361,87,274,583,777,9,474,356,284,80,267,43.9,341,371,85,286,432,796,7,105,5,3,592,503,97,690,2,7,0,2140,653,627,82,4,4,90,638,5,3,2,2229,10383,1500,3243,23,291,75,15687,2119,3694,28,31.5,30.8,302,1219,276,89,2009,592,29,162,891,152,60,75,1,351,2028,48,247,176,44,71,4,84,109,23,157,1.13,19,1888,6390,608,534,559,453,2008,7755,698,645,150,569,398,84,50,38,61,25,6,5,8,3,1,78,37,36,58,12,5,5,9,10,2,31.8,0.08,0.24,19.3,13,2,0.1,-7.9,149,35.5,0.11,19.0,22,6,0.1,3.4
414,328,222,66,239,38.2,386,395,127,268,477,811,9,522,380,282,93,310,45.3,375,380,105,275,454,813,7,111,6,3,554,446,70,726,5,6,3,1967,468,559,93,6,4,113,741,6,5,1,2030,10715,1493,3025,28,287,87,16099,2084,3485,41,45.3,42.1,410,1333,349,88,1966,540,44,161,818,182,61,79,9,360,1980,51,240,194,77,75,4,83,112,25,151,1.21,21,2160,6122,685,676,572,445,2019,6952,626,758,192,521,377,65,61,34,48,21,5,8,3,10,0,85,70,50,67,23,8,8,11,9,1,29.4,0.09,0.32,19.4,26,5,0.1,-1.7,177,33.2,0.09,17.7,24,5,0.11,-8.6
509,383,276,86,272,38.5,435,362,101,261,497,890,3,509,347,315,86,278,47.4,308,359,88,271,452,941,8,101,8,5,613,442,89,742,3,7,0,2086,602,739,76,0,0,137,695,7,6,1,2107,11424,1693,3361,15,291,97,15890,2107,3572,44,43.1,36.4,333,1389,299,76,2006,580,32,179,861,153,63,67,2,347,2083,49,223,176,64,68,0,83,113,23,152,0.53,20,2074,6485,586,463,576,470,2108,7265,708,777,164,521,472,85,61,39,52,23,4,2,3,4,1,72,56,34,55,22,4,7,10,7,1,27.2,0.05,0.18,18.7,14,4,0.09,-15.4,163,36.0,0.12,18.3,17,6,0.12,1.6
470,317,275,95,252,40.6,369,362,83,279,424,536,16,418,358,205,81,251,33.4,501,431,152,279,486,974,17,67,4,2,436,517,115,904,9,4,2,2087,406,369,97,3,1,76,531,3,10,3,1891,20954,2276,3309,65,550,122,12894,1626,2872,34,31.5,28.6,282,1061,226,57,1895,563,77,395,729,279,62,110,2,387,1741,37,174,134,49,59,2,85,105,20,161,2.0,23,1889,6969,752,1131,460,394,2717,7190,621,598,134,467,435,81,82,57,53,17,8,9,16,11,1,54,49,38,39,10,5,7,8,2,0,38.8,0.12,0.31,17.3,28,8,0.12,5.6,140,35.8,0.1,18.6,17,2,0.11,-1.2
374,249,228,70,227,42.4,309,367,91,276,446,665,6,510,366,266,76,261,41.9,362,430,127,303,489,855,13,64,5,4,419,538,91,782,5,8,1,2038,498,467,94,1,1,89,596,5,5,2,1910,16973,2025,3358,47,389,103,12215,1651,3075,41,35.5,30.2,292,988,236,62,2003,604,45,216,823,233,100,93,0,385,1839,55,193,166,69,62,3,85,108,20,158,1.29,21,2378,7539,623,883,553,447,2234,6356,537,577,144,478,319,90,66,42,62,11,8,10,5,7,1,65,58,34,37,16,7,6,9,7,0,32.0,0.12,0.36,18.7,23,4,0.1,10.3,142,37.3,0.14,18.1,19,6,0.12,7.5
535,354,325,89,296,43.2,389,419,114,305,409,849,17,471,353,277,69,269,40.7,392,442,118,324,467,851,12,99,3,2,562,493,137,657,3,8,1,2129,582,504,80,3,3,74,684,6,5,1,2076,16366,1648,2973,35,395,56,13236,1726,3286,39,36.6,31.4,330,1064,262,76,1983,568,62,147,809,221,97,80,1,401,2009,29,177,186,70,71,4,84,114,22,152,1.53,22,2087,7217,661,817,499,430,2295,6920,685,731,197,528,472,75,59,42,43,15,8,9,7,6,1,74,73,35,60,21,6,16,4,7,4,34.1,0.09,0.25,17.7,18,4,0.11,-11.5,144,31.1,0.11,18.7,25,5,0.11,2.6
492,407,267,71,309,44.7,383,416,108,308,459,910,9,488,335,312,99,271,38.8,428,364,108,256,542,698,13,107,5,4,518,548,83,605,7,5,0,2023,534,460,97,5,3,82,787,3,8,2,2033,14289,1688,2915,45,354,75,15392,1856,3333,28,35.2,36.8,347,1292,301,91,1867,596,49,193,682,202,60,88,6,311,1987,34,243,206,80,82,3,85,107,18,159,1.92,22,2141,7061,699,739,539,475,2052,6732,692,728,178,491,436,76,74,45,47,13,7,11,8,9,3,70,53,30,62,20,9,2,2,6,1,37.0,0.12,0.31,18.7,26,8,0.11,7.0,159,33.1,0.07,19.2,35,3,0.09,-10.3
466,356,278,77,277,39.6,423,447,131,316,427,1023,7,440,294,260,86,247,43.0,328,383,109,274,518,696,9,117,6,4,598,458,111,517,5,8,0,2021,553,533,83,4,2,109,873,7,5,1,2047,14995,1827,3099,45,372,60,14775,1881,3317,37,36.2,37.6,377,1206,310,106,1852,552,57,183,707,179,66,38,5,319,2003,41,224,224,65,101,2,84,112,22,153,1.61,22,2292,7613,575,719,464,393,1997,6523,700,805,199,510,434,64,69,37,36,20,3,13,7,5,0,100,68,57,72,17,9,11,6,10,2,34.5,0.11,0.32,19.3,15,4,0.11,2.7,149,29.1,0.09,18.4,26,5,0.09,-3.4
