Squad,Tackles TklW_for,Tackles Def 3rd_for,Tackles Mid 3rd_for,Tackles Att 3rd_for,Challenges Tkl_for,Challenges Tkl%_for,Challenges Lost_for,Blocks Blocks_for,Blocks Sh_for,Blocks Pass_for,Unnamed: 15_level_0 Int_for,Unnamed: 17_level_0 Clr_for,Unnamed: 18_level_0 Err_for,Tackles TklW_against,Tackles Def 3rd_against,Tackles Mid 3rd_against,Tackles Att 3rd_against,Challenges Tkl_against,Challenges Tkl%_against,Challenges Lost_against,Blocks Blocks_against,Blocks Sh_against,Blocks Pass_against,Unnamed: 15_level_0 Int_against,Unnamed: 17_level_0 Clr_against,Unnamed: 18_level_0 Err_against,Season,Performance CrdY_for,Performance CrdR_for,Performance 2CrdY_for,Performance Fls_for,Performance Fld_for,Performance Off_for,Performance Crs_for,Performance Int_for,Performance TklW_for,Performance PKwon_for,Performance PKcon_for,Performance OG_for,Performance Recov_for,Aerial Duels Won_for,Aerial Duels Lost_for,Performance CrdY_against,Performance CrdR_against,Performance 2CrdY_against,Performance Fls_against,Performance Fld_against,Performance Off_against,Performance Crs_against,Performance Int_against,Performance TklW_against,Performance PKwon_against,Performance PKcon_against,Performance OG_against,Performance Recov_against,Aerial Duels Won_against,Aerial Duels Lost_against,Total Cmp_for,Total Att_for,Total TotDist_for,Total PrgDist_for,Short Cmp_for,Short Att_for,Medium Cmp_for,Medium Att_for,Long Cmp_for,Long Att_for,Unnamed: 17_level_0 Ast_for,Unnamed: 18_level_0 xAG_for,Expected xA_for,Unnamed: 21_level_0 KP_for,Unnamed: 22_level_0 1/3_for,Unnamed: 23_level_0 PPA_for,Unnamed: 24_level_0 CrsPA_for,Unnamed: 25_level_0 PrgP_for,Total Cmp_against,Total Att_against,Total TotDist_against,Total PrgDist_against,Short Cmp_against,Short Att_against,Medium Cmp_against,Medium Att_against,Long Cmp_against,Long Att_against,Unnamed: 17_level_0 Ast_against,Unnamed: 18_level_0 xAG_against,Expected xA_against,Unnamed: 21_level_0 KP_against,Unnamed: 22_level_0 1/3_against,Unnamed: 23_level_0 PPA_against,Unnamed: 24_level_0 CrsPA_against,Unnamed: 25_level_0 PrgP_against,Unnamed: 3_level_0 Att_for,Pass Types Live_for,Pass Types Dead_for,Pass Types FK_for,Pass Types TB_for,Pass Types Sw_for,Pass Types Crs_for,Pass Types TI_for,Pass Types CK_for,Corner Kicks In_for,Corner Kicks Out_for,Corner Kicks Str_for,Outcomes Cmp_for,Outcomes Off_for,Outcomes Blocks_for,Unnamed: 3_level_0 Att_against,Pass Types Live_against,Pass Types Dead_against,Pass Types FK_against,Pass Types TB_against,Pass Types Sw_against,Pass Types Crs_against,Pass Types TI_against,Pass Types CK_against,Corner Kicks In_against,Corner Kicks Out_against,Corner Kicks Str_against,Outcomes Cmp_against,Outcomes Off_against,Outcomes Blocks_against
Alavés,459,346,307,84,348,47.9,378,382,96,286,309,918,10,328,258,224,70,245,57.0,185,380,89,291,287,1123,16,2024-2025,107,5,2,623,476,77,798,309,459,8,11,2,1499,639,694,107,5,0,504,590,64,722,287,328,6,11,0,1420,694,639,10534,14746,199550,84871,4546,5494,4441,5542,1312,2838,20,25.4,25.9,284,963,229,99,1160,14251,18138,260653,94982,6140,6970,6230,7338,1563,2925,28,33.3,32.3,306,1034,245,97,1323,14746,12723,1946,537,45,99,798,834,182,61,90,6,10534,77,368,18138,15935,2139,672,52,139,722,913,177,62,61,1,14251,64,340
Athletic Club,345,240,252,85,296,51.1,283,353,72,281,344,911,25,471,428,289,72,388,54.2,328,348,112,236,361,951,24,2024-2025,64,3,1,483,386,68,772,344,345,5,5,1,1735,496,514,83,4,2,406,462,84,592,361,471,5,6,1,1624,514,496,13665,17375,253362,90647,5552,6396,6520,7522,1395,2733,40,36.7,33.1,351,1283,274,90,1579,14953,18891,269493,95206,6402,7284,6730,7799,1481,2854,11,22.9,21.5,242,911,205,69,1177,17375,15511,1796,472,48,116,772,836,193,73,81,1,13665,68,300,18891,16899,1908,528,52,139,592,796,155,54,61,1,14953,84,323
Atlético Madrid,375,305,238,76,319,50.9,308,358,97,261,260,818,25,365,276,206,97,305,52.5,276,437,110,327,369,969,35,2024-2025,75,3,0,412,427,72,675,260,375,4,5,2,1563,445,420,68,0,0,450,384,37,656,369,365,3,7,0,1547,420,445,17826,21418,295213,100382,8814,9752,6993,7984,1486,2519,51,47.9,45.3,348,1233,365,96,1559,16246,19538,291315,95937,7097,7859,7307,8119,1542,2749,17,23.9,29.8,286,1462,282,84,1543,21418,19514,1832,463,76,112,675,789,190,67,65,0,17826,72,388,19538,17845,1656,460,33,124,656,664,144,41,56,0,16246,37,304
Barcelona,332,186,245,107,271,52.1,249,329,60,269,227,601,14,405,378,245,68,375,45.2,455,497,175,322,381,1016,38,2024-2025,63,3,1,368,465,65,709,227,332,8,4,0,1673,380,339,89,2,0,479,351,181,482,381,405,4,8,3,1499,339,380,22321,25721,371914,116385,10452,11341,9674,10643,1577,2424,72,67.5,64.7,500,2020,479,77,2212,8511,11890,161116,69199,3752,4435,3313,4086,1208,2491,31,32.6,21.8,222,595,166,59,780,25721,23787,1869,621,130,133,709,712,265,104,47,1,22321,65,371,11890,10010,1699,417,62,135,482,636,149,62,57,1,8511,181,317
Betis,397,271,273,101,342,53.1,302,406,113,293,356,910,19,459,362,285,75,344,52.4,312,458,132,326,332,866,19,2024-2025,75,4,0,433,524,56,627,356,397,9,4,1,1679,464,478,102,7,3,552,408,92,683,332,459,3,10,2,1618,478,464,15770,19284,264738,91436,7583,8423,6318,7291,1341,2443,37,37.5,34.8,417,1127,329,75,1486,13910,17627,246914,92271,6224,7089,6031,7022,1341,2578,32,38.4,32.4,309,1110,251,69,1411,19284,17322,1906,613,60,153,627,778,197,82,68,0,15770,56,376,17627,15754,1781,466,51,107,683,756,162,73,62,3,13910,92,339
Celta Vigo,340,258,217,80,286,49.7,290,345,91,254,282,828,30,382,307,234,67,312,55.1,254,454,122,332,390,740,17,2024-2025,84,6,3,462,436,67,501,282,340,6,4,2,1532,375,439,88,7,2,455,447,75,667,390,382,2,9,1,1698,439,375,17798,21253,312877,104182,7549,8367,8368,9325,1480,2521,40,38.4,36.9,339,1424,300,53,1659,14946,18445,266539,89590,6617,7382,6584,7411,1433,2809,45,33.3,31.9,308,1103,243,85,1222,21253,19376,1810,502,89,149,501,782,149,52,62,1,17798,67,365,18445,16682,1688,504,57,102,667,680,159,69,53,1,14946,75,323
Espanyol,397,380,210,50,310,50.8,300,435,155,280,315,1131,21,309,234,209,64,266,54.6,221,346,97,249,292,773,20,2024-2025,88,1,0,498,432,61,619,315,397,5,6,1,1364,493,504,66,2,0,457,469,53,858,292,309,6,5,2,1576,504,493,10580,13996,199624,80026,4245,4942,4814,5678,1297,2629,27,24.5,23.4,256,772,204,81,1000,17987,21580,311271,106771,8341,9165,7778,8804,1534,2689,39,39.6,41.3,431,1501,381,103,1821,13996,12245,1690,484,51,97,619,647,144,35,77,2,10580,61,285,21580,19688,1839,529,49,143,858,759,227,97,95,5,17987,53,350
Getafe,393,287,278,80,333,50.1,332,411,84,327,276,1065,15,391,357,248,64,312,54.1,265,351,127,224,282,1230,22,2024-2025,110,7,3,602,506,90,721,276,393,3,9,0,1436,771,738,101,5,1,529,561,85,626,282,391,7,5,0,1419,738,771,8695,12922,169125,74933,3711,4579,3515,4628,1250,2951,21,23.9,23.8,296,958,226,104,981,13966,18284,250679,92537,6043,6962,6205,7399,1371,2889,21,31.3,28.0,259,997,227,66,1284,12922,10790,2042,579,23,116,721,927,147,55,69,1,8695,90,262,18284,16088,2111,659,52,111,626,910,147,66,45,1,13966,85,364
Girona,348,268,219,82,292,52.4,265,327,104,223,279,722,34,348,291,199,98,276,48.7,291,381,108,273,277,911,15,2024-2025,76,2,0,437,439,79,804,279,348,4,6,1,1443,321,344,80,4,1,460,426,44,607,277,348,6,5,1,1414,344,321,18273,21401,322614,100730,8002,8697,8458,9319,1526,2565,31,31.6,37.4,308,1494,302,87,1691,13798,16818,243267,83228,6108,6712,6052,6873,1281,2411,46,36.5,33.6,348,1070,254,74,1183,21401,19598,1724,484,39,128,804,706,186,91,67,1,18273,79,338,16818,15144,1630,488,40,84,607,626,166,61,62,2,13798,44,260
Las Palmas,370,308,253,58,307,51.9,285,434,139,295,321,971,28,360,253,230,80,288,54.6,239,353,100,253,307,974,19,2024-2025,110,4,2,452,462,59,674,321,370,1,10,3,1454,529,561,90,7,2,489,431,99,740,307,360,9,4,2,1625,561,529,14352,18209,254010,92291,6396,7255,6214,7269,1395,2776,27,26.3,26.5,304,1059,246,79,1210,14104,17854,247245,90659,6398,7238,6069,7135,1278,2493,43,47.5,42.7,387,1190,306,96,1470,18209,16234,1916,558,49,117,674,782,160,54,72,4,14352,59,321,17854,15927,1828,472,69,118,740,812,198,86,63,3,14104,99,350
Leganés,384,301,250,82,295,49.2,304,436,157,279,332,1201,18,351,247,253,77,263,46.5,302,291,80,211,279,768,20,2024-2025,82,6,0,503,470,84,495,332,384,7,8,3,1500,472,614,74,1,0,492,475,47,879,279,351,6,7,1,1568,614,472,11207,14840,201808,76373,5038,5734,4716,5600,1169,2735,27,23.3,21.8,241,796,187,45,1030,16312,20203,281718,102752,7566,8514,6971,8047,1403,2710,34,40.9,42.8,426,1363,325,109,1675,14840,13035,1721,500,48,91,495,653,113,46,46,0,11207,84,252,20203,18149,2007,568,52,128,879,865,242,101,101,2,16312,47,335
Mallorca,361,305,211,68,257,51.4,243,389,153,236,326,1161,17,402,269,287,81,260,50.5,255,338,87,251,272,947,16,2024-2025,81,6,1,466,432,78,735,326,361,4,3,1,1523,672,609,70,2,0,451,440,41,821,272,402,1,5,1,1546,609,672,12613,16224,232365,90368,5538,6293,5349,6310,1466,2803,24,26.5,28.3,282,973,239,112,1184,14980,18666,263472,92330,6786,7634,6376,7462,1438,2695,31,36.0,38.6,423,1233,330,94,1587,16224,14337,1809,471,44,93,735,757,145,58,73,3,12613,78,292,18666,16782,1843,526,43,136,821,723,241,113,55,3,14980,41,306
Osasuna,365,296,239,79,311,50.3,307,388,102,286,266,918,16,385,297,206,69,279,51.8,260,377,104,273,250,981,18,2024-2025,88,0,0,508,379,66,819,266,365,9,7,1,1461,617,515,81,6,2,405,485,103,704,250,385,7,9,2,1532,515,617,12184,16028,230479,92624,5022,5858,5403,6487,1489,2835,28,29.8,33.4,300,963,265,127,1221,15229,18864,268789,97445,6895,7684,6578,7586,1433,2702,38,40.6,43.2,349,1251,349,83,1546,16028,14070,1892,487,28,133,819,831,175,64,50,2,12184,66,349,18864,16877,1884,540,89,123,704,784,189,72,78,1,15229,103,324
Rayo Vallecano,396,328,218,80,309,46.5,355,443,128,315,334,973,22,398,284,263,84,304,51.5,286,465,128,337,314,1004,24,2024-2025,96,3,0,522,391,79,769,334,396,1,8,1,1688,485,540,78,4,1,422,499,50,678,314,398,7,1,3,1600,540,485,13936,17861,247359,94801,6459,7310,5793,6748,1401,2920,27,36.2,32.2,374,1081,242,85,1362,12793,16724,231656,91987,5660,6481,5397,6418,1412,2884,33,33.0,33.7,346,1064,274,81,1326,17861,15874,1908,436,46,112,769,868,202,107,65,0,13936,79,395,16724,14603,2071,579,55,139,678,882,191,81,80,1,12793,50,379
Real Madrid,359,294,209,83,264,54.3,222,353,105,248,331,633,19,408,401,183,90,384,48.2,412,454,171,283,333,824,24,2024-2025,57,4,0,332,518,85,578,331,359,11,3,1,1541,334,267,89,6,1,534,316,43,554,333,408,3,14,0,1467,267,334,21356,24221,356264,110503,10517,11248,8566,9311,1723,2595,55,54.6,52.2,501,1773,359,34,1967,12981,15895,221381,81881,6427,7066,4989,5720,1218,2278,27,32.0,27.3,309,1034,223,56,1168,24221,22370,1766,549,90,221,578,620,243,113,63,1,21356,85,316,15895,14331,1521,397,40,120,554,533,161,78,49,0,12981,43,293
Real Sociedad,401,309,244,96,308,53.2,271,428,120,308,283,913,21,377,306,219,79,307,51.0,295,401,99,302,292,1003,14,2024-2025,85,4,0,501,417,82,740,283,401,3,7,0,1569,578,606,82,0,0,446,479,85,610,292,377,4,4,1,1530,606,578,14880,18759,261975,89905,6750,7619,6360,7434,1421,2687,22,30.9,30.7,284,1087,242,64,1341,12635,16415,229468,84576,5620,6418,5326,6305,1400,2797,32,29.0,31.9,321,1061,236,68,1141,18759,16761,1916,513,33,146,740,832,216,78,95,0,14880,82,369,16415,14418,1912,550,54,115,610,808,179,69,58,3,12635,85,345
Sevilla,390,321,240,87,312,55.4,251,368,88,280,367,931,17,375,306,260,85,320,48.6,339,385,110,275,283,890,22,2024-2025,98,8,3,494,402,70,612,367,390,1,6,1,1551,531,442,93,4,0,433,469,62,661,283,375,4,3,3,1409,442,531,14432,18057,252909,88471,6743,7466,6146,7086,1267,2706,32,30.8,24.4,357,1072,210,60,1193,14301,17994,254797,88615,6318,7161,6361,7373,1337,2634,37,34.0,31.7,309,1122,235,72,1262,18057,16196,1791,473,40,130,612,778,185,109,33,1,14432,70,314,17994,16003,1929,541,62,132,661,828,165,66,63,1,14301,62,329
Valencia,415,340,228,79,321,56.0,252,366,96,270,302,953,19,388,292,291,78,321,57.6,236,409,96,313,293,902,19,2024-2025,86,1,0,442,446,72,763,302,415,4,9,3,1550,449,540,86,3,1,474,418,107,691,293,388,6,5,1,1589,540,449,13938,17708,246799,86682,6341,7094,6081,7066,1284,2634,26,30.0,33.4,283,1109,254,91,1340,15307,18992,273196,96683,6744,7559,6698,7661,1513,2779,38,37.2,37.8,321,1184,291,92,1419,17708,15738,1898,566,38,128,763,770,186,69,74,3,13938,72,395,18992,17048,1837,485,78,139,691,801,190,79,57,2,15307,107,328
Valladolid,357,342,204,50,276,48.8,290,450,160,290,311,944,29,329,189,251,94,266,47.9,289,303,84,219,211,731,16,2024-2025,91,5,2,459,486,67,671,311,357,3,7,1,1355,544,524,86,3,2,505,434,60,743,211,329,6,5,0,1489,524,544,12052,15387,228419,83632,4795,5456,5607,6494,1410,2699,15,25.7,24.3,256,752,176,93,991,17117,20501,295213,99282,7740,8497,7685,8589,1328,2457,62,46.8,44.4,449,1475,381,103,1753,15387,13486,1834,544,37,126,671,647,156,81,38,2,12052,67,265,20501,18714,1727,489,62,99,743,751,195,76,80,0,17117,60,353
Villarreal,396,333,236,80,336,53.5,292,426,131,295,281,922,21,349,283,189,95,278,49.9,279,399,120,279,297,821,22,2024-2025,96,4,1,442,463,77,674,281,396,6,8,1,1547,492,399,99,7,1,496,413,42,782,297,349,7,7,2,1493,399,492,14532,17825,262800,96388,6234,6978,6564,7485,1463,2559,51,49.7,48.0,427,1146,371,102,1522,16617,19916,296022,99699,7409,8192,7220,8075,1638,2748,28,28.5,33.8,357,1325,295,94,1597,17825,16035,1713,513,78,124,674,633,183,77,60,2,14532,77,318,19916,18105,1769,495,40,191,782,655,180,70,59,0,16617,42,377
Alavés,347,284,227,67,290,46.1,339,363,117,246,279,810,5,340,279,216,58,254,45.0,310,393,115,278,233,802,14,2023-2024,84,1,0,481,449,69,830,279,347,7,8,2,1807,574,625,102,7,3,476,451,60,686,233,340,6,7,3,1752,625,574,10091,14116,191648,83394,4443,5283,4011,5052,1375,2889,28,32.4,30.6,341,937,273,105,1260,16352,20256,284862,101637,7545,8460,6916,7981,1491,2870,29,29.8,34.6,346,1223,282,76,1502,14116,12133,1914,506,29,124,830,802,187,45,74,4,10091,69,372,20256,18248,1948,519,55,144,686,850,167,64,74,1,16352,60,310
Almería,372,354,222,57,280,48.1,302,430,134,296,313,856,19,364,249,236,98,314,51.2,299,357,103,254,280,676,15,2023-2024,93,6,4,478,493,75,659,313,372,2,9,0,1716,557,587,72,4,0,509,450,73,828,280,364,6,2,1,1780,587,557,12774,16540,228494,85956,5654,6480,5476,6405,1322,2747,25,34.2,24.6,349,870,212,86,1097,15460,19368,269733,101064,7325,8212,6187,7240,1518,2848,56,45.3,45.1,467,1293,355,102,1644,16540,14559,1906,555,35,112,659,741,167,64,63,0,12774,75,320,19368,17353,1942,519,54,171,828,820,220,74,101,3,15460,73,352
Athletic Club,362,217,264,100,305,48.0,330,419,106,313,278,631,4,428,371,284,60,349,50.8,338,411,119,292,370,843,27,2023-2024,80,5,3,511,428,78,845,278,362,4,5,4,2010,541,525,82,3,2,453,487,91,626,370,428,2,5,2,2051,525,541,14509,18724,256772,96209,6598,7600,6186,7288,1393,2832,41,37.0,40.3,355,1205,343,113,1610,14887,19081,268488,97964,6516,7486,6412,7514,1562,3003,27,32.0,29.0,301,999,254,78,1298,18724,16746,1900,528,70,111,845,817,208,79,89,0,14509,78,364,19081,17121,1869,561,40,189,626,744,161,71,54,0,14887,91,352
Atlético Madrid,399,308,263,83,327,48.7,344,460,114,346,256,793,8,318,257,182,91,227,43.3,297,407,104,303,298,735,17,2023-2024,89,5,3,438,447,123,621,256,399,4,2,0,1896,422,392,79,2,0,471,411,37,764,298,318,1,6,2,1846,392,422,17064,20709,282535,101502,8654,9535,6433,7422,1442,2542,48,47.4,44.0,359,1226,380,68,1597,16440,19995,290195,98965,7460,8271,7083,7986,1555,2770,33,29.7,32.7,342,1392,303,79,1544,20709,18869,1717,489,76,179,621,675,174,59,74,0,17064,123,343,19995,18152,1806,545,29,110,764,662,194,63,75,0,16440,37,419
Barcelona,363,271,223,77,243,46.5,280,363,97,266,257,573,17,392,333,227,83,338,46.8,384,450,159,291,318,770,10,2023-2024,87,2,1,412,469,99,651,257,363,6,2,0,1789,453,399,98,8,2,491,401,117,574,318,392,2,7,3,1678,399,453,21506,24761,359810,114447,10598,11481,8724,9617,1717,2604,55,57.4,57.9,457,1702,405,83,1925,10455,13768,186415,77373,4978,5702,3966,4699,1202,2489,35,30.9,30.0,316,806,254,79,992,24761,22805,1857,574,98,200,651,709,238,95,82,2,21506,99,335,13768,12007,1644,489,47,120,574,562,148,66,61,2,10455,117,302
Betis,440,305,300,87,358,52.4,325,422,101,321,345,801,9,464,337,343,76,329,46.0,386,484,144,340,314,693,13,2023-2024,87,3,1,429,497,73,636,345,440,1,8,3,1921,479,500,97,5,3,521,411,106,712,314,464,7,3,2,1864,500,479,15310,18979,256941,94528,7398,8260,5944,6913,1383,2561,31,32.7,33.8,368,1037,327,53,1441,15171,18933,260627,96763,7430,8311,6063,6998,1368,2619,23,32.6,32.7,314,1142,277,88,1457,18979,16983,1923,603,43,138,636,741,217,83,86,2,15310,73,381,18933,17017,1810,468,56,106,712,787,192,84,81,2,15171,106,388
Cádiz,398,338,264,69,341,46.8,387,443,123,320,298,786,13,370,281,253,72,263,53.3,230,341,89,252,243,795,7,2023-2024,107,7,0,576,498,90,791,298,398,2,2,1,1831,632,673,97,4,2,525,550,65,758,243,370,1,3,1,1871,673,632,10763,14990,202974,86219,4837,5694,4144,5163,1455,3198,17,25.2,26.3,292,899,219,106,1017,15783,19905,271822,103062,7651,8676,6204,7335,1515,2819,37,40.2,38.1,375,1375,310,92,1679,14990,12985,1915,560,24,130,791,751,170,63,80,0,10763,90,304,19905,17878,1962,628,45,130,758,792,174,63,65,1,15783,65,372
Celta Vigo,382,302,243,82,308,46.5,354,434,116,318,297,832,9,382,309,254,64,291,49.7,295,444,125,319,335,721,8,2023-2024,66,5,2,463,485,63,661,297,382,4,8,3,1908,522,548,89,4,1,496,445,53,746,335,382,7,5,1,1879,548,522,13890,17776,235944,93057,6703,7631,5538,6545,1223,2495,35,38.2,39.1,367,1129,293,71,1345,16975,21005,295825,102419,7874,8770,7062,8158,1598,2993,32,35.9,37.3,355,1256,297,95,1535,17776,15843,1870,526,63,112,661,759,181,65,76,1,13890,63,380,21005,19016,1936,499,33,162,746,865,189,52,89,1,16975,53,395
Getafe,364,269,251,88,291,50.4,286,342,103,239,307,730,6,348,267,228,45,260,52.1,239,382,113,269,261,855,17,2023-2024,135,10,5,648,437,78,701,307,364,3,7,0,1773,657,692,105,10,4,464,623,141,640,261,348,6,7,0,1878,692,657,10713,15193,207208,83225,4641,5528,4142,5344,1625,3436,27,27.9,27.4,324,1037,220,103,1141,14502,18849,251452,97400,6843,7786,5798,6956,1413,2993,37,38.0,34.2,341,1051,276,71,1325,15193,13180,1935,575,20,224,701,803,143,76,37,1,10713,78,313,18849,16675,2033,695,78,136,640,805,173,60,66,1,14502,141,292
Girona,340,264,222,58,274,52.6,247,378,124,254,257,661,21,423,315,235,123,297,45.7,353,374,104,270,301,630,10,2023-2024,75,1,0,406,471,95,698,257,340,7,7,0,1808,373,390,104,5,3,495,383,49,711,301,423,5,8,1,1745,390,373,18793,21914,318093,108506,8986,9734,7878,8692,1460,2446,64,54.0,52.4,377,1431,362,88,1685,13335,16590,237377,89769,6162,6892,5439,6294,1405,2570,30,37.7,38.0,374,1074,310,95,1277,21914,20127,1692,514,56,172,698,624,159,61,67,1,18793,95,314,16590,14841,1700,477,38,124,711,641,161,75,60,1,13335,49,314
Granada,374,336,237,64,289,46.4,334,404,110,294,280,779,26,344,270,262,69,296,49.4,303,390,106,284,290,729,11,2023-2024,98,4,1,514,504,75,664,280,374,5,6,2,1708,484,540,92,5,1,534,495,108,718,290,344,6,8,3,1884,540,484,12127,15976,225286,88195,5270,6031,5127,6099,1458,2965,27,31.1,30.4,283,834,263,94,1044,15485,19420,273295,100227,7146,7984,6433,7443,1530,2949,54,43.8,39.8,355,1276,317,82,1490,15976,13933,1968,615,46,96,664,795,149,56,51,1,12127,75,345,19420,17386,1926,554,61,162,718,824,201,78,77,1,15485,108,365
Las Palmas,397,328,263,71,305,48.2,328,416,98,318,281,761,14,415,301,301,71,308,49.4,316,426,99,327,335,656,7,2023-2024,84,5,1,411,499,93,580,281,397,3,9,3,1846,395,489,97,5,2,525,378,164,694,335,415,8,5,0,1963,489,395,19105,22882,298427,110392,10201,11174,7170,8097,1145,2312,23,23.3,28.2,295,1295,271,54,1596,11893,15778,213442,85461,5555,6417,4659,5572,1355,2736,33,41.8,36.0,327,1019,240,80,1207,22882,20865,1924,655,66,83,580,761,159,58,55,1,19105,93,392,15778,13845,1769,473,103,121,694,752,211,89,88,2,11893,164,371
Mallorca,388,347,281,58,340,51.8,317,369,131,238,365,785,10,318,237,231,64,219,46.6,251,375,108,267,295,814,10,2023-2024,105,4,2,567,412,104,763,365,388,2,5,1,1816,773,686,53,1,0,434,538,36,656,295,318,3,3,0,1802,686,773,11476,15645,218346,89351,4934,5790,4717,5815,1549,3119,27,30.8,29.1,308,978,235,103,1174,15384,19315,260780,94062,7559,8492,5999,7074,1408,2781,29,28.5,32.9,348,1230,277,78,1399,15645,13739,1802,444,51,118,763,772,173,57,86,7,11476,104,328,19315,17321,1958,630,34,130,656,832,152,57,46,1,15384,36,277
Osasuna,311,247,201,77,243,47.0,274,400,108,292,263,756,16,339,286,187,57,247,51.0,237,411,101,310,291,903,9,2023-2024,78,5,1,518,392,68,813,263,311,4,2,0,1802,750,655,92,6,2,420,500,126,694,291,339,1,5,0,1887,655,750,12874,17335,243978,96863,5474,6420,5487,6696,1666,3277,32,28.5,31.6,301,1128,263,104,1322,14977,19141,259645,97973,7066,7947,6054,7238,1442,2865,44,38.3,36.0,315,1147,288,89,1427,17335,15309,1958,520,19,124,813,867,170,83,68,1,12874,68,383,19141,17116,1899,561,64,147,694,776,175,75,55,0,14977,126,343
Rayo Vallecano,372,279,282,69,270,44.4,338,410,105,305,308,796,12,408,314,284,81,306,52.0,283,388,119,269,285,759,17,2023-2024,108,5,3,563,518,96,688,308,372,3,2,2,1908,506,578,105,7,3,557,535,87,682,285,408,0,6,0,1934,578,506,13282,17459,240192,94205,5918,6783,5584,6657,1436,3063,12,24.6,25.3,314,1082,255,81,1335,13590,17768,238089,96172,6551,7515,5230,6299,1406,2883,36,36.3,34.7,354,1043,292,77,1371,17459,15351,2012,580,43,141,688,858,169,77,53,2,13282,96,333,17768,15686,1995,637,51,135,682,787,173,67,69,1,13590,87,360
Real Madrid,368,252,214,91,225,48.8,236,401,104,297,296,552,14,389,393,221,91,393,49.5,401,402,146,256,296,689,16,2023-2024,69,4,1,368,523,79,618,296,368,3,1,1,1766,329,272,95,0,0,548,354,38,680,296,389,0,5,2,1609,272,329,21794,24691,349864,112682,11641,12391,7949,8734,1624,2474,66,52.5,50.5,476,1701,391,59,1935,14072,17114,244643,88878,6723,7390,5703,6439,1325,2385,17,26.4,28.4,299,995,259,92,1261,24691,22843,1769,553,93,224,618,650,211,66,86,0,21794,79,285,17114,15408,1668,435,33,163,680,644,145,62,48,1,14072,38,376
Real Sociedad,405,271,285,94,283,51.3,269,405,118,287,253,693,15,368,305,268,62,284,46.9,321,402,112,290,278,803,9,2023-2024,98,2,0,604,442,92,672,253,405,1,7,1,1816,759,714,100,6,3,469,570,98,523,278,368,4,4,3,1665,714,759,15263,19249,276751,93632,6489,7461,6923,8022,1553,2800,36,30.7,32.9,320,1133,246,63,1414,11674,15616,211049,80731,5319,6162,4658,5623,1358,2891,24,24.6,26.7,263,787,207,60,941,19249,17319,1838,534,48,122,672,830,198,103,60,0,15263,92,340,15616,13483,2035,651,27,130,523,829,137,43,62,1,11674,98,322
Sevilla,463,380,237,80,335,53.5,291,395,123,272,313,772,9,347,247,240,71,278,48.8,292,367,88,279,236,895,10,2023-2024,108,4,0,477,443,77,934,313,463,1,5,2,1901,610,525,81,3,1,464,445,78,698,236,347,1,2,2,1720,525,610,14628,18599,267530,97170,6501,7367,6128,7177,1667,3111,30,31.7,32.7,363,1207,286,134,1416,14795,18653,260954,97812,6814,7694,6091,7147,1505,2803,40,42.0,36.5,382,1173,293,97,1483,18599,16643,1879,513,28,206,934,807,180,72,76,0,14628,77,357,18653,16574,2001,528,62,141,698,843,196,56,69,4,14795,78,340
Valencia,379,335,250,72,309,50.0,309,392,105,287,324,842,9,379,293,231,88,294,51.6,276,406,87,319,269,646,10,2023-2024,64,5,2,481,475,69,593,324,379,7,6,2,1863,485,628,102,5,0,495,456,86,734,269,379,5,9,1,1898,628,485,12233,16255,217671,80185,5491,6436,5177,6140,1226,2710,24,27.0,24.2,267,886,218,72,1162,16672,20730,302306,108756,7313,8278,7237,8324,1754,3119,31,32.8,34.4,299,1382,318,93,1587,16255,14286,1900,550,36,111,593,868,124,23,47,1,12233,69,375,20730,18759,1885,516,52,155,734,850,182,83,62,1,16672,86,344
Villarreal,348,288,212,76,260,48.9,272,386,130,256,304,789,12,436,331,258,96,329,48.4,351,422,126,296,346,584,11,2023-2024,110,8,4,488,462,92,592,304,348,5,6,1,1697,474,357,91,2,2,486,461,75,886,346,436,3,7,1,1876,357,474,15349,18637,278006,102363,6662,7409,6931,7828,1525,2599,47,40.5,40.4,365,1160,339,88,1558,15642,19145,275471,95593,7263,8043,6475,7386,1534,2794,48,40.6,44.6,408,1214,392,125,1655,18637,16709,1836,541,69,143,592,666,174,75,57,2,15349,92,335,19145,17341,1729,550,51,194,886,631,200,78,65,2,15642,75,305
Almería,322,292,202,63,280,44.9,343,435,122,313,322,855,13,369,274,233,84,310,51.2,296,373,108,265,249,553,14,2022-2023,98,4,2,443,401,83,605,322,322,2,6,1,1890,482,530,93,5,2,427,427,158,851,249,369,5,3,0,2010,530,482,12151,15855,225475,89276,5232,6003,5084,6022,1512,2911,33,32.5,28.1,316,846,218,81,1090,15420,19392,271389,96958,7336,8173,6009,7055,1644,2972,49,49.5,49.2,423,1406,370,91,1707,15855,13865,1907,552,49,132,605,750,147,58,59,1,12151,83,308,19392,17371,1863,501,70,189,851,781,227,80,99,1,15420,158,367
Athletic Club,369,267,254,87,322,50.2,320,415,95,320,310,598,14,416,374,212,70,305,46.8,347,449,147,302,384,839,17,2022-2023,81,5,1,512,421,96,918,310,369,3,3,3,2194,532,487,97,3,1,449,479,77,579,384,416,3,7,1,2087,487,532,14440,18630,261620,96037,6451,7431,6030,7262,1634,2878,33,38.9,35.7,413,1385,341,107,1816,13537,17573,245545,92725,6176,7079,5335,6384,1644,3105,28,26.9,27.7,286,913,253,70,1212,18630,16594,1940,502,44,191,918,835,257,66,123,1,14440,96,386,17573,15545,1951,580,41,190,579,789,136,56,50,2,13537,77,358
Atlético Madrid,408,332,245,90,334,48.8,351,396,103,293,304,704,9,317,271,181,87,262,44.9,322,445,134,311,368,663,14,2022-2023,92,8,3,440,418,79,625,304,408,0,5,0,1977,445,399,93,6,2,449,419,57,743,368,317,3,1,2,2011,399,445,16814,20488,277627,101839,8616,9432,6028,7038,1549,2765,51,48.0,40.0,418,1200,335,68,1571,16384,20021,301152,100162,6990,7841,7186,8112,1852,3099,22,31.3,31.5,331,1304,267,93,1634,20488,18630,1779,490,83,193,625,702,183,97,46,0,16814,79,345,20021,18229,1735,495,40,228,743,650,185,78,68,1,16384,57,352
Barcelona,324,211,216,95,227,45.6,271,353,82,271,253,439,17,385,332,250,65,321,44.8,396,423,139,284,369,746,17,2022-2023,84,6,3,433,452,98,744,253,324,0,3,3,1995,467,359,93,8,2,471,412,120,483,369,385,3,2,1,1831,359,467,21298,24733,364375,115139,10267,11175,8599,9543,1990,2923,56,60.1,66.6,449,1859,482,104,2182,10316,13758,190049,78390,4734,5458,3903,4724,1358,2606,10,23.0,21.6,244,747,198,61,955,24733,22836,1799,565,133,205,744,710,244,82,83,2,21298,98,340,13758,11850,1788,511,41,155,483,672,111,48,46,1,10316,120,306
Betis,421,373,238,54,338,48.2,363,411,112,299,364,857,7,417,303,268,93,311,46.0,365,437,95,342,324,584,9,2022-2023,83,15,3,414,535,74,514,364,421,4,3,1,1918,453,502,99,8,1,568,389,104,756,324,417,2,9,3,1977,502,453,14678,18249,245275,92460,7288,8070,5334,6273,1432,2667,26,34.6,31.7,310,988,270,54,1272,14220,17964,252008,95359,6584,7458,5828,6839,1478,2672,28,37.0,35.7,326,1182,302,86,1571,18249,16255,1920,634,62,137,514,740,152,46,76,1,14678,74,376,17964,16070,1790,455,61,153,756,771,209,71,98,2,14220,104,370
Cádiz,410,358,205,60,320,47.7,351,425,128,297,270,853,13,374,255,249,99,249,50.3,246,347,87,260,242,727,10,2022-2023,116,7,4,532,482,75,633,270,410,2,10,0,1953,606,651,100,11,5,508,503,69,852,242,374,6,5,1,1954,651,606,9940,13952,190101,78677,4341,5147,3874,4864,1452,3117,20,27.7,24.7,269,830,192,93,969,15630,19569,277547,103054,7208,8097,6172,7272,1772,3099,32,38.4,40.0,393,1364,339,96,1739,13952,12025,1852,548,29,150,633,748,145,65,47,3,9940,75,297,19569,17561,1939,570,39,233,852,778,200,63,82,1,15630,69,346
Celta Vigo,413,319,269,76,295,43.6,381,393,84,309,368,666,5,356,314,204,75,295,47.7,323,369,121,248,394,681,9,2022-2023,85,6,3,469,493,81,705,368,413,2,8,1,2031,458,539,112,9,3,520,446,64,633,394,356,6,3,2,2018,539,458,14700,18499,267004,91075,6259,7148,6536,7569,1565,2844,31,30.8,31.6,353,1143,274,77,1403,14618,18416,264587,95274,6485,7336,6036,7073,1704,2985,35,30.5,29.2,279,1132,218,89,1297,18499,16495,1923,557,44,161,705,802,184,65,88,1,14700,81,300,18416,16454,1898,524,49,196,633,849,165,63,78,1,14618,64,353
Elche,363,367,212,54,280,46.4,323,413,131,282,323,766,13,402,293,265,98,311,47.6,342,418,97,321,288,698,9,2022-2023,99,12,3,525,394,81,750,323,363,4,10,2,1924,484,465,83,8,4,417,499,100,753,288,402,7,5,0,1979,465,484,12051,15758,218542,87460,5427,6202,4762,5677,1477,2793,21,27.1,26.2,313,941,211,82,1197,15598,19238,278092,100384,7007,7840,6508,7501,1682,2859,44,48.7,43.7,416,1340,325,92,1615,15758,13769,1908,494,24,164,750,789,204,72,83,8,12051,81,390,19238,17216,1922,563,62,140,753,785,223,77,84,3,15598,100,331
Espanyol,379,330,239,83,301,50.2,299,416,134,282,338,788,9,326,239,220,46,260,50.3,257,328,100,228,238,822,10,2022-2023,99,10,4,457,493,62,713,338,379,3,6,2,1791,647,596,111,8,5,515,443,82,730,238,326,4,5,1,1886,596,647,10827,14698,208293,86401,4483,5312,4607,5640,1483,2971,31,35.0,30.2,319,906,233,83,1146,15807,19603,278055,101521,7448,8318,6120,7171,1742,3004,47,44.6,40.9,426,1297,324,92,1634,14698,12685,1951,574,34,115,713,744,179,75,60,3,10827,62,298,19603,17628,1893,487,47,192,730,810,198,61,94,2,15807,82,336
Getafe,339,282,199,60,285,46.0,334,404,113,291,320,794,10,290,211,190,56,189,46.6,217,378,95,283,300,723,14,2022-2023,126,9,6,600,437,79,649,320,339,3,8,2,1871,714,697,91,7,4,463,559,95,771,300,290,2,8,0,2137,697,714,9690,14126,189556,83925,4104,5044,3760,4936,1502,3175,21,22.5,24.0,248,844,214,94,1003,17070,21494,307288,104475,7505,8488,7300,8503,1833,3374,29,31.0,32.4,360,1296,254,86,1519,14126,12118,1929,524,18,162,649,857,119,58,54,1,9690,79,333,21494,19437,1962,645,48,192,771,819,179,61,75,0,17070,95,355
Girona,321,271,213,67,244,45.9,288,379,111,268,266,662,20,415,289,265,87,311,47.7,341,359,78,281,304,659,10,2022-2023,92,3,2,440,507,87,713,266,321,7,8,0,1836,428,435,91,5,1,537,423,64,753,304,415,6,9,3,1905,435,428,15146,18604,264810,95707,7006,7806,6295,7222,1449,2560,41,37.5,35.4,366,1086,265,91,1378,14391,17921,258164,90467,6386,7118,6021,6982,1573,2822,39,38.6,38.5,377,1220,296,95,1439,18604,16633,1884,576,32,135,713,742,145,66,53,1,15146,87,319,17921,16112,1745,501,45,163,753,678,181,70,70,1,14391,64,321
Mallorca,344,318,213,52,283,48.7,298,402,146,256,318,859,7,296,202,217,81,198,40.3,293,333,82,251,231,621,8,2022-2023,120,5,0,611,457,77,635,318,344,4,7,0,1833,674,629,94,4,1,482,591,40,822,231,296,4,5,1,1900,629,674,10451,14261,199896,84037,4575,5313,4184,5157,1424,2932,27,26.5,23.1,252,815,182,69,948,16934,20763,294260,97924,7875,8733,7059,8172,1588,2872,31,31.8,35.9,378,1539,332,115,1706,14261,12483,1701,497,29,150,635,649,139,49,68,0,10451,77,306,20763,18826,1897,657,48,130,822,738,194,54,59,6,16934,40,323
Osasuna,328,256,196,82,266,45.2,322,392,97,295,315,749,10,332,318,195,50,247,44.1,313,381,93,288,311,797,7,2022-2023,93,7,1,544,410,60,794,315,328,5,4,2,1930,613,628,81,9,5,430,513,109,696,311,332,4,5,1,1892,628,613,12725,16835,242236,95597,5565,6377,5130,6255,1759,3323,30,28.4,31.7,322,1140,271,114,1356,14139,18199,256353,94725,6318,7230,5956,7018,1573,2988,29,34.8,34.3,326,1049,277,77,1371,16835,14900,1875,523,26,197,794,799,159,64,65,3,12725,60,345,18199,16063,2027,574,46,175,696,861,192,58,69,4,14139,109,344
Rayo Vallecano,393,262,276,98,281,42.3,383,428,92,336,309,680,11,391,317,278,69,290,49.5,296,416,133,283,345,810,10,2022-2023,90,6,2,544,490,98,832,309,393,2,5,4,2085,437,527,93,7,4,525,514,85,654,345,391,2,8,4,2125,527,437,13497,17666,251321,91899,5811,6629,5654,6716,1717,3329,29,30.0,29.7,386,1247,269,102,1390,12926,17027,231723,93838,6099,6948,4988,6083,1497,2986,34,36.8,30.9,330,963,252,70,1231,17666,15514,2054,564,29,194,832,901,189,78,69,1,13497,98,365,17027,14931,2011,615,30,182,654,804,180,82,63,3,12926,85,379
Real Madrid,353,242,212,88,259,45.8,306,365,105,260,296,469,5,407,377,218,81,379,44.4,475,492,175,317,331,678,8,2022-2023,72,3,2,367,530,89,574,296,353,8,5,1,1843,339,231,97,7,1,549,348,56,541,331,407,0,12,2,1730,231,339,22082,25012,357586,113878,11462,12245,8069,8810,1812,2595,56,56.8,56.6,522,1880,384,50,2017,13004,15986,225607,85520,6326,6960,4976,5716,1292,2373,21,27.8,26.3,317,1013,248,63,1189,25012,23163,1760,555,65,242,574,653,226,83,53,1,22082,89,353,15986,14341,1589,436,36,121,541,545,145,62,42,3,13004,56,299
Real Sociedad,395,304,254,102,285,46.5,328,399,103,296,271,624,13,403,341,237,83,293,48.8,307,402,110,292,325,613,15,2022-2023,90,2,0,621,452,91,538,271,395,4,2,2,2018,664,557,98,10,5,470,591,91,570,325,403,2,4,4,1911,557,664,15324,19134,269422,96159,6955,7910,6451,7502,1505,2659,36,39.7,36.4,346,1145,290,65,1483,12130,16093,216970,81534,5571,6377,4694,5669,1456,3002,26,24.8,26.4,300,873,222,78,1025,19134,17244,1799,537,47,107,538,782,165,57,71,1,15324,91,324,16093,13951,2051,691,34,147,570,817,154,51,48,1,12130,91,332
Sevilla,367,261,230,96,281,47.5,310,361,127,234,339,633,9,353,273,206,90,257,48.9,269,358,96,262,271,769,13,2022-2023,121,13,4,474,460,106,827,339,367,4,3,3,1973,497,475,95,8,1,477,452,75,673,271,353,2,5,0,1822,475,497,15379,19193,273953,95369,7106,7918,6324,7354,1599,2958,31,32.0,34.0,341,1230,302,95,1513,13660,17319,246669,89019,6107,6903,5592,6545,1572,2903,40,42.0,34.1,397,1136,274,101,1275,19193,17244,1843,526,36,209,827,746,174,42,81,1,15379,106,307,17319,15346,1898,543,49,187,673,774,170,68,62,2,13660,75,277
Valencia,428,340,254,84,311,48.2,334,370,75,295,288,643,21,382,354,219,72,307,46.6,352,418,133,285,294,834,15,2022-2023,93,8,3,504,510,80,924,288,428,6,5,2,2015,492,561,127,10,2,527,476,74,594,294,382,3,8,2,1925,561,492,13592,17492,240816,86465,6320,7184,5505,6588,1420,2753,23,32.5,35.8,355,1155,302,111,1472,12580,16357,229406,88530,5588,6399,5099,6072,1540,2918,34,32.3,32.3,289,986,232,51,1225,17492,15405,2007,570,39,164,924,852,226,67,88,0,13592,80,345,16357,14310,1973,559,51,167,594,837,175,77,73,0,12580,74,347
Valladolid,396,334,251,86,296,47.1,332,432,149,283,345,767,8,389,309,232,93,318,50.7,309,409,97,312,264,662,5,2022-2023,94,6,2,460,516,98,683,345,396,4,10,1,1966,471,617,66,2,0,555,427,53,734,264,389,5,4,1,1939,617,471,12627,16425,238766,87767,5273,6049,5251,6199,1734,3141,24,28.4,24.4,324,969,223,92,1244,13635,17448,239805,96442,6612,7546,5113,6088,1511,2794,46,46.7,43.0,455,1184,346,94,1486,16425,14336,1991,576,33,225,683,786,170,49,91,3,12627,98,365,17448,15392,2003,523,55,141,734,875,211,88,68,2,13635,53,349
Villarreal,370,276,201,101,270,50.6,264,372,125,247,262,691,16,423,349,240,99,345,44.2,435,426,114,312,349,618,16,2022-2023,91,4,2,450,482,87,520,262,370,5,4,1,1819,357,375,105,5,1,501,429,108,708,349,423,3,7,2,1823,375,357,16634,19862,295552,101196,7381,8147,7101,7924,1743,2737,33,43.2,38.3,374,1304,349,52,1622,12047,15331,217557,84062,5567,6240,4683,5572,1447,2598,29,35.7,30.5,343,969,278,84,1242,19862,17980,1795,574,86,186,520,642,210,96,39,4,16634,87,347,15331,13541,1682,508,50,138,708,596,182,67,69,0,12047,108,304
Alavés,324,271,221,58,262,41.1,375,373,106,267,376,890,7,273,249,193,69,233,46.2,271,351,87,264,311,729,12,2021-2022,93,4,3,529,455,72,758,376,324,6,9,0,1910,869,674,79,4,1,484,497,89,789,311,273,3,7,2,2061,674,869,9676,14175,191044,85739,4158,5174,3774,4954,1524,3158,20,25.5,22.8,260,835,199,84,984,15404,19908,272347,102045,7074,8103,5979,7189,1768,3310,48,42.0,47.0,384,1127,342,92,1568,14175,12142,1961,543,27,188,758,825,139,54,63,1,9676,72,310,19908,17714,2105,567,77,202,789,962,231,50,110,3,15404,89,322
Athletic Club,292,217,216,75,224,38.5,358,411,128,283,339,788,8,353,293,224,56,232,43.9,297,393,131,262,387,817,14,2021-2022,90,4,3,487,483,89,798,339,292,5,3,1,2098,585,572,105,9,4,513,455,67,754,387,353,2,7,3,2036,572,585,12947,17283,229197,91473,5845,6826,5198,6434,1437,2830,34,37.5,36.0,351,1056,306,82,1572,14696,18950,278283,100413,6260,7140,5962,7115,2048,3642,26,27.7,31.5,332,1026,253,82,1379,17283,15195,1999,552,42,184,798,880,224,52,102,0,12947,89,332,18950,16909,1974,551,29,332,754,859,161,68,54,1,14696,67,340
Atlético Madrid,346,290,279,67,293,47.3,326,372,98,274,365,649,14,309,297,201,72,217,36.2,383,364,103,261,404,803,10,2021-2022,111,7,3,473,503,85,703,365,346,4,8,3,2002,559,539,102,4,1,520,444,36,601,404,309,3,5,2,1930,539,559,15076,19098,253140,88718,7378,8289,5269,6266,1640,3060,45,40.2,39.6,347,989,325,66,1463,14882,18803,269373,93187,6571,7450,6101,7135,1763,3155,28,20.8,21.6,250,1068,187,47,1320,19098,17082,1931,534,80,228,703,832,201,72,83,0,15076,85,298,18803,16917,1850,529,32,209,601,729,149,67,64,1,14882,36,316
Barcelona,331,236,270,81,244,49.5,249,346,85,261,325,467,17,352,309,250,72,273,36.5,474,376,109,267,392,809,10,2021-2022,97,5,3,499,489,99,798,325,331,6,3,0,2066,454,410,93,5,1,511,465,78,500,392,352,2,7,0,1885,410,454,21489,25006,359280,114923,10207,11109,8433,9401,1949,2912,52,47.6,54.7,402,1698,390,99,2079,10460,13908,191240,80066,4733,5441,3959,4789,1381,2671,27,24.7,23.3,265,750,214,60,938,25006,23093,1814,567,90,193,798,712,219,70,82,0,21489,99,309,13908,12019,1811,571,39,128,500,644,128,52,52,1,10460,78,301
Betis,392,322,261,79,324,46.6,371,386,112,274,361,777,11,370,331,254,62,282,43.1,372,416,135,281,375,614,11,2021-2022,87,6,1,485,470,71,547,361,392,4,3,2,1908,505,511,74,3,1,495,455,129,764,375,370,3,6,2,1869,511,505,15702,19444,273534,99419,7360,8284,6318,7309,1583,2873,45,37.7,35.1,395,1136,294,51,1518,13052,16934,232630,89082,5986,6800,5058,6097,1531,2849,29,30.2,31.0,308,1011,253,79,1375,19444,17513,1860,586,66,181,547,749,174,56,78,0,15702,71,310,16934,14870,1935,530,43,168,764,808,215,96,80,2,13052,129,323
Cádiz,380,346,238,63,301,42.3,410,390,106,284,413,768,5,312,265,197,67,238,45.9,281,328,89,239,323,792,12,2021-2022,105,3,3,488,449,69,865,413,380,5,13,0,2077,601,693,98,6,3,472,462,63,750,323,312,10,6,0,2038,693,601,10136,14415,195586,77863,4254,5031,3979,5054,1552,3292,21,24.6,28.9,277,829,233,120,1080,16729,20783,292201,107898,7875,8901,6714,7838,1663,2923,31,30.4,35.0,357,1481,336,92,1805,14415,12460,1886,511,37,183,865,795,181,79,63,1,10136,69,312,20783,18843,1877,515,50,183,750,806,176,60,76,3,16729,63,337
Celta Vigo,409,324,279,93,286,37.5,476,423,91,332,376,634,11,324,236,237,81,244,41.4,346,410,97,313,454,776,14,2021-2022,87,3,1,507,463,83,768,376,409,3,8,2,2144,603,696,103,5,0,488,481,35,609,454,324,6,6,0,2175,696,603,16007,20591,286771,95793,6936,7982,6579,7795,1837,3366,29,28.8,31.6,286,1105,285,84,1447,12362,16708,227784,91488,5369,6407,4961,6088,1613,3048,29,28.7,27.2,293,989,257,80,1251,20591,18578,1930,501,60,169,768,898,167,81,60,1,16007,83,360,16708,14678,1995,562,22,184,609,925,146,56,57,0,12362,35,394
Elche,325,335,191,63,268,43.1,354,367,126,241,305,769,14,346,244,268,76,258,43.2,339,363,87,276,359,617,9,2021-2022,104,6,1,518,471,74,720,305,325,1,10,0,1982,527,515,80,2,0,504,495,104,767,359,346,8,1,1,2077,515,527,12948,16836,237191,93098,5745,6572,5080,6020,1676,3129,29,27.6,24.8,261,861,204,78,1102,14329,18212,256254,92494,6340,7186,5813,6829,1633,2988,41,41.7,38.2,372,1095,327,109,1477,16836,14819,1943,591,34,180,720,763,155,63,70,1,12948,74,335,18212,16269,1839,547,78,195,767,775,195,74,74,0,14329,104,279
Espanyol,338,308,196,53,275,42.6,371,360,114,246,326,892,20,350,248,249,77,243,39.4,373,338,98,240,287,591,4,2021-2022,99,7,3,440,516,70,627,326,338,3,5,2,1736,447,574,120,7,4,540,418,86,888,287,350,2,5,1,1899,574,447,13360,16919,237866,88599,6031,6763,5391,6281,1475,2817,25,25.8,24.8,300,993,212,59,1212,15516,19314,275016,98608,7112,7983,6148,7212,1748,2957,39,36.7,43.5,367,1282,378,102,1705,16919,15003,1846,590,29,196,627,659,172,65,67,1,13360,70,287,19314,17461,1767,487,56,190,888,716,223,83,84,1,15516,86,313
Getafe,360,266,243,78,248,41.8,346,400,96,304,401,719,8,279,204,239,68,210,46.5,242,343,106,237,357,668,8,2021-2022,121,8,1,559,481,53,621,401,360,1,4,1,1924,721,717,110,4,2,510,530,109,752,357,279,3,5,2,2111,717,721,10278,14607,196813,82509,4550,5489,3938,5092,1516,3176,26,19.4,19.7,288,808,166,73,917,16725,21156,307501,104030,7102,8082,6938,8090,2111,3622,30,27.4,29.1,299,1096,270,78,1521,14607,12625,1929,579,17,194,621,842,136,65,58,0,10278,53,299,21156,19121,1926,575,58,282,752,846,186,60,87,1,16725,109,365
Granada,343,310,240,61,274,43.4,358,437,130,307,326,841,8,280,268,193,85,225,45.5,270,359,106,253,307,662,11,2021-2022,105,4,1,477,466,62,691,326,343,2,9,2,1867,602,743,101,9,6,498,453,69,824,307,280,7,5,1,2067,743,602,10582,14889,199289,81817,4550,5400,4234,5295,1460,3218,28,26.7,25.9,306,840,205,82,1047,14611,18856,263943,98808,6498,7472,5971,7050,1731,3199,46,44.6,41.8,426,1217,347,111,1611,14889,12856,1971,544,28,142,691,791,159,70,60,1,10582,62,295,18856,16832,1955,504,56,176,824,850,205,60,91,2,14611,69,384
Levante,305,268,212,78,237,38.8,374,326,110,216,377,735,12,384,345,238,54,335,49.0,348,379,107,272,327,621,17,2021-2022,109,6,2,550,403,77,624,377,305,6,6,0,2054,441,492,104,5,3,434,526,78,697,327,384,6,13,0,2051,492,441,12584,16422,226757,88940,5742,6544,4982,5929,1501,2917,34,31.7,25.8,318,968,254,63,1343,14699,18611,255582,93473,7006,7884,5539,6557,1615,3015,59,41.2,41.1,393,1056,300,69,1448,16422,14508,1837,477,50,183,624,769,168,58,76,3,12584,77,311,18611,16649,1884,598,54,205,697,713,185,58,68,3,14699,78,256
Mallorca,332,301,235,71,248,45.0,303,374,119,255,344,826,9,351,257,304,87,244,39.9,368,377,121,256,306,746,10,2021-2022,114,7,4,554,535,67,597,344,332,6,8,4,2007,651,703,114,6,4,561,520,57,738,306,351,4,7,3,2011,703,651,11046,15023,194935,82006,5149,6054,4101,5153,1312,2691,23,25.7,28.3,303,806,235,64,1129,14388,18463,256615,94635,6448,7397,5850,6917,1606,3001,40,33.8,36.9,329,1078,316,107,1379,15023,13022,1934,575,44,113,597,788,159,64,34,5,11046,67,311,18463,16519,1887,590,44,155,738,789,161,69,65,3,14388,57,304
Osasuna,331,270,236,71,251,42.0,347,340,115,225,368,758,5,326,265,204,46,206,44.1,261,355,99,256,353,843,15,2021-2022,84,2,1,498,391,66,864,368,331,3,7,2,2118,808,743,73,1,0,414,475,82,719,353,326,5,8,0,2104,743,808,11904,16522,228055,96276,5076,6144,4756,6063,1702,3278,23,22.9,27.6,297,1099,298,124,1328,14630,19149,258592,91704,6586,7550,5894,7112,1602,3263,37,32.5,31.0,335,1016,271,70,1330,16522,14470,1986,473,16,195,864,932,179,61,99,4,11904,66,309,19149,17058,2009,543,50,195,719,867,184,56,71,2,14630,82,261
Rayo Vallecano,359,320,237,64,280,40.7,408,410,95,315,365,686,9,391,304,274,75,282,44.1,357,400,130,270,343,711,15,2021-2022,101,3,1,537,511,83,862,365,359,4,9,1,2110,652,655,110,3,0,540,508,54,659,343,391,6,4,1,2151,655,652,12747,16933,237761,93060,5524,6408,5119,6188,1719,3277,28,30.7,35.8,359,1012,267,109,1312,12928,17259,235500,96786,5832,6766,5108,6181,1591,3174,33,34.7,33.7,313,1058,267,63,1330,16933,14830,2020,553,38,161,862,906,190,76,76,4,12747,83,321,17259,15156,2049,591,54,156,659,867,177,77,70,1,12928,54,358
Real Madrid,345,281,195,84,211,42.0,291,379,114,265,334,526,17,346,347,159,95,324,41.5,456,443,161,282,342,696,16,2021-2022,76,0,0,394,474,106,611,334,345,10,5,0,1941,397,319,82,3,1,501,370,30,670,342,346,5,12,0,1742,319,397,21373,24517,355560,112655,10630,11395,7948,8751,1987,2902,59,50.7,55.1,526,1694,455,57,2078,13258,16452,234875,88823,6260,6951,5038,5817,1529,2706,20,32.2,33.4,319,1027,246,77,1257,24517,22705,1706,491,71,309,611,639,218,81,50,0,21373,106,313,16452,14707,1715,472,41,171,670,615,153,70,55,0,13258,30,311
Real Sociedad,339,271,234,81,260,47.6,286,382,105,277,348,703,6,415,344,276,81,310,46.3,360,424,117,307,339,693,9,2021-2022,77,4,1,491,465,76,638,348,339,8,6,0,2012,678,597,95,2,2,493,465,86,662,339,415,5,11,0,1954,597,678,15403,19304,269268,98185,6964,7887,6383,7429,1569,2800,22,32.9,35.0,313,1067,315,69,1462,12311,16279,222084,82705,5444,6285,4887,5872,1509,2989,28,28.1,29.8,318,949,246,75,1206,19304,17333,1895,537,45,96,638,829,186,79,79,1,15403,76,352,16279,14226,1967,540,36,160,662,914,174,56,66,2,12311,86,320
Sevilla,302,252,211,71,236,43.5,306,367,124,243,270,603,18,353,312,203,94,283,48.1,305,344,91,253,348,748,8,2021-2022,97,4,2,462,462,80,787,270,302,3,4,0,2064,595,561,98,4,2,497,441,53,647,348,353,1,3,2,1879,561,595,18327,22234,341688,109518,7686,8529,7941,8940,2275,3745,40,32.5,34.6,342,1207,305,112,1596,11300,15095,204753,79517,5021,5924,4475,5445,1367,2778,19,25.0,29.4,298,900,239,67,1182,22234,20265,1889,526,37,312,787,844,175,11,124,2,18327,80,305,15095,13204,1838,516,30,143,647,749,158,66,61,1,11300,53,272
Valencia,364,289,217,85,266,42.7,357,373,93,280,339,746,8,335,299,211,66,282,43.9,360,314,90,224,286,795,7,2021-2022,134,8,6,641,586,52,765,339,364,8,8,3,2079,564,599,133,7,4,603,616,97,679,286,335,5,9,3,2076,599,564,9627,13777,187440,77723,3923,4782,3835,4951,1506,3098,30,25.4,27.4,288,900,256,75,1202,13730,17920,244102,96311,6345,7234,5254,6418,1618,3095,34,32.3,30.7,330,1061,275,77,1392,13777,11686,2039,664,32,227,765,811,175,73,63,3,9627,52,289,17920,15730,2093,655,50,198,679,896,172,68,66,1,13730,97,331
Villarreal,312,250,197,91,229,48.1,247,330,109,221,329,644,16,380,310,234,84,296,39.7,450,469,112,357,387,690,11,2021-2022,81,1,1,472,459,91,574,329,312,3,5,1,1946,491,437,98,3,2,483,456,123,749,387,380,5,6,1,1929,437,491,16679,20401,294002,103203,7388,8290,7135,8109,1669,2743,51,50.9,49.9,363,1278,349,66,1698,11881,15636,216502,79444,5234,5996,4744,5663,1462,2897,20,30.2,28.2,294,894,229,80,1095,20401,18435,1875,582,90,166,574,737,200,92,44,2,16679,91,396,15636,13738,1775,533,34,168,749,671,198,76,80,2,11881,123,267
Alavés,292,263,181,55,197,34.9,368,341,90,251,428,766,8,278,197,215,57,213,45.5,255,309,89,220,342,623,13,2020-2021,96,8,5,513,487,73,645,428,292,5,3,0,1737,831,602,80,3,1,514,477,107,731,342,278,3,8,1,1922,602,831,10217,14390,196749,86617,4465,5486,4015,5139,1482,2923,21,27.4,21.0,256,789,189,82,939,15323,19621,272108,93122,6945,7955,6055,7146,1778,3256,44,37.1,34.2,292,1086,299,78,1479,14390,12380,1937,595,11,144,645,800,142,42,68,4,10217,73,265,19621,17574,1940,561,22,201,731,865,201,72,62,0,15323,107,305
Athletic Club,269,194,200,67,167,32.4,348,341,74,267,344,684,9,303,265,226,41,197,39.3,304,396,94,302,484,772,6,2020-2021,82,3,1,483,477,77,811,344,269,5,6,1,1836,656,601,80,5,4,503,452,83,753,484,303,5,5,3,1861,601,656,13577,17841,251118,91439,5872,6901,5484,6607,1791,3120,31,31.0,27.9,303,1054,284,79,1496,14283,18323,257670,93431,6622,7507,5355,6400,1797,3229,29,27.1,30.0,282,1022,280,94,1380,17841,15737,2027,561,13,200,811,920,197,65,73,3,13577,77,376,18323,16394,1846,532,21,242,753,768,157,46,70,1,14283,83,335
Atlético Madrid,367,291,253,78,296,46.9,335,361,83,278,386,671,7,315,308,185,63,214,36.4,374,359,88,271,454,674,9,2020-2021,100,0,0,489,443,96,597,386,367,6,4,3,1951,530,482,59,3,0,486,455,30,708,454,315,3,7,2,1939,482,530,16757,20680,276506,95008,8278,9219,5931,6995,1653,2869,54,40.6,38.8,347,1144,370,53,1604,15160,19039,269657,90693,6763,7647,5993,6942,1807,3152,15,27.7,28.9,271,1175,243,77,1394,20680,18818,1766,480,46,171,597,734,196,54,98,0,16757,96,302,19039,17189,1820,563,10,211,708,703,160,54,71,0,15160,30,354
Barcelona,293,223,195,81,224,42.9,298,325,70,255,361,429,16,320,357,181,60,257,33.4,513,440,133,307,517,639,8,2020-2021,72,2,2,357,523,90,494,361,293,6,5,2,1937,395,317,76,6,2,546,333,48,514,517,320,5,8,5,1846,317,395,25192,28488,384110,119170,13304,14257,9056,9893,1599,2287,51,53.2,63.6,452,1874,517,52,2157,11743,15011,208239,80182,5511,6256,4485,5238,1354,2515,20,25.4,25.7,234,806,223,56,1038,28488,26712,1686,536,58,108,494,644,217,68,35,0,25192,90,340,15011,13448,1515,426,20,141,514,513,140,43,57,1,11743,48,300
Betis,314,274,220,62,211,37.9,345,361,74,287,452,687,11,336,286,245,55,218,34.2,420,408,130,278,364,610,12,2020-2021,93,8,4,521,483,65,586,452,314,9,10,3,1938,613,628,83,2,0,507,492,125,654,364,336,6,11,0,1936,628,613,15816,19679,273427,94370,7406,8310,6094,7035,1673,3002,35,33.4,30.5,335,1048,297,80,1442,13194,17222,238320,88022,5750,6649,5379,6415,1595,2971,31,30.1,29.1,259,928,245,68,1311,19679,17720,1894,598,18,163,586,774,184,48,82,2,15816,65,321,17222,15250,1847,548,36,180,654,788,158,64,60,0,13194,125,345
Cádiz,317,305,216,52,247,40.7,360,368,99,269,437,788,8,300,217,199,70,192,37.4,321,244,41,203,302,660,10,2020-2021,81,3,2,436,483,56,731,437,317,3,10,1,1809,687,753,87,4,4,509,399,101,805,302,300,5,4,3,1929,753,687,7949,12067,158876,72248,3244,4091,3064,4071,1319,2992,16,20.4,16.9,196,653,152,73,854,18990,23128,325229,109780,8929,9933,7698,8790,1736,2988,41,39.3,44.2,340,1523,367,100,1881,12067,10091,1920,587,15,134,731,739,149,56,78,1,7949,56,282,23128,21256,1771,451,31,189,805,809,206,92,61,2,18990,101,349
Celta Vigo,368,332,259,71,238,34.3,456,399,89,310,405,751,12,288,183,204,81,189,40.6,276,344,76,268,489,522,6,2020-2021,109,5,3,631,492,65,521,405,368,7,8,1,1988,609,669,102,6,4,529,607,51,741,489,288,6,7,0,1988,669,609,15176,19318,263065,91357,6912,7946,6117,7188,1552,2914,39,36.7,32.0,267,978,248,48,1308,12833,16949,234551,90752,5767,6732,4864,5911,1703,3093,37,35.7,33.2,285,965,248,79,1249,19318,17402,1851,553,33,145,521,764,125,42,62,2,15176,65,298,16949,14836,2062,658,21,196,741,924,166,66,55,0,12833,51,365
Eibar,309,228,204,82,203,39.2,315,360,63,297,434,593,11,319,285,196,38,199,38.3,320,359,98,261,406,933,7,2020-2021,71,3,2,494,387,67,1052,434,309,4,5,0,2179,908,917,66,2,1,417,461,128,545,406,319,5,9,0,1962,917,908,11810,16890,234607,92605,4840,5844,4584,5965,2002,4026,20,29.9,28.5,309,1119,254,118,1295,12572,17650,235599,96981,5489,6648,4928,6296,1719,3524,40,35.2,26.3,264,842,230,62,1056,16890,14786,2037,511,5,243,1052,991,197,94,98,0,11810,67,325,17650,15366,2156,534,38,175,545,1041,141,47,56,2,12572,128,333
Elche,335,324,189,38,210,36.3,368,357,97,260,386,689,11,347,216,281,101,253,40.9,365,327,57,270,406,586,8,2020-2021,99,3,2,527,456,51,672,386,335,1,10,1,1811,488,539,79,2,1,496,506,64,693,406,347,6,3,1,1977,539,488,13481,17054,244141,94274,6024,6751,5311,6194,1653,3001,25,21.8,19.8,190,785,148,79,929,15678,19233,280780,94332,6907,7794,6608,7543,1700,2817,43,44.0,42.8,369,1247,346,84,1647,17054,15168,1835,537,8,167,672,715,137,52,60,1,13481,51,322,19233,17498,1671,535,28,149,693,692,164,43,64,1,15678,64,308
Getafe,352,232,276,71,241,38.9,378,361,53,308,393,615,4,313,339,196,39,220,45.5,263,352,88,264,390,838,3,2020-2021,120,7,2,631,520,74,815,393,352,3,8,3,1943,840,946,106,6,5,549,589,87,566,390,313,6,5,1,1948,946,840,8977,13863,170990,76315,4043,5155,3111,4340,1417,3219,14,23.6,24.0,261,863,225,102,1090,14007,18783,254282,98526,6282,7408,5491,6728,1739,3372,26,25.8,23.2,223,935,204,58,1195,13863,11734,2055,596,7,210,815,973,143,71,36,0,8977,74,322,18783,16642,2054,674,22,214,566,869,145,57,53,1,14007,87,356
Granada,279,226,213,60,185,39.5,283,388,128,260,392,764,7,313,265,227,58,204,39.5,312,363,78,285,359,613,9,2020-2021,97,6,1,533,469,82,613,392,279,4,12,1,1800,675,851,104,6,3,493,501,53,764,359,313,10,5,0,1862,851,675,9083,13336,173761,74249,3915,4776,3574,4629,1288,2951,30,26.8,22.6,224,813,173,58,975,15039,19293,268348,97780,6817,7821,5922,7064,1751,3151,41,38.2,36.5,363,1126,324,96,1449,13336,11332,1922,506,17,115,613,870,128,57,39,1,9083,82,333,19293,17232,2008,584,22,208,764,882,185,56,79,1,15039,53,342
Huesca,322,309,191,56,239,41.3,340,342,83,259,437,616,7,309,212,221,99,227,34.8,426,325,80,245,323,773,14,2020-2021,69,2,1,528,518,101,824,437,322,2,5,2,1876,580,598,64,2,1,554,496,74,691,323,309,3,4,2,1870,598,580,13511,17483,250957,87960,5695,6489,5786,6819,1679,3199,23,26.6,25.3,295,898,221,113,1185,15344,19259,275522,98942,6855,7746,6087,7054,1841,3242,37,35.6,32.8,324,1211,298,93,1447,17483,15452,1930,598,9,197,824,788,156,59,58,1,13511,101,321,19259,17253,1932,594,20,182,691,811,161,52,55,0,15344,74,309
Levante,283,268,189,55,208,38.3,335,336,94,242,432,680,15,334,287,204,84,249,40.5,366,374,76,298,433,638,8,2020-2021,68,1,0,509,397,69,697,432,283,5,4,2,2023,455,522,87,7,2,430,483,99,683,433,334,2,6,1,1964,522,455,14189,18113,256983,95961,6357,7201,5757,6801,1695,3077,35,29.6,30.0,286,1087,306,83,1537,13052,16963,238487,89708,5779,6636,5179,6169,1628,3057,42,40.0,33.1,356,966,304,80,1299,18113,16219,1825,509,23,178,697,767,173,61,41,0,14189,69,369,16963,14983,1881,533,22,162,683,790,179,62,66,1,13052,99,297
Osasuna,281,223,217,84,224,40.6,328,349,100,249,392,774,7,309,252,195,58,195,44.3,245,312,79,233,338,694,7,2020-2021,80,5,3,535,407,67,700,392,281,3,8,2,2071,996,806,65,0,0,439,507,96,800,338,309,6,6,1,2115,806,996,10233,15031,201352,91555,4401,5541,3869,5149,1649,3329,25,24.9,27.9,259,968,261,101,1220,15379,20219,268013,95911,7198,8271,5912,7233,1696,3425,31,33.2,35.8,322,1070,321,89,1525,15031,13118,1846,510,6,194,700,831,117,44,54,1,10233,67,281,20219,18086,2037,565,34,198,800,906,176,70,40,2,15379,96,296
Real Madrid,318,266,188,77,192,36.1,340,344,83,261,398,544,12,295,277,184,70,216,33.5,429,418,133,285,380,707,16,2020-2021,59,2,1,407,474,86,771,398,318,2,8,1,1901,444,381,87,3,1,493,384,39,637,380,295,4,3,3,1748,381,444,20652,24119,352965,111437,9790,10620,7728,8593,2214,3224,53,47.4,48.8,438,1525,401,77,1920,13187,16672,231875,87915,6262,7020,4926,5792,1484,2710,17,24.4,24.5,269,956,250,85,1157,24119,22248,1785,501,32,351,771,759,224,70,65,1,20652,86,346,16672,14886,1747,462,21,174,637,677,152,55,64,1,13187,39,319
Real Sociedad,322,240,227,80,200,41.7,280,353,96,257,315,563,5,311,253,212,66,220,40.0,330,413,104,309,379,710,16,2020-2021,81,1,0,566,459,86,712,315,322,8,5,1,1941,663,669,91,6,2,495,532,89,533,379,311,4,12,1,1875,669,663,14915,18995,264692,91984,6592,7589,6282,7368,1582,2840,39,39.6,39.7,308,1100,343,64,1554,11867,15816,219009,82039,5271,6122,4510,5447,1613,3088,24,26.1,25.4,251,805,213,65,1011,18995,17052,1857,545,40,103,712,823,196,87,82,1,14915,86,369,15816,13837,1890,622,18,196,533,756,127,40,46,2,11867,89,293
Sevilla,297,220,200,72,184,36.1,326,310,90,220,362,636,10,306,255,196,65,207,34.6,392,325,87,238,407,635,13,2020-2021,79,2,2,491,488,69,731,362,297,4,6,2,1944,615,534,109,1,0,510,458,34,680,407,306,4,7,1,1769,534,615,19248,22873,342985,106478,8654,9471,7775,8720,2190,3442,36,41.0,40.1,387,1234,346,122,1627,11221,14857,203283,81513,5104,5905,4222,5116,1428,2771,20,22.5,21.7,244,839,209,62,1103,22873,21025,1779,516,27,384,731,797,167,35,65,0,19248,69,301,14857,12969,1854,536,16,156,680,723,157,59,62,2,11221,34,272
Valencia,277,241,163,59,198,33.4,394,372,123,249,392,785,12,295,210,198,72,212,38.3,341,332,93,239,391,540,9,2020-2021,82,5,3,459,525,90,613,392,277,6,8,2,1832,602,575,99,5,2,560,433,73,858,391,295,4,10,2,1941,575,602,12755,16480,241622,89245,5332,6142,5304,6236,1735,3073,35,27.2,24.8,283,926,239,62,1180,15047,18941,264085,91502,7083,7920,5712,6772,1694,3074,29,33.8,37.1,392,1295,342,91,1644,16480,14548,1842,584,22,218,613,666,163,58,51,2,12755,90,297,18941,17081,1787,508,21,216,858,731,200,77,85,0,15047,73,300
Valladolid,321,285,208,66,247,36.3,434,379,102,277,431,812,9,314,256,206,79,213,42.3,291,311,74,237,368,701,12,2020-2021,93,4,0,510,510,75,744,431,321,8,7,0,1922,628,818,96,2,0,543,474,70,775,368,314,4,8,0,1948,818,628,11145,15385,206105,80260,4972,5863,4299,5283,1489,3187,21,24.2,25.7,263,873,213,90,1101,14587,18827,263843,100052,6525,7550,5667,6782,1826,3220,44,38.3,37.0,346,1153,326,94,1549,15385,13372,1938,571,20,193,744,796,145,53,39,1,11145,75,312,18827,16803,1954,544,21,218,775,861,194,65,71,4,14587,70,341
Villarreal,313,256,205,78,239,40.6,349,358,101,257,371,638,17,324,280,223,88,255,36.8,437,394,94,300,416,617,12,2020-2021,67,5,1,449,465,88,579,371,313,7,9,2,1878,489,496,78,4,2,496,424,76,777,416,324,7,13,3,1917,496,489,17508,21129,305401,104843,8074,8963,7097,8015,1788,2857,33,40.5,40.7,317,1175,358,81,1628,13685,17408,241512,86192,6311,7095,5245,6202,1561,2877,25,26.2,27.2,290,956,273,106,1227,21129,19245,1796,539,47,178,579,711,160,58,33,1,17508,88,348,17408,15576,1756,503,13,188,777,753,147,54,40,1,13685,76,311
Alavés,346,261,265,53,255,41.2,364,385,114,271,392,766,7,347,228,258,69,246,49.5,251,291,66,225,329,584,10,2019-2020,111,7,3,621,432,61,562,392,346,5,15,0,1766,905,712,87,3,2,472,573,92,695,329,347,7,6,0,1939,712,905,9612,13973,182169,82570,4283,5328,3614,4788,1385,2920,20,26.9,22.0,236,723,171,56,944,15671,20109,285197,97858,6754,7797,6374,7561,1942,3427,36,37.1,32.4,332,1139,283,72,1548,13973,11911,2001,543,17,108,562,881,136,52,53,0,9612,61,278,20109,18001,2016,631,43,269,695,907,176,65,59,5,15671,92,329
Athletic Club,324,262,204,67,217,35.4,396,339,92,247,373,755,7,313,270,222,57,250,42.6,337,330,85,245,327,704,15,2019-2020,90,2,0,522,436,84,754,373,324,4,7,2,1911,912,683,89,0,0,475,491,71,737,327,313,6,10,1,1861,683,912,12533,16915,234527,90251,5521,6494,4692,5831,1830,3367,23,26.2,25.2,277,967,217,85,1291,13649,18082,245082,93027,6206,7231,5280,6511,1666,3162,26,34.6,32.0,288,1019,267,84,1390,16915,14889,1942,517,14,200,754,874,178,70,65,6,12533,84,306,18082,16006,2005,558,32,208,737,876,173,68,60,2,13649,71,316
Atlético Madrid,406,293,272,93,283,44.2,357,380,108,272,412,729,18,355,292,224,56,195,35.9,348,342,112,230,384,709,12,2019-2020,93,3,2,513,479,116,574,412,406,6,4,3,1950,827,723,113,4,1,506,474,34,728,384,355,3,8,1,1869,723,827,13595,17765,221969,88361,6783,7777,4581,5696,1344,2676,35,39.4,37.1,330,904,289,49,1333,14900,19126,275845,93423,6444,7434,5943,7046,2007,3500,15,22.9,25.5,299,1203,225,68,1523,17765,15735,1914,511,62,123,574,835,183,60,92,0,13595,116,283,19126,17114,1978,598,15,243,728,769,180,63,67,2,14900,34,343
Barcelona,323,216,223,97,211,42.1,290,313,87,226,342,529,16,361,351,202,70,269,33.9,524,430,117,313,525,575,12,2019-2020,92,6,3,416,529,83,417,342,323,3,7,0,1874,455,364,89,4,2,563,387,68,560,525,361,4,6,2,1824,364,455,24758,28227,391043,120014,12607,13663,9115,9972,1889,2618,62,49.5,51.2,384,1827,417,31,2042,10889,14303,191184,73922,5128,5926,4001,4816,1301,2487,21,23.6,23.3,257,753,210,68,1003,28227,26418,1726,573,86,183,417,638,185,92,27,2,24758,83,337,14303,12675,1560,465,26,159,560,564,137,48,43,4,10889,68,276
Betis,299,276,173,52,221,43.2,290,336,119,217,302,682,8,374,301,251,71,268,37.6,445,369,108,261,364,644,13,2019-2020,108,9,3,473,577,84,624,302,299,6,11,1,1709,579,558,111,5,3,610,430,125,708,364,374,8,8,0,1723,558,579,16182,19823,284815,94491,7354,8220,6504,7416,1774,2986,35,36.9,33.8,360,1015,322,84,1475,11625,15463,214797,82200,5043,5816,4579,5561,1552,2976,40,36.1,32.5,330,915,270,77,1263,19823,17676,2063,699,30,205,624,799,185,67,41,2,16182,84,337,15463,13476,1862,519,31,172,708,740,202,75,74,5,11625,125,273
Celta Vigo,357,344,193,52,251,40.8,364,345,89,256,396,807,12,348,253,275,87,240,39.3,370,401,88,313,384,646,14,2019-2020,104,6,3,473,527,70,636,396,357,6,5,0,1905,650,659,119,5,2,571,444,66,783,384,348,3,9,0,1982,659,650,14552,18557,249113,90321,6742,7687,5746,6750,1422,2704,26,26.2,26.2,279,970,253,60,1364,13456,17544,237469,86488,6243,7168,5045,6092,1611,3054,31,33.4,33.9,327,1116,286,83,1436,18557,16543,1944,593,38,138,636,749,176,61,78,2,14552,70,367,17544,15616,1862,511,19,206,783,838,206,83,79,1,13456,66,329
Eibar,338,240,228,99,264,43.5,343,332,81,251,430,692,8,331,293,218,42,198,43.2,260,328,97,231,342,923,17,2019-2020,92,3,2,538,411,73,870,430,338,5,6,1,2039,974,1091,70,2,2,451,475,121,630,342,331,4,10,1,1931,1091,974,10439,15551,207816,83924,4422,5456,4008,5354,1713,3829,24,26.0,26.3,292,1007,224,108,1265,13273,18285,244320,99810,5931,7081,5059,6351,1801,3578,38,40.0,28.7,278,810,272,79,1177,15551,13381,2097,531,11,221,870,1015,189,69,101,1,10439,73,286,18285,15925,2239,580,49,231,630,1037,189,69,63,1,13273,121,310
Espanyol,364,303,253,72,257,36.7,444,380,96,284,360,731,17,305,265,217,57,208,42.5,281,319,107,212,367,787,9,2019-2020,107,9,6,581,469,65,710,360,364,1,7,2,1927,755,814,75,6,3,510,539,71,646,367,305,3,4,2,1924,814,755,11881,16363,224795,87287,4830,5791,5174,6369,1528,3235,17,27.3,26.7,283,962,222,86,1240,13993,18345,249816,92695,6503,7537,5361,6468,1645,3189,35,34.9,30.5,317,1122,262,73,1452,16363,14389,1909,543,19,146,710,800,156,59,64,6,11881,65,281,18345,16269,2005,608,40,235,646,833,169,69,50,0,13993,71,343
Getafe,341,235,263,82,235,41.0,338,374,60,314,367,625,12,292,307,174,39,202,42.4,274,384,100,284,384,852,13,2019-2020,135,5,2,706,495,106,833,367,341,4,6,2,1947,914,1024,122,11,4,537,656,143,505,384,292,6,7,1,1948,1024,914,8319,13715,165204,78265,3535,4713,2977,4408,1466,3508,31,27.9,26.6,284,970,275,130,1196,11770,16917,216123,93019,5239,6390,4359,5709,1621,3378,21,29.5,24.4,193,817,150,50,1089,13715,11368,2241,630,27,215,833,1094,185,41,69,2,8319,106,377,16917,14498,2276,782,39,190,505,947,132,49,48,1,11770,143,356
Granada,349,257,257,70,238,41.8,332,375,118,257,383,750,10,302,267,206,70,253,45.8,300,335,99,236,333,665,13,2019-2020,109,1,1,590,497,70,670,383,349,3,5,0,1764,748,849,116,7,3,544,562,75,724,333,302,5,5,2,1837,849,748,9810,14105,190418,79655,3970,4840,3979,5089,1486,3136,34,30.5,26.2,275,822,176,69,1009,14365,18617,254954,95022,6722,7662,5544,6693,1632,3098,37,33.1,29.0,341,992,258,71,1397,14105,12058,1977,582,16,133,670,825,163,64,57,0,9810,70,306,18617,16434,2108,617,36,215,724,942,181,70,69,1,14365,75,316
Leganés,357,317,215,71,254,41.6,356,320,73,247,418,687,7,339,260,214,56,239,41.1,342,324,100,224,332,850,6,2019-2020,127,4,2,591,500,75,771,418,357,4,7,1,1821,778,865,105,5,2,541,550,68,636,332,339,6,5,0,1846,865,778,10336,14838,189358,81026,4801,5718,3782,4953,1390,3161,19,27.7,25.4,292,890,223,95,1165,15049,19534,274698,96360,6509,7555,6127,7287,1834,3433,34,29.7,30.5,262,1092,238,92,1423,14838,12774,1989,565,20,160,771,886,157,42,83,3,10336,75,296,19534,17372,2094,632,23,273,636,920,153,63,49,1,15049,68,294
Levante,288,281,173,53,204,38.3,328,317,107,210,331,763,14,349,242,226,85,251,39.4,386,385,112,273,321,662,7,2019-2020,79,5,4,468,460,81,697,331,288,5,7,2,1913,504,555,96,1,1,495,440,86,854,321,349,5,5,2,1969,555,504,12415,16332,226838,91955,5677,6494,4771,5765,1611,3073,28,36.3,27.2,326,983,253,75,1358,13838,17798,250354,95933,6315,7179,5298,6393,1721,3132,40,47.2,45.6,436,1102,340,110,1499,16332,14321,1930,548,34,227,697,749,189,91,42,6,12415,81,335,17798,15792,1920,508,36,194,854,803,219,78,87,4,13838,86,286
Mallorca,338,280,213,52,227,37.7,375,360,117,243,376,672,9,393,315,277,78,317,44.7,392,352,94,258,383,690,8,2019-2020,93,5,4,509,526,58,682,376,338,8,16,1,1867,634,729,118,4,4,565,465,54,737,383,393,12,10,1,1962,729,634,11782,15636,202286,85060,5648,6558,4220,5197,1275,2576,21,25.4,26.6,309,831,211,73,1210,15595,19483,282306,102283,6807,7785,6476,7483,1796,3065,39,43.2,39.5,390,1254,386,97,1681,15636,13615,1963,577,18,119,682,793,171,64,60,0,11782,58,325,19483,17602,1827,526,32,173,737,726,177,54,70,3,15595,54,307
Osasuna,361,275,267,71,267,43.3,350,385,98,287,417,738,19,316,234,218,64,210,40.0,315,345,91,254,406,776,18,2019-2020,110,6,3,551,410,80,755,417,361,2,5,0,2056,874,869,83,4,2,453,515,120,666,406,316,3,8,0,2071,869,874,10959,15904,208476,88813,4772,5858,4189,5547,1654,3435,26,34.4,29.5,341,946,267,94,1359,13039,17987,233717,91634,6047,7118,4939,6217,1608,3434,39,35.9,30.8,303,952,257,81,1311,15904,13788,2036,533,16,192,755,926,180,67,72,1,10959,80,316,17987,15674,2193,592,52,171,666,1009,176,58,57,4,13039,120,356
Real Madrid,355,252,253,81,226,38.0,369,367,77,290,381,590,13,352,302,216,82,285,37.1,484,367,101,266,374,777,14,2019-2020,82,4,3,487,474,84,776,381,355,11,2,0,2047,521,411,87,1,0,509,456,64,621,374,352,2,11,1,1851,411,521,20107,23733,352395,113608,9829,10697,7274,8243,2405,3556,52,49.9,47.3,438,1548,400,100,1972,12998,16712,228135,88106,6010,6812,5025,5948,1433,2719,21,23.9,22.0,249,899,185,46,1211,23733,21828,1821,534,59,445,776,786,192,51,68,0,20107,84,328,16712,14786,1862,549,26,161,621,726,148,61,54,1,12998,64,360
Real Sociedad,321,254,224,73,252,44.0,321,346,79,267,320,694,12,359,268,260,63,234,39.7,355,421,108,313,409,708,9,2019-2020,79,2,2,501,489,78,719,320,321,2,9,1,1892,815,710,101,7,5,528,458,95,590,409,359,5,5,2,1880,710,815,15989,20229,284541,99278,6898,7968,7100,8250,1568,2851,38,35.4,34.4,323,1136,327,86,1588,11671,15849,211926,80029,5293,6157,4408,5497,1526,3060,33,27.7,29.4,296,837,223,66,1133,20229,18172,1979,598,54,115,719,868,181,99,33,2,15989,78,376,15849,13840,1914,553,28,195,590,835,147,52,60,5,11671,95,319
Sevilla,344,274,246,67,261,39.5,400,331,94,237,346,704,10,380,304,226,76,254,38.1,413,385,109,276,430,810,15,2019-2020,97,1,1,522,480,92,880,346,344,4,4,1,2069,746,695,100,5,2,516,486,66,606,430,380,2,7,1,1883,695,746,17525,21733,319775,106262,7645,8604,7011,8197,2222,3526,35,38.4,39.4,359,1272,343,110,1823,11772,15845,210526,82999,5296,6178,4555,5583,1403,2908,21,24.4,22.4,255,906,195,55,1138,21733,19673,1968,553,30,384,880,837,226,72,79,6,17525,92,350,15845,13850,1929,572,36,135,606,808,146,56,50,1,11772,66,287
Valencia,311,270,173,57,232,39.4,357,334,130,204,360,748,12,288,207,201,78,203,37.0,345,274,74,200,372,634,11,2019-2020,80,8,3,416,543,100,677,360,311,6,9,1,1778,553,601,90,4,3,568,386,57,826,372,288,5,8,1,1914,601,553,14490,18258,261347,90968,6320,7145,5926,6878,1705,3096,34,31.7,29.7,253,974,273,59,1378,15727,19444,272340,95683,7636,8502,5900,6868,1662,2975,31,35.3,36.5,410,1367,363,112,1698,18258,16284,1874,591,46,238,677,688,169,54,70,8,14490,100,257,19444,17692,1695,464,34,206,826,697,178,58,71,1,15727,57,267
Valladolid,327,316,204,48,239,35.6,433,391,112,279,390,749,13,331,240,224,91,231,40.6,338,337,93,244,300,613,11,2019-2020,84,0,0,484,530,81,645,390,327,6,8,0,1964,618,764,95,4,2,575,450,46,781,300,331,5,6,1,1958,764,618,11187,15457,210278,81923,4901,5779,4401,5426,1531,3230,19,24.0,20.5,254,841,155,57,1106,15445,19675,271526,100058,7076,8132,6084,7219,1705,3024,26,38.7,36.9,345,1315,328,94,1764,15457,13389,1987,574,24,214,645,806,161,62,56,0,11187,81,293,19675,17690,1939,526,39,186,781,865,195,65,68,1,15445,46,356
Villarreal,323,250,239,64,218,36.2,384,362,116,246,339,814,12,337,257,229,83,259,37.5,431,353,106,247,369,616,9,2019-2020,78,1,0,483,422,71,619,339,323,10,9,2,1894,536,622,84,5,4,456,449,90,838,369,337,7,11,1,1921,622,536,16218,20045,294996,98849,7011,7907,6626,7599,2025,3322,40,43.1,37.4,368,1112,276,75,1483,13964,18041,251844,92332,6347,7237,5333,6425,1757,3206,35,31.9,32.8,355,1090,296,104,1465,20045,18098,1876,510,42,267,619,804,148,53,57,0,16218,71,290,18041,15998,1953,514,27,211,838,811,226,86,89,4,13964,90,301
Alavés,389,352,228,66,254,42.7,341,419,117,302,390,1066,13,330,259,240,55,213,43.6,276,363,91,272,364,859,10,2018-2019,101,1,0,551,499,58,729,390,389,2,6,2,1972,864,890,93,2,0,525,528,91,800,364,330,3,3,0,2010,890,864,9631,14061,186037,84436,4155,5125,3682,4818,1514,3235,27,29.0,24.9,298,831,224,117,1113,14913,19419,276008,101430,6535,7568,6103,7324,1898,3487,31,36.6,36.4,362,1307,365,88,1843,14061,12027,1976,589,21,121,729,818,145,59,54,2,9631,58,342,19419,17243,2085,571,53,258,800,883,231,85,109,4,14913,91,386
Athletic Club,384,311,245,87,245,37.9,401,414,93,321,453,815,7,402,290,234,74,254,46.9,288,375,81,294,355,868,8,2018-2019,120,4,2,580,492,74,728,453,384,6,5,0,2036,923,723,106,2,2,522,554,79,654,355,402,4,7,2,1965,723,923,13195,17584,241813,95216,6013,7036,5053,6188,1662,3197,26,30.7,34.5,299,1069,288,86,1452,13325,17674,241725,94220,5998,6949,5161,6360,1696,3219,32,33.9,31.0,279,1026,239,82,1317,17584,15587,1923,577,49,185,728,847,153,56,72,3,13195,74,369,17674,15586,2009,614,35,193,654,880,139,65,49,4,13325,79,385
Atlético Madrid,487,402,298,84,319,45.6,381,374,94,280,463,837,12,383,331,212,74,205,35.9,366,394,100,294,436,817,9,2018-2019,103,5,3,476,453,80,590,463,487,2,5,2,2080,675,586,95,3,2,477,448,21,692,436,383,3,4,2,2037,586,675,14943,19014,244070,89224,7677,8649,4958,6062,1494,2809,36,35.3,37.2,350,1128,288,47,1386,15714,19648,292029,101682,6809,7753,6480,7601,2028,3316,15,29.2,26.7,315,1273,279,77,1651,19014,17148,1786,470,77,144,590,730,217,83,96,0,14943,80,354,19648,17811,1816,525,23,280,692,749,172,65,59,6,15714,21,351
Barcelona,346,218,232,87,226,45.9,266,360,101,259,391,565,16,435,426,252,64,307,40.8,446,438,106,332,545,689,23,2018-2019,77,2,1,410,550,102,394,391,346,8,2,1,2017,449,365,102,5,3,572,379,68,578,545,435,1,9,2,1963,365,449,23263,26691,387149,121599,11437,12414,8986,9977,2097,2877,61,55.8,54.3,405,1807,438,37,2110,11210,14681,200778,79040,5320,6078,4168,5053,1370,2612,25,34.3,29.6,299,760,237,70,1092,26691,24835,1754,575,148,219,394,676,205,68,33,2,23263,102,354,14681,13006,1607,487,40,177,578,532,158,64,56,4,11210,68,328
Betis,378,309,227,79,219,40.3,325,382,80,302,361,702,21,392,318,258,83,267,37.3,449,421,114,307,424,757,16,2018-2019,89,1,0,435,548,79,590,361,378,5,5,0,1804,463,467,123,7,4,585,418,101,594,424,392,4,7,1,1852,467,463,19411,22871,330969,106399,9076,9940,7937,8845,1761,2815,30,32.9,35.9,326,1279,304,61,1631,10604,14082,191886,75862,4788,5470,4120,4963,1321,2635,42,37.2,33.6,321,819,259,67,1153,22871,20943,1849,640,50,234,590,658,186,58,57,17,19411,79,361,14082,12296,1685,472,41,152,594,685,187,64,80,5,10604,101,373
Celta Vigo,377,364,213,57,258,45.9,304,380,105,275,382,889,19,379,290,250,77,246,39.3,380,386,120,266,361,727,13,2018-2019,84,6,5,458,484,90,659,382,377,3,7,1,1904,663,611,89,2,1,515,436,78,745,361,379,7,7,1,1905,611,663,14955,18808,268380,94860,6600,7448,6152,7186,1693,3042,37,33.6,29.7,343,959,245,67,1288,13631,17612,245633,91783,6380,7294,5145,6195,1698,3087,41,43.5,39.6,370,1177,330,102,1503,18808,16862,1856,548,35,191,659,697,163,70,58,3,14955,90,314,17612,15687,1847,521,64,202,745,786,186,65,71,10,13631,78,367
Eibar,424,238,289,110,240,42.6,323,357,53,304,368,683,10,393,387,197,51,248,41.9,344,453,98,355,474,1263,15,2018-2019,82,2,1,521,390,92,1057,368,424,5,4,1,2272,996,1018,76,2,1,428,482,162,518,474,393,3,8,0,2105,1018,996,12976,18501,257830,97741,5205,6395,5155,6570,2179,4285,26,36.7,38.9,374,1359,353,152,1619,10922,15956,206696,91696,4921,6084,4070,5435,1622,3380,39,37.2,29.7,252,744,215,60,1070,18501,16274,2135,547,20,287,1057,1042,223,36,152,4,12976,92,463,15956,13690,2104,587,61,175,518,892,148,56,42,11,10922,162,361
Espanyol,394,324,244,87,263,38.5,421,402,134,268,408,950,14,382,275,208,95,204,39.1,318,441,113,328,420,690,17,2018-2019,92,2,2,531,510,84,544,408,394,3,8,2,1935,591,582,111,6,5,540,504,78,822,420,382,6,4,5,1978,582,591,13855,17740,257913,96514,5888,6755,5853,6979,1783,3044,26,33.8,32.7,332,1060,306,60,1495,14249,18279,259735,94116,6331,7221,5614,6736,1833,3261,26,35.9,35.0,386,1163,301,93,1585,17740,15748,1908,579,70,174,544,734,175,45,59,14,13855,84,381,18279,16297,1904,579,29,259,822,754,198,80,85,2,14249,78,338
Getafe,358,246,281,77,255,41.3,362,422,81,341,453,888,15,389,336,240,67,277,48.1,299,416,97,319,342,878,14,2018-2019,111,7,4,642,501,102,638,453,358,4,7,2,2029,836,948,109,5,3,529,588,117,594,342,389,4,6,1,2076,948,836,8108,13021,166355,79572,3280,4305,3027,4335,1505,3376,34,32.9,28.7,294,842,272,86,1131,14702,19627,268246,103844,6604,7765,5767,7067,1846,3533,18,29.8,29.8,267,1107,245,66,1385,13021,10784,2135,621,39,264,638,1001,158,34,64,8,8108,102,408,19627,17352,2158,715,52,255,594,908,159,54,65,6,14702,117,404
Girona,367,309,247,57,264,41.5,372,401,124,277,432,928,14,366,304,234,53,221,41.2,316,311,75,236,407,858,17,2018-2019,83,4,2,537,527,60,743,432,367,3,8,2,1974,749,756,116,7,3,551,509,74,747,407,366,7,6,0,2036,756,749,13136,17212,250408,94834,5279,6114,5722,6882,1791,3324,23,29.3,31.2,280,869,256,92,1316,14706,18884,264914,99598,6716,7699,5958,7040,1656,3129,34,38.0,35.6,386,1183,325,80,1624,17212,15241,1911,589,39,206,743,767,136,60,59,0,13136,60,314,18884,16848,1962,562,66,169,747,838,207,70,70,4,14706,74,370
Huesca,452,363,290,59,303,43.7,391,414,107,307,440,953,12,399,291,272,71,278,47.0,314,383,102,281,374,913,9,2018-2019,114,3,1,579,442,94,771,440,452,5,9,3,2029,740,762,86,4,3,466,553,109,692,374,399,8,7,0,2043,762,740,10586,14891,201067,85670,4641,5565,3976,5151,1575,3157,28,34.6,31.3,336,873,272,111,1209,14546,18822,264799,98493,6398,7342,5951,7078,1749,3270,46,43.1,40.1,334,1207,300,66,1576,14891,12867,1930,538,33,161,771,811,168,86,55,5,10586,94,344,18822,16727,1986,627,60,196,692,773,211,66,88,16,14546,109,385
Leganés,382,325,221,63,227,39.1,354,329,84,245,432,907,10,342,255,198,67,216,46.1,253,319,78,241,351,916,11,2018-2019,106,4,2,542,398,75,744,432,382,3,4,1,1942,914,721,90,3,1,428,515,58,737,351,342,3,5,1,1896,721,914,10733,15210,211020,87095,4636,5593,4186,5407,1727,3486,25,28.1,26.9,306,933,234,121,1153,16214,20639,300068,100295,6836,7826,6835,8045,2025,3622,27,28.6,30.4,285,1277,278,89,1596,15210,13274,1861,458,19,174,744,876,139,40,81,2,10733,75,307,20639,18518,2063,585,40,282,737,912,167,64,55,5,16214,58,314
Levante,372,308,196,68,264,36.6,458,455,151,304,422,842,12,480,367,296,102,336,45.5,402,397,106,291,397,825,12,2018-2019,112,7,5,501,487,85,674,422,372,6,9,2,1969,469,571,92,7,3,511,474,72,747,397,480,7,7,3,2046,571,469,10824,14765,197315,82835,4880,5718,4064,5049,1458,2927,39,38.5,28.5,307,932,250,63,1295,13968,17889,253236,96118,6354,7213,5483,6551,1724,3121,41,51.4,47.4,521,1068,374,103,1553,14765,12715,1965,537,36,183,674,730,201,117,53,4,10824,85,368,17889,15914,1903,548,49,162,747,759,202,63,84,8,13968,72,369
Rayo Vallecano,422,369,223,59,257,43.4,335,388,77,311,433,931,16,491,335,354,120,314,37.0,534,380,120,260,371,768,15,2018-2019,106,8,5,567,455,71,783,433,422,5,11,1,1996,535,587,73,3,1,481,536,140,722,371,491,9,5,1,2047,587,535,12469,16307,226255,87288,5658,6496,4841,5856,1534,2945,24,33.0,29.2,334,904,224,80,1326,13416,17602,250949,95976,5813,6721,5391,6499,1830,3275,51,41.0,38.1,326,1203,327,94,1557,16307,14257,1979,588,39,207,783,794,186,84,73,3,12469,71,362,17602,15412,2050,590,78,205,722,891,183,68,61,2,13416,140,393
Real Madrid,395,267,253,106,245,39.0,384,374,78,296,373,602,11,397,334,243,74,295,39.1,460,465,148,317,449,856,18,2018-2019,83,6,4,446,545,112,762,373,395,8,8,0,1957,479,434,93,3,3,568,417,91,533,449,397,5,9,2,1929,434,479,20625,24198,365419,117707,9972,10890,7745,8656,2465,3521,39,49.9,44.8,464,1628,386,87,2094,12483,16019,221205,86266,5911,6674,4727,5617,1436,2676,32,33.0,27.3,282,902,209,60,1158,24198,22147,1939,625,57,410,762,754,221,49,93,1,20625,112,390,16019,14173,1755,525,46,154,533,668,152,54,62,7,12483,91,356
Real Sociedad,344,299,219,61,248,42.5,336,444,109,335,425,842,19,478,349,290,94,267,39.4,411,406,89,317,390,721,11,2018-2019,82,4,2,492,544,92,627,425,344,7,3,2,2021,699,651,107,3,2,570,463,73,743,390,478,3,10,1,2060,651,699,14565,18547,268094,94553,6175,7064,6300,7372,1729,3062,27,33.0,31.3,316,1016,252,89,1381,13338,17566,246660,91628,5876,6814,5123,6225,1863,3370,30,34.2,34.2,316,1063,284,94,1407,18547,16447,2008,604,61,199,627,848,178,78,71,5,14565,92,381,17566,15585,1908,554,32,219,743,800,183,62,62,4,13338,73,399
Sevilla,408,288,237,73,203,39.6,310,370,114,256,365,817,15,396,297,245,98,249,41.1,357,455,128,327,444,994,15,2018-2019,118,6,4,536,462,111,812,365,408,5,7,0,2050,651,724,99,3,2,494,513,93,662,444,396,4,6,2,1912,724,651,14555,18806,264057,99500,6592,7512,5816,6932,1752,3230,47,49.3,45.6,390,1165,392,103,1804,13190,17254,243512,94681,5859,6810,5203,6303,1734,3144,29,31.2,30.9,354,1041,263,68,1407,18806,16760,1935,559,50,219,812,775,223,68,77,18,14555,111,427,17254,15174,1987,608,53,186,662,777,176,58,83,7,13190,93,319
Valencia,384,299,228,71,238,40.5,350,447,120,327,418,860,12,377,270,247,66,246,41.8,343,387,95,292,448,818,16,2018-2019,90,3,2,463,514,75,715,418,384,6,8,2,2016,596,621,113,4,4,540,432,70,781,448,377,4,7,1,2026,621,596,13679,17639,250732,95104,6044,6956,5503,6585,1731,3065,38,46.7,45.2,369,1184,325,89,1561,16386,20420,286523,97984,7695,8578,6417,7494,1751,3189,19,26.7,33.2,339,1258,300,96,1632,17639,15690,1874,579,47,218,715,722,196,61,86,14,13679,75,372,20420,18540,1810,496,34,184,781,740,170,66,64,7,16386,70,384
Valladolid,441,369,265,80,280,41.3,398,413,113,300,387,874,16,347,260,216,54,183,38.4,294,358,87,271,395,825,12,2018-2019,92,0,0,521,521,96,804,387,441,6,9,1,1967,595,854,106,5,5,561,490,65,801,395,347,6,7,1,2050,854,595,12015,16279,227734,85945,5157,5989,4872,5901,1664,3425,19,26.7,24.2,293,981,193,73,1299,14608,18620,268861,101842,6432,7351,5897,6994,1872,3193,36,43.1,41.4,369,1263,314,109,1642,16279,14209,1974,592,21,204,804,745,201,69,70,6,12015,96,364,18620,16614,1941,582,51,212,801,777,199,57,90,1,14608,65,405
Villarreal,413,333,255,79,273,41.4,386,406,142,264,390,877,12,359,319,205,71,255,42.3,348,403,129,274,439,786,15,2018-2019,118,3,3,518,412,95,618,390,413,3,5,3,1914,613,629,84,2,0,443,495,87,820,439,359,4,6,2,1948,629,613,13758,17648,258486,98478,5946,6834,5697,6759,1829,3142,34,39.0,33.8,364,1206,294,67,1648,15157,19100,277640,98016,6735,7588,5912,6930,1991,3445,32,41.0,38.7,417,1184,352,124,1560,17648,15718,1835,509,48,183,618,765,168,75,64,4,13758,95,343,19100,17060,1953,576,52,263,820,786,214,70,92,2,15157,87,331
Alavés,464,364,265,73,267,40.3,396,407,133,274,498,981,11,462,323,246,81,246,42.7,330,317,88,229,422,721,5,2017-2018,109,4,4,603,522,108,558,498,464,3,10,2,1975,608,602,84,4,2,545,566,59,805,422,462,7,3,0,2052,602,608,9696,13876,182999,81720,4360,5314,3564,4667,1462,3022,31,27.7,22.0,277,835,176,62,1045,16759,20975,311147,108909,7415,8450,6737,7898,2235,3701,28,38.8,37.7,392,1459,345,106,1842,13876,11799,1969,566,37,133,558,817,138,61,55,6,9696,108,301,20975,18847,2069,661,37,282,805,841,235,68,117,7,16759,59,348
Athletic Club,486,359,304,76,296,40.3,439,432,103,329,465,820,9,449,332,280,58,261,42.7,350,374,76,298,422,919,6,2017-2018,93,0,0,528,487,104,816,465,486,7,6,3,2174,715,609,106,8,6,513,509,96,644,422,449,6,8,2,2135,609,715,13195,17614,263112,100454,5337,6361,5378,6581,2185,3745,25,33.7,33.3,304,1214,292,104,1519,13708,18019,251130,93926,6277,7277,5162,6313,1874,3382,33,37.1,30.1,331,996,254,80,1311,17614,15565,1945,576,43,178,816,822,189,84,94,2,13195,104,384,18019,15914,2009,586,32,210,644,849,189,70,67,3,13708,96,385
Atlético Madrid,614,442,372,103,377,44.5,470,462,129,333,513,885,4,494,346,273,96,267,38.5,426,390,91,299,488,792,12,2017-2018,96,5,3,538,481,107,524,513,614,4,4,1,2214,554,539,98,0,0,507,517,24,694,488,494,4,5,1,2187,539,554,14484,18580,247035,94141,7240,8251,5003,6032,1640,3052,41,36.6,30.9,295,1168,259,34,1460,16583,20707,294310,103147,7860,8856,6372,7510,1911,3252,17,27.6,28.0,321,1362,303,85,1677,18580,16668,1805,504,62,134,524,785,167,43,88,4,14484,107,366,20707,18799,1884,606,21,276,694,762,163,66,45,5,16583,24,418
Barcelona,413,281,262,86,229,41.5,323,366,103,263,424,525,10,517,438,307,74,354,36.4,619,477,128,349,618,694,14,2017-2018,67,2,0,383,520,134,409,424,413,4,2,0,2095,343,286,99,4,1,547,369,99,534,618,517,1,5,3,2055,286,343,22147,25740,363856,121335,11075,12080,8023,8966,2132,3013,74,64.6,62.9,418,1728,475,30,2151,11775,15296,211715,82874,5689,6506,4190,5098,1544,2794,22,32.3,26.9,340,918,233,65,1190,25740,23730,1876,573,113,227,409,750,215,81,66,1,22147,134,384,15296,13580,1617,486,70,219,534,561,155,49,69,2,11775,99,311
Betis,424,319,252,64,213,39.7,324,356,95,261,427,869,17,405,296,261,65,240,35.3,439,356,94,262,448,566,8,2017-2018,91,3,1,465,486,62,534,427,424,1,4,4,1953,447,453,96,4,2,516,448,131,754,448,405,3,3,4,2061,453,447,17953,21622,317893,104614,8266,9140,7380,8393,1914,3161,43,35.2,31.5,317,1228,234,64,1506,12416,16312,225042,87704,5760,6619,4672,5666,1592,3021,45,35.9,33.3,332,1057,314,106,1354,21622,19743,1817,612,53,232,534,656,139,61,33,5,17953,62,304,16312,14311,1870,493,43,176,754,814,222,73,92,6,12416,131,346
Celta Vigo,420,304,232,53,218,39.2,338,327,101,226,497,780,10,426,296,288,71,227,37.6,376,372,103,269,495,735,13,2017-2018,85,1,0,430,540,92,583,497,420,2,5,1,2148,545,524,97,1,0,572,399,73,669,495,426,4,3,2,2086,524,545,16981,21071,315102,108746,7248,8226,7245,8294,2110,3577,45,43.0,36.8,332,1239,309,87,1595,12810,16893,228757,89598,6167,7099,4658,5797,1617,3120,48,41.5,38.2,335,1118,314,79,1361,21071,19136,1843,596,45,215,583,718,153,48,34,1,16981,92,323,16893,14993,1827,492,55,199,669,760,194,79,65,5,12810,73,292
Eibar,436,271,282,90,258,42.1,355,349,53,296,554,712,9,435,402,231,38,297,45.8,352,401,115,286,510,1156,4,2017-2018,86,3,2,492,435,84,1055,554,436,3,4,3,2287,752,718,78,6,4,470,456,156,473,510,435,3,3,1,2066,718,752,12725,17961,260469,98595,5088,6219,4938,6299,2360,4474,31,30.2,29.0,333,1287,257,138,1468,11768,16795,216530,92849,5394,6582,4405,5681,1591,3451,36,34.4,26.6,242,803,204,68,1056,17961,15706,2171,590,17,323,1055,1025,229,60,149,2,12725,84,396,16795,14423,2216,546,64,177,473,1061,140,50,40,7,11768,156,350
Espanyol,500,357,278,81,271,38.7,429,362,116,246,515,902,9,443,318,275,68,273,45.8,323,404,95,309,433,846,9,2017-2018,88,1,1,521,530,76,720,515,500,3,6,2,2009,597,633,113,3,2,555,495,80,715,433,443,4,3,3,2100,633,597,12753,17192,233639,90369,5919,6877,4810,5905,1687,3420,24,27.8,28.2,290,1036,232,85,1276,15453,19826,289560,101627,6700,7675,6260,7442,2105,3753,26,35.9,35.2,343,1266,272,79,1615,17192,15114,2002,602,34,179,720,832,160,64,87,0,12753,76,378,19826,17806,1940,558,46,236,715,839,196,71,78,2,15453,80,323
Getafe,491,369,267,79,276,37.7,456,350,69,281,487,899,5,480,350,273,73,288,49.3,296,357,83,274,515,788,14,2017-2018,134,5,4,673,495,108,585,487,491,11,4,0,2022,541,730,107,3,1,517,645,109,694,515,480,4,12,1,2160,730,541,8531,13193,168983,76721,3726,4705,2960,4155,1522,3394,27,29.6,25.5,255,884,257,67,1092,15456,20094,283918,106393,7065,8195,5972,7265,2027,3614,28,29.9,28.6,283,1289,270,75,1580,13193,10994,2091,590,53,243,585,917,181,42,73,2,8531,108,340,20094,17884,2101,742,54,226,694,841,180,62,74,5,15456,109,353
Girona,403,299,254,58,240,39.6,366,329,84,245,490,858,6,439,318,268,67,284,44.1,360,308,96,212,396,896,16,2017-2018,102,0,0,615,497,80,828,490,403,6,5,3,1981,643,597,112,3,1,520,589,129,614,396,439,5,8,0,1948,597,643,11843,16037,235817,90648,5017,5865,4565,5639,1992,3751,31,34.4,34.8,326,982,223,113,1215,14053,18292,247960,94942,6491,7441,5632,6765,1510,3075,39,34.6,30.8,299,1114,272,54,1436,16037,14020,1937,603,31,339,828,767,176,36,66,20,11843,80,298,18292,16166,1997,647,99,127,614,833,170,62,66,0,14053,129,306
La Coruña,500,386,282,60,292,43.0,387,391,113,278,484,942,13,431,306,263,55,245,39.5,375,356,102,254,491,825,8,2017-2018,100,2,1,507,436,94,747,484,500,5,5,3,2074,558,584,75,2,2,461,494,83,756,491,431,5,5,0,2085,584,558,12784,16975,238481,93125,5792,6770,4835,5966,1822,3322,30,40.0,35.1,343,1090,272,85,1477,15475,19584,280079,105558,7187,8175,5796,6870,2019,3449,53,43.3,37.8,406,1332,320,86,1709,16975,14924,1957,516,43,222,747,796,203,91,54,1,12784,94,323,19584,17453,2048,560,37,255,756,880,220,74,106,3,15475,83,362
Las Palmas,433,325,269,60,268,41.4,379,367,112,255,508,713,21,514,306,331,85,264,37.0,449,355,90,265,506,785,5,2017-2018,89,3,1,484,665,81,581,508,433,5,5,1,1998,474,540,103,7,5,694,460,114,666,506,514,5,8,0,2163,540,474,15824,19788,270275,100124,7765,8727,5854,6917,1657,2998,15,24.8,27.8,293,1030,255,61,1332,12571,16479,225562,93028,5998,6942,4622,5585,1558,2966,53,55.5,40.0,415,1091,277,77,1410,19788,17574,2133,748,49,197,581,777,175,77,59,0,15824,81,320,16479,14486,1879,532,73,154,666,778,200,75,80,3,12571,114,317
Leganés,483,350,307,64,323,46.3,374,361,87,274,583,777,9,474,356,284,80,267,43.9,341,371,85,286,432,796,7,2017-2018,105,5,3,592,503,97,690,583,483,2,7,0,2140,653,627,82,4,4,526,568,90,638,432,474,5,3,2,2229,627,653,10383,14887,193941,83789,4971,5989,3631,4767,1500,3243,23,30.0,27.0,291,926,190,75,1111,15687,20217,292093,105585,6745,7802,6397,7656,2119,3694,28,31.5,30.8,302,1219,276,89,1468,14887,12781,2009,592,29,162,690,891,152,60,75,1,10383,97,351,20217,18099,2028,652,48,247,638,812,176,44,71,4,15687,90,340
Levante,414,328,222,66,239,38.2,386,395,127,268,477,811,9,522,380,282,93,310,45.3,375,380,105,275,454,813,7,2017-2018,111,6,3,554,446,70,726,477,414,5,6,3,1967,468,559,93,6,4,466,527,113,741,454,522,6,5,1,2030,559,468,10715,14768,200058,84435,4844,5740,4091,5116,1493,3025,28,31.8,22.5,287,979,272,87,1286,16099,20115,295798,107215,7111,8028,6437,7503,2084,3485,41,45.3,42.1,410,1333,349,88,1661,14768,12732,1966,540,44,161,726,818,182,61,79,9,10715,70,360,20115,18022,1980,584,51,240,741,797,194,77,75,4,16099,113,338
Málaga,509,383,276,86,272,38.5,435,362,101,261,497,890,3,509,347,315,86,278,47.4,308,359,88,271,452,941,8,2017-2018,101,8,5,613,442,89,742,497,509,3,7,0,2086,602,739,76,0,0,472,583,137,695,452,509,7,6,1,2107,739,602,11424,15769,215599,89948,5144,6089,4252,5405,1693,3361,15,26.3,23.6,291,949,213,97,1169,15890,20218,297135,106437,6910,7997,6539,7682,2107,3572,44,43.1,36.4,333,1389,299,76,1777,15769,13674,2006,580,32,179,742,861,153,63,67,2,11424,89,347,20218,17998,2083,663,49,223,695,887,176,64,68,0,15890,137,333
Real Madrid,470,317,275,95,252,40.6,369,362,83,279,424,536,16,418,358,205,81,251,33.4,501,431,152,279,486,974,17,2017-2018,67,4,2,436,517,115,904,424,470,9,4,2,2087,406,369,97,3,1,531,421,76,531,486,418,3,10,3,1891,369,406,20954,24496,358580,120201,10538,11420,7559,8541,2276,3309,65,62.8,58.8,550,1845,512,122,2383,12894,16245,232813,94199,6185,6886,4693,5552,1626,2872,34,31.5,28.6,282,1061,226,57,1229,24496,22486,1895,563,77,395,904,729,279,62,110,2,20954,115,387,16245,14428,1741,518,37,174,531,583,134,49,59,2,12894,76,327
Real Sociedad,374,249,228,70,227,42.4,309,367,91,276,446,665,6,510,366,266,76,261,41.9,362,430,127,303,489,855,13,2017-2018,64,5,4,419,538,91,782,446,374,5,8,1,2038,498,467,94,1,1,556,391,89,596,489,510,5,5,2,1910,467,498,16973,20838,305627,106582,7580,8448,6886,7927,2025,3358,47,38.9,35.6,389,1253,313,103,1605,12215,16097,222362,87842,5812,6667,4378,5374,1651,3075,41,35.5,30.2,292,988,236,62,1244,20838,18744,2003,604,45,216,782,823,233,100,93,0,16973,91,385,16097,14169,1839,475,55,193,596,751,166,69,62,3,12215,89,343
Sevilla,535,354,325,89,296,43.2,389,419,114,305,409,849,17,471,353,277,69,269,40.7,392,442,118,324,467,851,12,2017-2018,99,3,2,562,493,137,657,409,535,3,8,1,2129,582,504,80,3,3,527,537,74,684,467,471,6,5,1,2076,504,582,16366,20571,280397,106920,8012,9022,6227,7403,1648,2973,35,42.8,36.9,395,1304,343,56,1824,13236,17336,241507,94007,6031,6923,5068,6128,1726,3286,39,36.6,31.4,330,1064,262,76,1410,20571,18451,1983,568,62,147,657,809,221,97,80,1,16366,137,401,17336,15253,2009,655,29,177,684,750,186,70,71,4,13236,74,382
Valencia,492,407,267,71,309,44.7,383,416,108,308,459,910,9,488,335,312,99,271,38.8,428,364,108,256,542,698,13,2017-2018,107,5,4,518,548,83,605,459,492,7,5,0,2023,534,460,97,5,3,561,494,82,787,542,488,3,8,2,2033,460,534,14289,18004,262219,98454,6215,7101,6045,7114,1688,2915,45,39.9,33.5,354,1223,307,75,1563,15392,19424,272768,99429,7404,8249,5680,6758,1856,3333,28,35.2,36.8,347,1292,301,91,1613,18004,16054,1867,596,49,193,605,682,202,60,88,6,14289,83,311,19424,17355,1987,554,34,243,787,830,206,80,82,3,15392,82,398
Villarreal,466,356,278,77,277,39.6,423,447,131,316,427,1023,7,440,294,260,86,247,43.0,328,383,109,274,518,696,9,2017-2018,117,6,4,598,458,111,517,427,466,5,8,0,2021,553,533,83,4,2,475,571,109,873,518,440,7,5,1,2047,533,553,14995,18797,271846,102257,6901,7805,5966,7033,1827,3099,45,42.0,31.8,372,1157,246,60,1453,14775,18855,265742,97909,6837,7780,5542,6577,1881,3317,37,36.2,37.6,377,1206,310,106,1587,18797,16834,1852,552,57,183,517,707,179,66,38,5,14995,111,319,18855,16743,2003,661,41,224,873,753,224,65,101,2,14775,109,406
