Squad,Total Cmp_for,Total Att_for,Total TotDist_for,Total PrgDist_for,Short Cmp_for,Short Att_for,Medium Cmp_for,Medium Att_for,Long Cmp_for,Long Att_for,Unnamed: 17_level_0 Ast_for,Unnamed: 18_level_0 xAG_for,Expected xA_for,Unnamed: 21_level_0 KP_for,Unnamed: 22_level_0 1/3_for,Unnamed: 23_level_0 PPA_for,Unnamed: 24_level_0 CrsPA_for,Unnamed: 25_level_0 PrgP_for,Total Cmp_against,Total Att_against,Total TotDist_against,Total PrgDist_against,Short Cmp_against,Short Att_against,Medium Cmp_against,Medium Att_against,Long Cmp_against,Long Att_against,Unnamed: 17_level_0 Ast_against,Unnamed: 18_level_0 xAG_against,Expected xA_against,Unnamed: 21_level_0 KP_against,Unnamed: 22_level_0 1/3_against,Unnamed: 23_level_0 PPA_against,Unnamed: 24_level_0 CrsPA_against,Unnamed: 25_level_0 PrgP_against,Season
Alavés,10534,14746,199550,84871,4546,5494,4441,5542,1312,2838,20,25.4,25.9,284,963,229,99,1160,14251,18138,260653,94982,6140,6970,6230,7338,1563,2925,28,33.3,32.3,306,1034,245,97,1323,2024-2025
Athletic Club,13665,17375,253362,90647,5552,6396,6520,7522,1395,2733,40,36.7,33.1,351,1283,274,90,1579,14953,18891,269493,95206,6402,7284,6730,7799,1481,2854,11,22.9,21.5,242,911,205,69,1177,2024-2025
Atlético Madrid,17826,21418,295213,100382,8814,9752,6993,7984,1486,2519,51,47.9,45.3,348,1233,365,96,1559,16246,19538,291315,95937,7097,7859,7307,8119,1542,2749,17,23.9,29.8,286,1462,282,84,1543,2024-2025
Barcelona,22321,25721,371914,116385,10452,11341,9674,10643,1577,2424,72,67.5,64.7,500,2020,479,77,2212,8511,11890,161116,69199,3752,4435,3313,4086,1208,2491,31,32.6,21.8,222,595,166,59,780,2024-2025
Betis,15770,19284,264738,91436,7583,8423,6318,7291,1341,2443,37,37.5,34.8,417,1127,329,75,1486,13910,17627,246914,92271,6224,7089,6031,7022,1341,2578,32,38.4,32.4,309,1110,251,69,1411,2024-2025
Celta Vigo,17798,21253,312877,104182,7549,8367,8368,9325,1480,2521,40,38.4,36.9,339,1424,300,53,1659,14946,18445,266539,89590,6617,7382,6584,7411,1433,2809,45,33.3,31.9,308,1103,243,85,1222,2024-2025
Espanyol,10580,13996,199624,80026,4245,4942,4814,5678,1297,2629,27,24.5,23.4,256,772,204,81,1000,17987,21580,311271,106771,8341,9165,7778,8804,1534,2689,39,39.6,41.3,431,1501,381,103,1821,2024-2025
Getafe,8695,12922,169125,74933,3711,4579,3515,4628,1250,2951,21,23.9,23.8,296,958,226,104,981,13966,18284,250679,92537,6043,6962,6205,7399,1371,2889,21,31.3,28.0,259,997,227,66,1284,2024-2025
Girona,18273,21401,322614,100730,8002,8697,8458,9319,1526,2565,31,31.6,37.4,308,1494,302,87,1691,13798,16818,243267,83228,6108,6712,6052,6873,1281,2411,46,36.5,33.6,348,1070,254,74,1183,2024-2025
Las Palmas,14352,18209,254010,92291,6396,7255,6214,7269,1395,2776,27,26.3,26.5,304,1059,246,79,1210,14104,17854,247245,90659,6398,7238,6069,7135,1278,2493,43,47.5,42.7,387,1190,306,96,1470,2024-2025
Leganés,11207,14840,201808,76373,5038,5734,4716,5600,1169,2735,27,23.3,21.8,241,796,187,45,1030,16312,20203,281718,102752,7566,8514,6971,8047,1403,2710,34,40.9,42.8,426,1363,325,109,1675,2024-2025
Mallorca,12613,16224,232365,90368,5538,6293,5349,6310,1466,2803,24,26.5,28.3,282,973,239,112,1184,14980,18666,263472,92330,6786,7634,6376,7462,1438,2695,31,36.0,38.6,423,1233,330,94,1587,2024-2025
Osasuna,12184,16028,230479,92624,5022,5858,5403,6487,1489,2835,28,29.8,33.4,300,963,265,127,1221,15229,18864,268789,97445,6895,7684,6578,7586,1433,2702,38,40.6,43.2,349,1251,349,83,1546,2024-2025
Rayo Vallecano,13936,17861,247359,94801,6459,7310,5793,6748,1401,2920,27,36.2,32.2,374,1081,242,85,1362,12793,16724,231656,91987,5660,6481,5397,6418,1412,2884,33,33.0,33.7,346,1064,274,81,1326,2024-2025
Real Madrid,21356,24221,356264,110503,10517,11248,8566,9311,1723,2595,55,54.6,52.2,501,1773,359,34,1967,12981,15895,221381,81881,6427,7066,4989,5720,1218,2278,27,32.0,27.3,309,1034,223,56,1168,2024-2025
Real Sociedad,14880,18759,261975,89905,6750,7619,6360,7434,1421,2687,22,30.9,30.7,284,1087,242,64,1341,12635,16415,229468,84576,5620,6418,5326,6305,1400,2797,32,29.0,31.9,321,1061,236,68,1141,2024-2025
Sevilla,14432,18057,252909,88471,6743,7466,6146,7086,1267,2706,32,30.8,24.4,357,1072,210,60,1193,14301,17994,254797,88615,6318,7161,6361,7373,1337,2634,37,34.0,31.7,309,1122,235,72,1262,2024-2025
Valencia,13938,17708,246799,86682,6341,7094,6081,7066,1284,2634,26,30.0,33.4,283,1109,254,91,1340,15307,18992,273196,96683,6744,7559,6698,7661,1513,2779,38,37.2,37.8,321,1184,291,92,1419,2024-2025
Valladolid,12052,15387,228419,83632,4795,5456,5607,6494,1410,2699,15,25.7,24.3,256,752,176,93,991,17117,20501,295213,99282,7740,8497,7685,8589,1328,2457,62,46.8,44.4,449,1475,381,103,1753,2024-2025
Villarreal,14532,17825,262800,96388,6234,6978,6564,7485,1463,2559,51,49.7,48.0,427,1146,371,102,1522,16617,19916,296022,99699,7409,8192,7220,8075,1638,2748,28,28.5,33.8,357,1325,295,94,1597,2024-2025
Alavés,10091,14116,191648,83394,4443,5283,4011,5052,1375,2889,28,32.4,30.6,341,937,273,105,1260,16352,20256,284862,101637,7545,8460,6916,7981,1491,2870,29,29.8,34.6,346,1223,282,76,1502,2023-2024
Almería,12774,16540,228494,85956,5654,6480,5476,6405,1322,2747,25,34.2,24.6,349,870,212,86,1097,15460,19368,269733,101064,7325,8212,6187,7240,1518,2848,56,45.3,45.1,467,1293,355,102,1644,2023-2024
Athletic Club,14509,18724,256772,96209,6598,7600,6186,7288,1393,2832,41,37.0,40.3,355,1205,343,113,1610,14887,19081,268488,97964,6516,7486,6412,7514,1562,3003,27,32.0,29.0,301,999,254,78,1298,2023-2024
Atlético Madrid,17064,20709,282535,101502,8654,9535,6433,7422,1442,2542,48,47.4,44.0,359,1226,380,68,1597,16440,19995,290195,98965,7460,8271,7083,7986,1555,2770,33,29.7,32.7,342,1392,303,79,1544,2023-2024
Barcelona,21506,24761,359810,114447,10598,11481,8724,9617,1717,2604,55,57.4,57.9,457,1702,405,83,1925,10455,13768,186415,77373,4978,5702,3966,4699,1202,2489,35,30.9,30.0,316,806,254,79,992,2023-2024
Betis,15310,18979,256941,94528,7398,8260,5944,6913,1383,2561,31,32.7,33.8,368,1037,327,53,1441,15171,18933,260627,96763,7430,8311,6063,6998,1368,2619,23,32.6,32.7,314,1142,277,88,1457,2023-2024
Cádiz,10763,14990,202974,86219,4837,5694,4144,5163,1455,3198,17,25.2,26.3,292,899,219,106,1017,15783,19905,271822,103062,7651,8676,6204,7335,1515,2819,37,40.2,38.1,375,1375,310,92,1679,2023-2024
Celta Vigo,13890,17776,235944,93057,6703,7631,5538,6545,1223,2495,35,38.2,39.1,367,1129,293,71,1345,16975,21005,295825,102419,7874,8770,7062,8158,1598,2993,32,35.9,37.3,355,1256,297,95,1535,2023-2024
Getafe,10713,15193,207208,83225,4641,5528,4142,5344,1625,3436,27,27.9,27.4,324,1037,220,103,1141,14502,18849,251452,97400,6843,7786,5798,6956,1413,2993,37,38.0,34.2,341,1051,276,71,1325,2023-2024
Girona,18793,21914,318093,108506,8986,9734,7878,8692,1460,2446,64,54.0,52.4,377,1431,362,88,1685,13335,16590,237377,89769,6162,6892,5439,6294,1405,2570,30,37.7,38.0,374,1074,310,95,1277,2023-2024
Granada,12127,15976,225286,88195,5270,6031,5127,6099,1458,2965,27,31.1,30.4,283,834,263,94,1044,15485,19420,273295,100227,7146,7984,6433,7443,1530,2949,54,43.8,39.8,355,1276,317,82,1490,2023-2024
Las Palmas,19105,22882,298427,110392,10201,11174,7170,8097,1145,2312,23,23.3,28.2,295,1295,271,54,1596,11893,15778,213442,85461,5555,6417,4659,5572,1355,2736,33,41.8,36.0,327,1019,240,80,1207,2023-2024
Mallorca,11476,15645,218346,89351,4934,5790,4717,5815,1549,3119,27,30.8,29.1,308,978,235,103,1174,15384,19315,260780,94062,7559,8492,5999,7074,1408,2781,29,28.5,32.9,348,1230,277,78,1399,2023-2024
Osasuna,12874,17335,243978,96863,5474,6420,5487,6696,1666,3277,32,28.5,31.6,301,1128,263,104,1322,14977,19141,259645,97973,7066,7947,6054,7238,1442,2865,44,38.3,36.0,315,1147,288,89,1427,2023-2024
Rayo Vallecano,13282,17459,240192,94205,5918,6783,5584,6657,1436,3063,12,24.6,25.3,314,1082,255,81,1335,13590,17768,238089,96172,6551,7515,5230,6299,1406,2883,36,36.3,34.7,354,1043,292,77,1371,2023-2024
Real Madrid,21794,24691,349864,112682,11641,12391,7949,8734,1624,2474,66,52.5,50.5,476,1701,391,59,1935,14072,17114,244643,88878,6723,7390,5703,6439,1325,2385,17,26.4,28.4,299,995,259,92,1261,2023-2024
Real Sociedad,15263,19249,276751,93632,6489,7461,6923,8022,1553,2800,36,30.7,32.9,320,1133,246,63,1414,11674,15616,211049,80731,5319,6162,4658,5623,1358,2891,24,24.6,26.7,263,787,207,60,941,2023-2024
Sevilla,14628,18599,267530,97170,6501,7367,6128,7177,1667,3111,30,31.7,32.7,363,1207,286,134,1416,14795,18653,260954,97812,6814,7694,6091,7147,1505,2803,40,42.0,36.5,382,1173,293,97,1483,2023-2024
Valencia,12233,16255,217671,80185,5491,6436,5177,6140,1226,2710,24,27.0,24.2,267,886,218,72,1162,16672,20730,302306,108756,7313,8278,7237,8324,1754,3119,31,32.8,34.4,299,1382,318,93,1587,2023-2024
Villarreal,15349,18637,278006,102363,6662,7409,6931,7828,1525,2599,47,40.5,40.4,365,1160,339,88,1558,15642,19145,275471,95593,7263,8043,6475,7386,1534,2794,48,40.6,44.6,408,1214,392,125,1655,2023-2024
Almería,12151,15855,225475,89276,5232,6003,5084,6022,1512,2911,33,32.5,28.1,316,846,218,81,1090,15420,19392,271389,96958,7336,8173,6009,7055,1644,2972,49,49.5,49.2,423,1406,370,91,1707,2022-2023
Athletic Club,14440,18630,261620,96037,6451,7431,6030,7262,1634,2878,33,38.9,35.7,413,1385,341,107,1816,13537,17573,245545,92725,6176,7079,5335,6384,1644,3105,28,26.9,27.7,286,913,253,70,1212,2022-2023
Atlético Madrid,16814,20488,277627,101839,8616,9432,6028,7038,1549,2765,51,48.0,40.0,418,1200,335,68,1571,16384,20021,301152,100162,6990,7841,7186,8112,1852,3099,22,31.3,31.5,331,1304,267,93,1634,2022-2023
Barcelona,21298,24733,364375,115139,10267,11175,8599,9543,1990,2923,56,60.1,66.6,449,1859,482,104,2182,10316,13758,190049,78390,4734,5458,3903,4724,1358,2606,10,23.0,21.6,244,747,198,61,955,2022-2023
Betis,14678,18249,245275,92460,7288,8070,5334,6273,1432,2667,26,34.6,31.7,310,988,270,54,1272,14220,17964,252008,95359,6584,7458,5828,6839,1478,2672,28,37.0,35.7,326,1182,302,86,1571,2022-2023
Cádiz,9940,13952,190101,78677,4341,5147,3874,4864,1452,3117,20,27.7,24.7,269,830,192,93,969,15630,19569,277547,103054,7208,8097,6172,7272,1772,3099,32,38.4,40.0,393,1364,339,96,1739,2022-2023
Celta Vigo,14700,18499,267004,91075,6259,7148,6536,7569,1565,2844,31,30.8,31.6,353,1143,274,77,1403,14618,18416,264587,95274,6485,7336,6036,7073,1704,2985,35,30.5,29.2,279,1132,218,89,1297,2022-2023
Elche,12051,15758,218542,87460,5427,6202,4762,5677,1477,2793,21,27.1,26.2,313,941,211,82,1197,15598,19238,278092,100384,7007,7840,6508,7501,1682,2859,44,48.7,43.7,416,1340,325,92,1615,2022-2023
Espanyol,10827,14698,208293,86401,4483,5312,4607,5640,1483,2971,31,35.0,30.2,319,906,233,83,1146,15807,19603,278055,101521,7448,8318,6120,7171,1742,3004,47,44.6,40.9,426,1297,324,92,1634,2022-2023
Getafe,9690,14126,189556,83925,4104,5044,3760,4936,1502,3175,21,22.5,24.0,248,844,214,94,1003,17070,21494,307288,104475,7505,8488,7300,8503,1833,3374,29,31.0,32.4,360,1296,254,86,1519,2022-2023
Girona,15146,18604,264810,95707,7006,7806,6295,7222,1449,2560,41,37.5,35.4,366,1086,265,91,1378,14391,17921,258164,90467,6386,7118,6021,6982,1573,2822,39,38.6,38.5,377,1220,296,95,1439,2022-2023
Mallorca,10451,14261,199896,84037,4575,5313,4184,5157,1424,2932,27,26.5,23.1,252,815,182,69,948,16934,20763,294260,97924,7875,8733,7059,8172,1588,2872,31,31.8,35.9,378,1539,332,115,1706,2022-2023
Osasuna,12725,16835,242236,95597,5565,6377,5130,6255,1759,3323,30,28.4,31.7,322,1140,271,114,1356,14139,18199,256353,94725,6318,7230,5956,7018,1573,2988,29,34.8,34.3,326,1049,277,77,1371,2022-2023
Rayo Vallecano,13497,17666,251321,91899,5811,6629,5654,6716,1717,3329,29,30.0,29.7,386,1247,269,102,1390,12926,17027,231723,93838,6099,6948,4988,6083,1497,2986,34,36.8,30.9,330,963,252,70,1231,2022-2023
Real Madrid,22082,25012,357586,113878,11462,12245,8069,8810,1812,2595,56,56.8,56.6,522,1880,384,50,2017,13004,15986,225607,85520,6326,6960,4976,5716,1292,2373,21,27.8,26.3,317,1013,248,63,1189,2022-2023
Real Sociedad,15324,19134,269422,96159,6955,7910,6451,7502,1505,2659,36,39.7,36.4,346,1145,290,65,1483,12130,16093,216970,81534,5571,6377,4694,5669,1456,3002,26,24.8,26.4,300,873,222,78,1025,2022-2023
Sevilla,15379,19193,273953,95369,7106,7918,6324,7354,1599,2958,31,32.0,34.0,341,1230,302,95,1513,13660,17319,246669,89019,6107,6903,5592,6545,1572,2903,40,42.0,34.1,397,1136,274,101,1275,2022-2023
Valencia,13592,17492,240816,86465,6320,7184,5505,6588,1420,2753,23,32.5,35.8,355,1155,302,111,1472,12580,16357,229406,88530,5588,6399,5099,6072,1540,2918,34,32.3,32.3,289,986,232,51,1225,2022-2023
Valladolid,12627,16425,238766,87767,5273,6049,5251,6199,1734,3141,24,28.4,24.4,324,969,223,92,1244,13635,17448,239805,96442,6612,7546,5113,6088,1511,2794,46,46.7,43.0,455,1184,346,94,1486,2022-2023
Villarreal,16634,19862,295552,101196,7381,8147,7101,7924,1743,2737,33,43.2,38.3,374,1304,349,52,1622,12047,15331,217557,84062,5567,6240,4683,5572,1447,2598,29,35.7,30.5,343,969,278,84,1242,2022-2023
Alavés,9676,14175,191044,85739,4158,5174,3774,4954,1524,3158,20,25.5,22.8,260,835,199,84,984,15404,19908,272347,102045,7074,8103,5979,7189,1768,3310,48,42.0,47.0,384,1127,342,92,1568,2021-2022
Athletic Club,12947,17283,229197,91473,5845,6826,5198,6434,1437,2830,34,37.5,36.0,351,1056,306,82,1572,14696,18950,278283,100413,6260,7140,5962,7115,2048,3642,26,27.7,31.5,332,1026,253,82,1379,2021-2022
Atlético Madrid,15076,19098,253140,88718,7378,8289,5269,6266,1640,3060,45,40.2,39.6,347,989,325,66,1463,14882,18803,269373,93187,6571,7450,6101,7135,1763,3155,28,20.8,21.6,250,1068,187,47,1320,2021-2022
Barcelona,21489,25006,359280,114923,10207,11109,8433,9401,1949,2912,52,47.6,54.7,402,1698,390,99,2079,10460,13908,191240,80066,4733,5441,3959,4789,1381,2671,27,24.7,23.3,265,750,214,60,938,2021-2022
Betis,15702,19444,273534,99419,7360,8284,6318,7309,1583,2873,45,37.7,35.1,395,1136,294,51,1518,13052,16934,232630,89082,5986,6800,5058,6097,1531,2849,29,30.2,31.0,308,1011,253,79,1375,2021-2022
Cádiz,10136,14415,195586,77863,4254,5031,3979,5054,1552,3292,21,24.6,28.9,277,829,233,120,1080,16729,20783,292201,107898,7875,8901,6714,7838,1663,2923,31,30.4,35.0,357,1481,336,92,1805,2021-2022
Celta Vigo,16007,20591,286771,95793,6936,7982,6579,7795,1837,3366,29,28.8,31.6,286,1105,285,84,1447,12362,16708,227784,91488,5369,6407,4961,6088,1613,3048,29,28.7,27.2,293,989,257,80,1251,2021-2022
Elche,12948,16836,237191,93098,5745,6572,5080,6020,1676,3129,29,27.6,24.8,261,861,204,78,1102,14329,18212,256254,92494,6340,7186,5813,6829,1633,2988,41,41.7,38.2,372,1095,327,109,1477,2021-2022
Espanyol,13360,16919,237866,88599,6031,6763,5391,6281,1475,2817,25,25.8,24.8,300,993,212,59,1212,15516,19314,275016,98608,7112,7983,6148,7212,1748,2957,39,36.7,43.5,367,1282,378,102,1705,2021-2022
Getafe,10278,14607,196813,82509,4550,5489,3938,5092,1516,3176,26,19.4,19.7,288,808,166,73,917,16725,21156,307501,104030,7102,8082,6938,8090,2111,3622,30,27.4,29.1,299,1096,270,78,1521,2021-2022
Granada,10582,14889,199289,81817,4550,5400,4234,5295,1460,3218,28,26.7,25.9,306,840,205,82,1047,14611,18856,263943,98808,6498,7472,5971,7050,1731,3199,46,44.6,41.8,426,1217,347,111,1611,2021-2022
Levante,12584,16422,226757,88940,5742,6544,4982,5929,1501,2917,34,31.7,25.8,318,968,254,63,1343,14699,18611,255582,93473,7006,7884,5539,6557,1615,3015,59,41.2,41.1,393,1056,300,69,1448,2021-2022
Mallorca,11046,15023,194935,82006,5149,6054,4101,5153,1312,2691,23,25.7,28.3,303,806,235,64,1129,14388,18463,256615,94635,6448,7397,5850,6917,1606,3001,40,33.8,36.9,329,1078,316,107,1379,2021-2022
Osasuna,11904,16522,228055,96276,5076,6144,4756,6063,1702,3278,23,22.9,27.6,297,1099,298,124,1328,14630,19149,258592,91704,6586,7550,5894,7112,1602,3263,37,32.5,31.0,335,1016,271,70,1330,2021-2022
Rayo Vallecano,12747,16933,237761,93060,5524,6408,5119,6188,1719,3277,28,30.7,35.8,359,1012,267,109,1312,12928,17259,235500,96786,5832,6766,5108,6181,1591,3174,33,34.7,33.7,313,1058,267,63,1330,2021-2022
Real Madrid,21373,24517,355560,112655,10630,11395,7948,8751,1987,2902,59,50.7,55.1,526,1694,455,57,2078,13258,16452,234875,88823,6260,6951,5038,5817,1529,2706,20,32.2,33.4,319,1027,246,77,1257,2021-2022
Real Sociedad,15403,19304,269268,98185,6964,7887,6383,7429,1569,2800,22,32.9,35.0,313,1067,315,69,1462,12311,16279,222084,82705,5444,6285,4887,5872,1509,2989,28,28.1,29.8,318,949,246,75,1206,2021-2022
Sevilla,18327,22234,341688,109518,7686,8529,7941,8940,2275,3745,40,32.5,34.6,342,1207,305,112,1596,11300,15095,204753,79517,5021,5924,4475,5445,1367,2778,19,25.0,29.4,298,900,239,67,1182,2021-2022
Valencia,9627,13777,187440,77723,3923,4782,3835,4951,1506,3098,30,25.4,27.4,288,900,256,75,1202,13730,17920,244102,96311,6345,7234,5254,6418,1618,3095,34,32.3,30.7,330,1061,275,77,1392,2021-2022
Villarreal,16679,20401,294002,103203,7388,8290,7135,8109,1669,2743,51,50.9,49.9,363,1278,349,66,1698,11881,15636,216502,79444,5234,5996,4744,5663,1462,2897,20,30.2,28.2,294,894,229,80,1095,2021-2022
Alavés,10217,14390,196749,86617,4465,5486,4015,5139,1482,2923,21,27.4,21.0,256,789,189,82,939,15323,19621,272108,93122,6945,7955,6055,7146,1778,3256,44,37.1,34.2,292,1086,299,78,1479,2020-2021
Athletic Club,13577,17841,251118,91439,5872,6901,5484,6607,1791,3120,31,31.0,27.9,303,1054,284,79,1496,14283,18323,257670,93431,6622,7507,5355,6400,1797,3229,29,27.1,30.0,282,1022,280,94,1380,2020-2021
Atlético Madrid,16757,20680,276506,95008,8278,9219,5931,6995,1653,2869,54,40.6,38.8,347,1144,370,53,1604,15160,19039,269657,90693,6763,7647,5993,6942,1807,3152,15,27.7,28.9,271,1175,243,77,1394,2020-2021
Barcelona,25192,28488,384110,119170,13304,14257,9056,9893,1599,2287,51,53.2,63.6,452,1874,517,52,2157,11743,15011,208239,80182,5511,6256,4485,5238,1354,2515,20,25.4,25.7,234,806,223,56,1038,2020-2021
Betis,15816,19679,273427,94370,7406,8310,6094,7035,1673,3002,35,33.4,30.5,335,1048,297,80,1442,13194,17222,238320,88022,5750,6649,5379,6415,1595,2971,31,30.1,29.1,259,928,245,68,1311,2020-2021
Cádiz,7949,12067,158876,72248,3244,4091,3064,4071,1319,2992,16,20.4,16.9,196,653,152,73,854,18990,23128,325229,109780,8929,9933,7698,8790,1736,2988,41,39.3,44.2,340,1523,367,100,1881,2020-2021
Celta Vigo,15176,19318,263065,91357,6912,7946,6117,7188,1552,2914,39,36.7,32.0,267,978,248,48,1308,12833,16949,234551,90752,5767,6732,4864,5911,1703,3093,37,35.7,33.2,285,965,248,79,1249,2020-2021
Eibar,11810,16890,234607,92605,4840,5844,4584,5965,2002,4026,20,29.9,28.5,309,1119,254,118,1295,12572,17650,235599,96981,5489,6648,4928,6296,1719,3524,40,35.2,26.3,264,842,230,62,1056,2020-2021
Elche,13481,17054,244141,94274,6024,6751,5311,6194,1653,3001,25,21.8,19.8,190,785,148,79,929,15678,19233,280780,94332,6907,7794,6608,7543,1700,2817,43,44.0,42.8,369,1247,346,84,1647,2020-2021
Getafe,8977,13863,170990,76315,4043,5155,3111,4340,1417,3219,14,23.6,24.0,261,863,225,102,1090,14007,18783,254282,98526,6282,7408,5491,6728,1739,3372,26,25.8,23.2,223,935,204,58,1195,2020-2021
Granada,9083,13336,173761,74249,3915,4776,3574,4629,1288,2951,30,26.8,22.6,224,813,173,58,975,15039,19293,268348,97780,6817,7821,5922,7064,1751,3151,41,38.2,36.5,363,1126,324,96,1449,2020-2021
Huesca,13511,17483,250957,87960,5695,6489,5786,6819,1679,3199,23,26.6,25.3,295,898,221,113,1185,15344,19259,275522,98942,6855,7746,6087,7054,1841,3242,37,35.6,32.8,324,1211,298,93,1447,2020-2021
Levante,14189,18113,256983,95961,6357,7201,5757,6801,1695,3077,35,29.6,30.0,286,1087,306,83,1537,13052,16963,238487,89708,5779,6636,5179,6169,1628,3057,42,40.0,33.1,356,966,304,80,1299,2020-2021
Osasuna,10233,15031,201352,91555,4401,5541,3869,5149,1649,3329,25,24.9,27.9,259,968,261,101,1220,15379,20219,268013,95911,7198,8271,5912,7233,1696,3425,31,33.2,35.8,322,1070,321,89,1525,2020-2021
Real Madrid,20652,24119,352965,111437,9790,10620,7728,8593,2214,3224,53,47.4,48.8,438,1525,401,77,1920,13187,16672,231875,87915,6262,7020,4926,5792,1484,2710,17,24.4,24.5,269,956,250,85,1157,2020-2021
Real Sociedad,14915,18995,264692,91984,6592,7589,6282,7368,1582,2840,39,39.6,39.7,308,1100,343,64,1554,11867,15816,219009,82039,5271,6122,4510,5447,1613,3088,24,26.1,25.4,251,805,213,65,1011,2020-2021
Sevilla,19248,22873,342985,106478,8654,9471,7775,8720,2190,3442,36,41.0,40.1,387,1234,346,122,1627,11221,14857,203283,81513,5104,5905,4222,5116,1428,2771,20,22.5,21.7,244,839,209,62,1103,2020-2021
Valencia,12755,16480,241622,89245,5332,6142,5304,6236,1735,3073,35,27.2,24.8,283,926,239,62,1180,15047,18941,264085,91502,7083,7920,5712,6772,1694,3074,29,33.8,37.1,392,1295,342,91,1644,2020-2021
Valladolid,11145,15385,206105,80260,4972,5863,4299,5283,1489,3187,21,24.2,25.7,263,873,213,90,1101,14587,18827,263843,100052,6525,7550,5667,6782,1826,3220,44,38.3,37.0,346,1153,326,94,1549,2020-2021
Villarreal,17508,21129,305401,104843,8074,8963,7097,8015,1788,2857,33,40.5,40.7,317,1175,358,81,1628,13685,17408,241512,86192,6311,7095,5245,6202,1561,2877,25,26.2,27.2,290,956,273,106,1227,2020-2021
Alavés,9612,13973,182169,82570,4283,5328,3614,4788,1385,2920,20,26.9,22.0,236,723,171,56,944,15671,20109,285197,97858,6754,7797,6374,7561,1942,3427,36,37.1,32.4,332,1139,283,72,1548,2019-2020
Athletic Club,12533,16915,234527,90251,5521,6494,4692,5831,1830,3367,23,26.2,25.2,277,967,217,85,1291,13649,18082,245082,93027,6206,7231,5280,6511,1666,3162,26,34.6,32.0,288,1019,267,84,1390,2019-2020
Atlético Madrid,13595,17765,221969,88361,6783,7777,4581,5696,1344,2676,35,39.4,37.1,330,904,289,49,1333,14900,19126,275845,93423,6444,7434,5943,7046,2007,3500,15,22.9,25.5,299,1203,225,68,1523,2019-2020
Barcelona,24758,28227,391043,120014,12607,13663,9115,9972,1889,2618,62,49.5,51.2,384,1827,417,31,2042,10889,14303,191184,73922,5128,5926,4001,4816,1301,2487,21,23.6,23.3,257,753,210,68,1003,2019-2020
Betis,16182,19823,284815,94491,7354,8220,6504,7416,1774,2986,35,36.9,33.8,360,1015,322,84,1475,11625,15463,214797,82200,5043,5816,4579,5561,1552,2976,40,36.1,32.5,330,915,270,77,1263,2019-2020
Celta Vigo,14552,18557,249113,90321,6742,7687,5746,6750,1422,2704,26,26.2,26.2,279,970,253,60,1364,13456,17544,237469,86488,6243,7168,5045,6092,1611,3054,31,33.4,33.9,327,1116,286,83,1436,2019-2020
Eibar,10439,15551,207816,83924,4422,5456,4008,5354,1713,3829,24,26.0,26.3,292,1007,224,108,1265,13273,18285,244320,99810,5931,7081,5059,6351,1801,3578,38,40.0,28.7,278,810,272,79,1177,2019-2020
Espanyol,11881,16363,224795,87287,4830,5791,5174,6369,1528,3235,17,27.3,26.7,283,962,222,86,1240,13993,18345,249816,92695,6503,7537,5361,6468,1645,3189,35,34.9,30.5,317,1122,262,73,1452,2019-2020
Getafe,8319,13715,165204,78265,3535,4713,2977,4408,1466,3508,31,27.9,26.6,284,970,275,130,1196,11770,16917,216123,93019,5239,6390,4359,5709,1621,3378,21,29.5,24.4,193,817,150,50,1089,2019-2020
Granada,9810,14105,190418,79655,3970,4840,3979,5089,1486,3136,34,30.5,26.2,275,822,176,69,1009,14365,18617,254954,95022,6722,7662,5544,6693,1632,3098,37,33.1,29.0,341,992,258,71,1397,2019-2020
Leganés,10336,14838,189358,81026,4801,5718,3782,4953,1390,3161,19,27.7,25.4,292,890,223,95,1165,15049,19534,274698,96360,6509,7555,6127,7287,1834,3433,34,29.7,30.5,262,1092,238,92,1423,2019-2020
Levante,12415,16332,226838,91955,5677,6494,4771,5765,1611,3073,28,36.3,27.2,326,983,253,75,1358,13838,17798,250354,95933,6315,7179,5298,6393,1721,3132,40,47.2,45.6,436,1102,340,110,1499,2019-2020
Mallorca,11782,15636,202286,85060,5648,6558,4220,5197,1275,2576,21,25.4,26.6,309,831,211,73,1210,15595,19483,282306,102283,6807,7785,6476,7483,1796,3065,39,43.2,39.5,390,1254,386,97,1681,2019-2020
Osasuna,10959,15904,208476,88813,4772,5858,4189,5547,1654,3435,26,34.4,29.5,341,946,267,94,1359,13039,17987,233717,91634,6047,7118,4939,6217,1608,3434,39,35.9,30.8,303,952,257,81,1311,2019-2020
Real Madrid,20107,23733,352395,113608,9829,10697,7274,8243,2405,3556,52,49.9,47.3,438,1548,400,100,1972,12998,16712,228135,88106,6010,6812,5025,5948,1433,2719,21,23.9,22.0,249,899,185,46,1211,2019-2020
Real Sociedad,15989,20229,284541,99278,6898,7968,7100,8250,1568,2851,38,35.4,34.4,323,1136,327,86,1588,11671,15849,211926,80029,5293,6157,4408,5497,1526,3060,33,27.7,29.4,296,837,223,66,1133,2019-2020
Sevilla,17525,21733,319775,106262,7645,8604,7011,8197,2222,3526,35,38.4,39.4,359,1272,343,110,1823,11772,15845,210526,82999,5296,6178,4555,5583,1403,2908,21,24.4,22.4,255,906,195,55,1138,2019-2020
Valencia,14490,18258,261347,90968,6320,7145,5926,6878,1705,3096,34,31.7,29.7,253,974,273,59,1378,15727,19444,272340,95683,7636,8502,5900,6868,1662,2975,31,35.3,36.5,410,1367,363,112,1698,2019-2020
Valladolid,11187,15457,210278,81923,4901,5779,4401,5426,1531,3230,19,24.0,20.5,254,841,155,57,1106,15445,19675,271526,100058,7076,8132,6084,7219,1705,3024,26,38.7,36.9,345,1315,328,94,1764,2019-2020
Villarreal,16218,20045,294996,98849,7011,7907,6626,7599,2025,3322,40,43.1,37.4,368,1112,276,75,1483,13964,18041,251844,92332,6347,7237,5333,6425,1757,3206,35,31.9,32.8,355,1090,296,104,1465,2019-2020
Alavés,9631,14061,186037,84436,4155,5125,3682,4818,1514,3235,27,29.0,24.9,298,831,224,117,1113,14913,19419,276008,101430,6535,7568,6103,7324,1898,3487,31,36.6,36.4,362,1307,365,88,1843,2018-2019
Athletic Club,13195,17584,241813,95216,6013,7036,5053,6188,1662,3197,26,30.7,34.5,299,1069,288,86,1452,13325,17674,241725,94220,5998,6949,5161,6360,1696,3219,32,33.9,31.0,279,1026,239,82,1317,2018-2019
Atlético Madrid,14943,19014,244070,89224,7677,8649,4958,6062,1494,2809,36,35.3,37.2,350,1128,288,47,1386,15714,19648,292029,101682,6809,7753,6480,7601,2028,3316,15,29.2,26.7,315,1273,279,77,1651,2018-2019
Barcelona,23263,26691,387149,121599,11437,12414,8986,9977,2097,2877,61,55.8,54.3,405,1807,438,37,2110,11210,14681,200778,79040,5320,6078,4168,5053,1370,2612,25,34.3,29.6,299,760,237,70,1092,2018-2019
Betis,19411,22871,330969,106399,9076,9940,7937,8845,1761,2815,30,32.9,35.9,326,1279,304,61,1631,10604,14082,191886,75862,4788,5470,4120,4963,1321,2635,42,37.2,33.6,321,819,259,67,1153,2018-2019
Celta Vigo,14955,18808,268380,94860,6600,7448,6152,7186,1693,3042,37,33.6,29.7,343,959,245,67,1288,13631,17612,245633,91783,6380,7294,5145,6195,1698,3087,41,43.5,39.6,370,1177,330,102,1503,2018-2019
Eibar,12976,18501,257830,97741,5205,6395,5155,6570,2179,4285,26,36.7,38.9,374,1359,353,152,1619,10922,15956,206696,91696,4921,6084,4070,5435,1622,3380,39,37.2,29.7,252,744,215,60,1070,2018-2019
Espanyol,13855,17740,257913,96514,5888,6755,5853,6979,1783,3044,26,33.8,32.7,332,1060,306,60,1495,14249,18279,259735,94116,6331,7221,5614,6736,1833,3261,26,35.9,35.0,386,1163,301,93,1585,2018-2019
Getafe,8108,13021,166355,79572,3280,4305,3027,4335,1505,3376,34,32.9,28.7,294,842,272,86,1131,14702,19627,268246,103844,6604,7765,5767,7067,1846,3533,18,29.8,29.8,267,1107,245,66,1385,2018-2019
Girona,13136,17212,250408,94834,5279,6114,5722,6882,1791,3324,23,29.3,31.2,280,869,256,92,1316,14706,18884,264914,99598,6716,7699,5958,7040,1656,3129,34,38.0,35.6,386,1183,325,80,1624,2018-2019
Huesca,10586,14891,201067,85670,4641,5565,3976,5151,1575,3157,28,34.6,31.3,336,873,272,111,1209,14546,18822,264799,98493,6398,7342,5951,7078,1749,3270,46,43.1,40.1,334,1207,300,66,1576,2018-2019
Leganés,10733,15210,211020,87095,4636,5593,4186,5407,1727,3486,25,28.1,26.9,306,933,234,121,1153,16214,20639,300068,100295,6836,7826,6835,8045,2025,3622,27,28.6,30.4,285,1277,278,89,1596,2018-2019
Levante,10824,14765,197315,82835,4880,5718,4064,5049,1458,2927,39,38.5,28.5,307,932,250,63,1295,13968,17889,253236,96118,6354,7213,5483,6551,1724,3121,41,51.4,47.4,521,1068,374,103,1553,2018-2019
Rayo Vallecano,12469,16307,226255,87288,5658,6496,4841,5856,1534,2945,24,33.0,29.2,334,904,224,80,1326,13416,17602,250949,95976,5813,6721,5391,6499,1830,3275,51,41.0,38.1,326,1203,327,94,1557,2018-2019
Real Madrid,20625,24198,365419,117707,9972,10890,7745,8656,2465,3521,39,49.9,44.8,464,1628,386,87,2094,12483,16019,221205,86266,5911,6674,4727,5617,1436,2676,32,33.0,27.3,282,902,209,60,1158,2018-2019
Real Sociedad,14565,18547,268094,94553,6175,7064,6300,7372,1729,3062,27,33.0,31.3,316,1016,252,89,1381,13338,17566,246660,91628,5876,6814,5123,6225,1863,3370,30,34.2,34.2,316,1063,284,94,1407,2018-2019
Sevilla,14555,18806,264057,99500,6592,7512,5816,6932,1752,3230,47,49.3,45.6,390,1165,392,103,1804,13190,17254,243512,94681,5859,6810,5203,6303,1734,3144,29,31.2,30.9,354,1041,263,68,1407,2018-2019
Valencia,13679,17639,250732,95104,6044,6956,5503,6585,1731,3065,38,46.7,45.2,369,1184,325,89,1561,16386,20420,286523,97984,7695,8578,6417,7494,1751,3189,19,26.7,33.2,339,1258,300,96,1632,2018-2019
Valladolid,12015,16279,227734,85945,5157,5989,4872,5901,1664,3425,19,26.7,24.2,293,981,193,73,1299,14608,18620,268861,101842,6432,7351,5897,6994,1872,3193,36,43.1,41.4,369,1263,314,109,1642,2018-2019
Villarreal,13758,17648,258486,98478,5946,6834,5697,6759,1829,3142,34,39.0,33.8,364,1206,294,67,1648,15157,19100,277640,98016,6735,7588,5912,6930,1991,3445,32,41.0,38.7,417,1184,352,124,1560,2018-2019
Alavés,9696,13876,182999,81720,4360,5314,3564,4667,1462,3022,31,27.7,22.0,277,835,176,62,1045,16759,20975,311147,108909,7415,8450,6737,7898,2235,3701,28,38.8,37.7,392,1459,345,106,1842,2017-2018
Athletic Club,13195,17614,263112,100454,5337,6361,5378,6581,2185,3745,25,33.7,33.3,304,1214,292,104,1519,13708,18019,251130,93926,6277,7277,5162,6313,1874,3382,33,37.1,30.1,331,996,254,80,1311,2017-2018
Atlético Madrid,14484,18580,247035,94141,7240,8251,5003,6032,1640,3052,41,36.6,30.9,295,1168,259,34,1460,16583,20707,294310,103147,7860,8856,6372,7510,1911,3252,17,27.6,28.0,321,1362,303,85,1677,2017-2018
Barcelona,22147,25740,363856,121335,11075,12080,8023,8966,2132,3013,74,64.6,62.9,418,1728,475,30,2151,11775,15296,211715,82874,5689,6506,4190,5098,1544,2794,22,32.3,26.9,340,918,233,65,1190,2017-2018
Betis,17953,21622,317893,104614,8266,9140,7380,8393,1914,3161,43,35.2,31.5,317,1228,234,64,1506,12416,16312,225042,87704,5760,6619,4672,5666,1592,3021,45,35.9,33.3,332,1057,314,106,1354,2017-2018
Celta Vigo,16981,21071,315102,108746,7248,8226,7245,8294,2110,3577,45,43.0,36.8,332,1239,309,87,1595,12810,16893,228757,89598,6167,7099,4658,5797,1617,3120,48,41.5,38.2,335,1118,314,79,1361,2017-2018
Eibar,12725,17961,260469,98595,5088,6219,4938,6299,2360,4474,31,30.2,29.0,333,1287,257,138,1468,11768,16795,216530,92849,5394,6582,4405,5681,1591,3451,36,34.4,26.6,242,803,204,68,1056,2017-2018
Espanyol,12753,17192,233639,90369,5919,6877,4810,5905,1687,3420,24,27.8,28.2,290,1036,232,85,1276,15453,19826,289560,101627,6700,7675,6260,7442,2105,3753,26,35.9,35.2,343,1266,272,79,1615,2017-2018
Getafe,8531,13193,168983,76721,3726,4705,2960,4155,1522,3394,27,29.6,25.5,255,884,257,67,1092,15456,20094,283918,106393,7065,8195,5972,7265,2027,3614,28,29.9,28.6,283,1289,270,75,1580,2017-2018
Girona,11843,16037,235817,90648,5017,5865,4565,5639,1992,3751,31,34.4,34.8,326,982,223,113,1215,14053,18292,247960,94942,6491,7441,5632,6765,1510,3075,39,34.6,30.8,299,1114,272,54,1436,2017-2018
La Coruña,12784,16975,238481,93125,5792,6770,4835,5966,1822,3322,30,40.0,35.1,343,1090,272,85,1477,15475,19584,280079,105558,7187,8175,5796,6870,2019,3449,53,43.3,37.8,406,1332,320,86,1709,2017-2018
Las Palmas,15824,19788,270275,100124,7765,8727,5854,6917,1657,2998,15,24.8,27.8,293,1030,255,61,1332,12571,16479,225562,93028,5998,6942,4622,5585,1558,2966,53,55.5,40.0,415,1091,277,77,1410,2017-2018
Leganés,10383,14887,193941,83789,4971,5989,3631,4767,1500,3243,23,30.0,27.0,291,926,190,75,1111,15687,20217,292093,105585,6745,7802,6397,7656,2119,3694,28,31.5,30.8,302,1219,276,89,1468,2017-2018
Levante,10715,14768,200058,84435,4844,5740,4091,5116,1493,3025,28,31.8,22.5,287,979,272,87,1286,16099,20115,295798,107215,7111,8028,6437,7503,2084,3485,41,45.3,42.1,410,1333,349,88,1661,2017-2018
Málaga,11424,15769,215599,89948,5144,6089,4252,5405,1693,3361,15,26.3,23.6,291,949,213,97,1169,15890,20218,297135,106437,6910,7997,6539,7682,2107,3572,44,43.1,36.4,333,1389,299,76,1777,2017-2018
Real Madrid,20954,24496,358580,120201,10538,11420,7559,8541,2276,3309,65,62.8,58.8,550,1845,512,122,2383,12894,16245,232813,94199,6185,6886,4693,5552,1626,2872,34,31.5,28.6,282,1061,226,57,1229,2017-2018
Real Sociedad,16973,20838,305627,106582,7580,8448,6886,7927,2025,3358,47,38.9,35.6,389,1253,313,103,1605,12215,16097,222362,87842,5812,6667,4378,5374,1651,3075,41,35.5,30.2,292,988,236,62,1244,2017-2018
Sevilla,16366,20571,280397,106920,8012,9022,6227,7403,1648,2973,35,42.8,36.9,395,1304,343,56,1824,13236,17336,241507,94007,6031,6923,5068,6128,1726,3286,39,36.6,31.4,330,1064,262,76,1410,2017-2018
Valencia,14289,18004,262219,98454,6215,7101,6045,7114,1688,2915,45,39.9,33.5,354,1223,307,75,1563,15392,19424,272768,99429,7404,8249,5680,6758,1856,3333,28,35.2,36.8,347,1292,301,91,1613,2017-2018
Villarreal,14995,18797,271846,102257,6901,7805,5966,7033,1827,3099,45,42.0,31.8,372,1157,246,60,1453,14775,18855,265742,97909,6837,7780,5542,6577,1881,3317,37,36.2,37.6,377,1206,310,106,1587,2017-2018
