Unnamed: 1_level_0 # Pl_for,Unnamed: 2_level_0 Poss_for,Touches Def Pen_for,Touches Def 3rd_for,Touches Mid 3rd_for,Touches Att 3rd_for,Touches Att Pen_for,Take-Ons Att_for,Take-Ons Succ_for,Take-Ons Succ%_for,Take-Ons Tkld_for,Take-Ons Tkld%_for,Carries Carries_for,Carries PrgC_for,Carries 1/3_for,Carries CPA_for,Carries Mis_for,Carries Dis_for,Receiving Rec_for,Receiving PrgR_for,Unnamed: 2_level_0 Poss_against,Touches Touches_against,Touches Def Pen_against,Touches Def 3rd_against,Touches Mid 3rd_against,Touches Att 3rd_against,Touches Att Pen_against,Take-Ons Att_against,Take-Ons Succ_against,Take-Ons Succ%_against,Take-Ons Tkld_against,Take-Ons Tkld%_against,Carries Carries_against,Carries PrgC_against,Carries 1/3_against,Carries CPA_against,Carries Mis_against,Carries Dis_against,Receiving Rec_against,Receiving PrgR_against
29,45.3,1876,5802,8634,4809,691,478,185,38.7,245,51.3,9128,449,346,90,598,307,10419,1148,54.7,22689,2367,7584,10446,4876,659,810,378,46.7,348,43.0,11958,573,440,137,645,389,14127,1309
31,48.4,1884,6255,10334,5382,760,791,328,41.5,388,49.1,11368,682,444,188,597,401,13522,1561,51.6,23225,2765,9110,10141,4156,588,633,283,44.7,296,46.8,12464,468,345,111,608,281,14809,1168
24,52.6,2335,8013,11493,6074,860,639,276,43.2,305,47.7,15829,760,579,167,541,275,17707,1553,47.4,23851,2405,6916,11439,5686,619,694,308,44.4,319,46.0,13506,581,479,100,577,300,16092,1533
28,68.3,1857,6516,14966,8535,1208,909,455,50.1,375,41.3,18077,860,667,238,579,316,22187,2201,31.7,16221,2896,7293,6081,3011,566,572,249,43.5,271,47.4,7646,406,246,147,545,267,8434,769
36,52.4,2253,7466,10545,6088,921,722,312,43.2,344,47.6,13910,679,532,228,676,378,15627,1468,47.6,22048,2459,7355,9895,5002,750,702,302,43.0,342,48.7,11838,611,421,165,564,303,13770,1394
30,53.6,2232,7618,12133,5574,831,628,254,40.4,312,49.7,15010,709,500,218,558,296,17691,1649,46.4,22435,2437,7311,10538,4807,676,638,290,45.5,286,44.8,12857,564,463,144,527,269,14814,1209
27,39.8,2655,7408,7625,3582,548,546,221,40.5,266,48.7,9361,497,359,109,561,241,10490,991,60.2,25692,1881,6559,12682,6675,1016,686,300,43.7,310,45.2,15118,838,604,195,585,330,17827,1808
30,41.8,1770,5183,7998,4646,675,631,265,42.0,312,49.4,7825,368,311,105,719,357,8611,966,58.2,22942,2431,8144,10481,4497,630,740,332,44.9,333,45.0,11645,499,343,123,641,312,13820,1269
30,56.3,2516,7829,11533,5912,795,634,291,45.9,276,43.5,15275,765,553,180,522,312,18040,1684,43.7,20788,2333,7034,8948,5006,779,620,265,42.7,292,47.1,11640,582,402,202,476,277,13689,1174
34,50.7,2561,7809,10353,4511,669,571,239,41.9,288,50.4,11365,499,346,113,547,275,14222,1197,49.3,22205,2110,6608,10200,5612,931,654,285,43.6,307,46.9,11832,684,471,197,638,312,13983,1457
26,42.6,2448,7029,8720,3764,482,627,302,48.2,263,41.9,9782,417,364,105,575,314,11128,1023,57.4,24252,1859,6747,11160,6562,957,683,304,44.5,295,43.2,13277,754,561,191,609,338,16152,1661
28,46.8,2598,7168,9299,4391,635,583,255,43.7,260,44.6,10945,479,409,85,567,377,12481,1169,53.2,22970,2030,6645,10519,6025,901,549,243,44.3,257,46.8,12758,693,462,189,577,327,14846,1572
25,46.1,2263,6318,8904,5007,737,592,260,43.9,279,47.1,10439,567,424,134,532,293,12053,1204,53.9,23180,2310,7397,10374,5622,821,671,307,45.8,311,46.3,12868,647,491,168,675,303,15079,1535
26,51.7,2557,7799,9339,5455,711,647,286,44.2,304,47.0,12068,589,431,143,630,327,13833,1346,48.3,21249,2413,7416,9160,4906,774,740,355,48.0,309,41.8,10729,613,434,161,630,318,12661,1318
30,60.4,2392,7662,12794,8048,1181,878,412,46.9,384,43.7,17893,983,696,364,528,290,21223,1953,39.6,19910,2621,7172,8356,4578,643,521,222,42.6,264,50.7,11509,648,470,160,476,322,12876,1155
31,53.8,2275,7208,10770,5243,747,659,295,44.8,307,46.6,12533,645,417,163,603,297,14716,1325,46.2,20816,2394,7200,8796,5046,752,643,271,42.1,308,47.9,10345,538,384,168,618,341,12516,1128
35,50.5,2404,8057,9800,4813,669,720,339,47.1,320,44.4,11147,594,397,161,624,331,14288,1186,49.5,22206,2259,7100,10193,5095,670,637,251,39.4,312,49.0,12283,551,423,139,527,336,14188,1249
32,48.4,2290,7206,9840,5033,653,625,236,37.8,321,51.4,11347,572,414,122,535,340,13802,1328,51.6,23232,2269,7471,10614,5323,743,633,252,39.8,321,50.7,12610,589,414,156,581,326,15181,1403
38,42.8,2681,8158,8153,3393,523,624,289,46.3,266,42.6,9680,476,316,120,513,268,11933,976,57.2,24328,1805,5842,11908,6783,982,616,290,47.1,276,44.8,14005,724,592,199,547,320,16996,1741
31,47.6,2612,7831,9120,5352,983,627,279,44.5,278,44.3,12034,693,503,202,560,289,14383,1510,52.4,23983,2415,7431,10422,6344,822,689,292,42.4,336,48.8,14128,720,563,183,519,313,16496,1586
30,41.8,2162,6122,7564,4706,764,625,310,49.6,254,40.6,8574,550,364,138,572,299,9972,1252,58.2,24410,2398,7446,11388,5787,818,698,339,48.6,290,41.5,13762,744,542,187,663,288,16187,1487
35,46.4,2654,7711,9323,4094,614,667,299,44.8,314,47.1,11128,590,424,132,550,269,12660,1082,53.6,23390,2099,6542,10880,6169,1003,641,302,47.1,280,43.7,13182,751,563,204,518,353,15316,1620
27,49.8,1965,6376,10617,6083,901,743,338,45.5,349,47.0,12487,735,528,193,571,366,14367,1596,50.2,23484,2691,8965,10228,4515,674,707,330,46.7,305,43.1,12385,521,413,127,636,276,14757,1281
27,50.8,2368,7880,11405,5662,954,567,297,52.4,227,40.0,14402,758,546,181,533,303,16931,1580,49.2,24093,2473,7087,11377,5862,780,734,344,46.9,327,44.6,13383,648,485,140,585,327,16293,1533
29,64.3,2191,7360,14262,7313,1077,826,384,46.5,338,40.9,17768,964,728,262,605,305,21296,1911,35.7,17756,2590,6676,7139,4146,710,583,280,48.0,243,41.7,8889,487,364,162,466,328,10372,982
35,50.4,2339,7497,10512,5555,886,793,386,48.7,329,41.5,13053,676,495,186,626,427,15184,1424,49.6,23260,2492,7590,10639,5269,717,744,325,43.7,358,48.1,12459,649,532,144,556,334,15032,1440
34,43.3,2242,6375,8425,4551,570,537,230,42.8,263,49.0,9664,456,422,76,571,343,10662,996,56.7,24061,2102,7017,10887,6383,796,807,387,48.0,342,42.4,13220,787,604,170,628,330,15630,1662
31,46.1,2314,7084,9675,5538,818,646,295,45.7,291,45.0,12540,660,489,162,600,336,13773,1332,53.9,25210,2323,7202,12448,5778,865,726,354,48.8,308,42.4,14322,651,474,161,604,319,16825,1517
33,44.8,2020,5619,8971,4848,684,552,239,43.3,261,47.3,9360,439,385,122,576,281,10603,1124,55.2,22993,2488,8205,10305,4717,750,640,286,44.7,291,45.5,12328,599,404,146,629,317,14334,1309
25,56.9,2695,8432,11583,5985,977,745,353,47.4,297,39.9,16055,894,599,234,584,376,18610,1673,43.1,20464,2336,6616,8688,5391,863,575,247,43.0,274,47.7,11743,610,486,160,492,270,13251,1269
40,45.6,2413,7720,8677,3997,667,658,303,46.0,296,45.0,10969,512,379,112,600,305,12010,1030,54.4,23519,2136,6926,10791,6025,843,687,334,48.6,289,42.1,13379,728,542,175,598,348,15349,1478
29,59.2,2667,9077,12876,5282,614,680,316,46.5,308,45.3,15544,577,459,116,645,365,18955,1573,40.8,19855,2120,6381,8981,4703,833,687,328,47.7,305,44.4,10333,584,379,190,566,357,11762,1191
25,45.0,2279,6620,8961,4390,672,511,251,49.1,219,42.9,9848,498,377,108,566,313,11353,1155,55.0,23564,2063,6405,11512,5867,711,718,317,44.2,340,47.4,13445,663,580,151,616,346,15209,1386
29,47.5,2147,6244,9526,5586,720,530,237,44.7,247,46.6,10522,501,408,97,540,283,12730,1306,52.5,23425,2440,7860,10580,5164,768,589,274,46.5,243,41.3,13001,646,459,171,692,282,14838,1414
26,49.4,2306,7210,9672,5091,669,653,283,43.3,306,46.9,10906,506,368,116,634,373,13171,1327,50.6,21917,2382,7287,9837,5015,770,673,338,50.2,270,40.1,11508,658,446,165,621,360,13403,1351
27,59.2,2455,7880,13241,7813,1156,889,401,45.1,393,44.2,18483,950,802,315,480,312,21642,1923,40.8,20983,2668,7335,9155,4702,615,504,236,46.8,225,44.6,12788,583,460,127,502,332,13956,1247
31,55.3,2214,6934,11207,5377,769,681,321,47.1,284,41.7,12972,685,465,175,612,351,15092,1402,44.7,19722,2455,7311,8526,4089,603,619,269,43.5,283,45.7,9987,405,318,99,578,368,11578,936
35,50.3,2261,7429,10033,5652,746,632,292,46.2,278,44.0,12225,635,447,146,620,280,14506,1406,49.7,22884,2402,7397,10296,5374,787,692,291,42.1,335,48.4,12098,693,492,188,536,362,14675,1469
29,44.3,2323,7222,9012,4440,593,644,276,42.9,294,45.7,10723,522,399,136,582,318,12130,1151,55.7,24786,2064,7654,11522,5816,801,698,309,44.3,309,44.3,14210,621,459,147,635,348,16546,1575
32,49.6,2879,8003,9685,5250,848,723,351,48.5,329,45.5,12248,654,491,189,570,356,15179,1548,50.4,23143,2172,6893,10048,6441,992,580,272,46.9,260,44.8,13049,734,573,182,516,316,15513,1644
29,45.1,2715,7746,8468,4071,631,666,296,44.4,310,46.5,10792,569,433,131,580,281,12047,1080,54.9,23165,1977,6271,10606,6490,1018,711,343,48.2,280,39.4,13816,860,626,236,483,277,15280,1692
26,51.6,1978,6159,10166,6645,931,734,347,47.3,305,41.6,12898,864,587,217,554,351,14284,1801,48.4,21997,2875,8384,9237,4606,626,719,320,44.5,322,44.8,12125,549,410,135,600,286,13412,1202
27,50.6,2414,7790,11103,5714,934,656,322,49.1,262,39.9,13701,730,473,200,486,277,16706,1557,49.4,24043,2425,7018,11697,5530,691,764,351,45.9,334,43.7,14819,729,515,146,540,333,16237,1617
29,64.3,2020,6759,14000,7894,1154,803,396,49.3,321,40.0,18802,961,785,279,546,326,21144,2169,35.7,17707,2714,6971,7319,3601,547,567,271,47.8,227,40.0,9553,475,342,130,517,295,10227,952
30,50.6,2330,7276,10222,5226,718,773,365,47.2,311,40.2,12640,621,492,156,564,353,14568,1259,49.4,21956,2101,6663,9684,5849,785,774,363,46.9,338,43.7,12654,749,606,146,492,327,14098,1553
38,41.9,2374,6497,7769,4091,579,569,246,43.2,249,43.8,9031,475,350,89,567,354,9839,960,58.1,23666,2154,6661,10803,6401,957,746,351,47.1,320,42.9,13832,823,601,187,596,303,15488,1728
26,50.2,2214,7194,10099,5553,734,700,323,46.1,295,42.1,13546,704,558,161,566,298,14591,1393,49.8,22441,2271,6852,10804,4993,631,747,381,51.0,295,39.5,13039,536,393,137,617,369,14469,1277
32,45.5,2416,7058,8743,4363,619,708,342,48.3,311,43.9,11273,561,408,107,577,345,11950,1185,54.5,23458,2067,6449,10874,6360,932,695,323,46.5,280,40.3,13420,737,555,204,588,353,15458,1597
33,43.1,2216,6173,8355,4471,688,575,257,44.7,260,45.2,9604,528,385,111,526,245,10712,1135,56.9,23635,2324,7122,10596,6153,936,680,299,44.0,301,44.3,13382,748,549,223,539,351,15672,1619
25,39.9,1980,5769,8366,3993,589,456,217,47.6,189,41.4,8695,365,292,78,504,268,9605,989,60.1,25414,2202,7691,12149,5823,670,714,334,46.8,285,39.9,14672,688,544,138,556,256,16902,1504
29,51.3,2619,7919,9753,4932,761,728,341,46.8,311,42.7,13365,725,497,167,467,330,15020,1364,48.7,21779,2166,6541,9479,5968,808,623,288,46.2,244,39.2,12609,677,507,166,467,307,14270,1425
31,41.1,2351,6553,8032,3792,524,556,293,52.7,198,35.6,9509,476,341,94,498,302,10356,935,58.9,24505,1788,5800,12118,6813,758,652,298,45.7,283,43.4,15033,795,569,132,561,300,16791,1695
26,48.0,2287,6397,9352,5331,709,626,313,50.0,247,39.5,11200,545,416,128,590,316,12580,1338,52.0,22253,2493,7751,9410,5318,786,673,322,47.8,266,39.5,12906,680,486,170,586,268,14007,1357
28,51.2,2061,6266,9706,6029,699,660,296,44.8,290,43.9,12216,703,547,131,554,374,13384,1377,48.8,21335,2445,7779,8961,4840,738,765,383,50.1,281,36.7,11197,589,432,165,594,355,12797,1222
26,60.9,2415,7782,12859,8463,1151,971,475,48.9,379,39.0,19026,1008,734,338,490,297,21956,2000,39.1,19963,2604,6935,8542,4678,640,617,306,49.6,259,42.0,11794,631,505,140,470,283,12901,1178
30,54.6,2283,6890,10794,5762,798,680,307,45.1,293,43.1,13362,692,499,187,607,368,15101,1463,45.4,20064,2400,7172,8271,4812,654,681,328,48.2,285,41.9,10456,575,450,130,558,375,12005,1017
35,52.6,2284,7140,10069,5984,741,604,269,44.5,257,42.5,13544,558,520,122,515,312,15243,1497,47.4,21296,2448,6961,9372,5172,750,661,310,46.9,281,42.5,12175,643,489,160,532,306,13536,1265
28,52.0,2061,6446,9155,6255,822,747,352,47.1,307,41.1,12240,786,630,165,555,338,13469,1457,48.0,20602,2406,7019,9022,4748,680,712,334,46.9,311,43.7,11308,480,378,117,545,367,12455,1209
36,48.7,2571,7370,9027,4583,638,718,309,43.0,318,44.3,11499,610,451,147,589,316,12521,1233,51.3,21570,2128,6441,9260,6084,980,712,332,46.6,296,41.6,11974,723,531,215,533,375,13506,1474
32,56.9,2621,7659,10215,6181,911,880,435,49.4,345,39.2,14393,846,570,239,552,343,16363,1617,43.1,19276,2222,6362,8049,5094,744,597,264,44.2,270,45.2,10572,640,480,170,513,308,11928,1226
33,42.0,2222,6215,8104,4235,605,504,271,53.8,233,46.2,8699,420,310,102,616,278,9576,969,58.2,24006,2263,7419,10974,5796,897,638,375,58.8,262,41.1,13155,656,466,159,632,288,15266,1558
26,48.1,2066,6214,9532,5722,799,530,297,56.0,232,43.8,10777,653,461,146,569,341,12839,1559,51.9,23145,2686,8299,9724,5338,738,582,358,61.5,224,38.5,13233,586,413,154,626,284,14558,1356
26,50.6,2006,6787,10729,5702,868,600,383,63.8,217,36.2,12629,705,531,164,555,353,14978,1456,49.4,22840,2520,7416,10829,4797,518,619,326,52.7,293,47.3,12320,495,430,78,587,343,14731,1304
38,64.2,2236,7093,14319,7567,1055,747,474,63.5,273,36.5,18228,961,704,280,623,358,21334,2059,35.2,18008,2652,7090,7453,3639,576,493,249,50.5,244,49.5,9266,448,287,136,569,343,10357,931
31,53.7,2299,7311,10969,5603,826,655,372,56.8,283,43.2,13042,666,482,187,588,364,15573,1501,45.9,21018,2221,6760,9187,5302,736,695,371,53.4,324,46.6,11051,686,469,160,562,338,12921,1356
33,41.3,2215,6501,7898,4374,646,519,281,54.1,238,45.9,9062,571,382,106,576,291,10039,1063,59.1,24939,2196,6771,12031,6336,803,712,410,57.6,302,42.4,14139,735,581,139,672,345,16592,1789
25,55.2,2272,7479,11772,5737,719,591,346,58.5,244,41.3,13606,665,544,125,572,310,15869,1434,44.4,21082,2265,6965,9473,4873,676,762,476,62.5,286,37.5,10464,547,395,133,679,410,12239,1241
28,48.4,2493,7657,9086,4313,498,597,339,56.8,258,43.2,11059,531,403,89,650,330,12844,1087,51.6,22214,1764,6198,10589,5631,834,623,354,56.8,268,43.0,12291,657,488,163,567,321,14181,1463
34,46.9,2604,7525,9167,4471,581,616,373,60.6,243,39.4,11191,610,468,119,563,331,13239,1196,52.9,23110,1938,6189,10593,6526,976,646,371,57.4,275,42.6,12859,800,567,194,533,282,15370,1679
31,41.5,2003,5988,8734,4125,551,452,242,53.5,210,46.5,9326,399,328,92,603,301,10197,910,58.8,25022,2099,7619,12389,5225,653,594,346,58.2,248,41.8,14196,612,505,111,621,339,16581,1509
32,44.7,2401,6704,8239,4287,600,495,270,54.5,225,45.5,9255,435,354,96,588,321,10466,1036,66.0,22987,2120,6813,10236,6130,960,632,358,56.6,274,43.4,12410,706,505,190,644,337,14472,1594
31,47.2,2377,7382,8840,4535,719,683,348,51.0,335,49.0,10842,569,405,154,614,302,12487,1334,53.1,22619,2204,6680,10519,5639,842,611,374,61.2,237,38.8,12819,716,561,187,554,321,14569,1437
33,45.3,2231,6593,8320,4619,647,612,368,60.1,244,39.9,10034,575,449,112,613,404,10923,1110,54.9,22593,2165,6846,10513,5434,804,551,303,55.0,248,45.0,12229,650,495,141,622,359,14251,1358
29,46.9,2013,6066,9272,5397,697,467,261,55.9,206,44.1,10211,417,358,76,597,309,11775,1313,53.3,23306,2463,7877,10125,5520,747,598,347,58.0,251,42.0,12658,722,527,182,603,326,14488,1309
28,49.9,2161,6591,9702,5241,734,639,357,55.9,282,44.1,10829,697,497,151,696,371,12632,1299,50.1,21403,2364,7202,9223,5218,723,688,408,59.3,280,40.7,11305,603,470,154,614,341,12807,1315
31,59.9,2399,8154,12038,8430,1198,780,456,58.5,324,41.5,18562,1029,757,330,495,277,21234,2061,34.0,20331,2591,6738,8722,5040,681,502,291,58.0,211,42.0,11747,632,509,147,507,349,13167,1250
32,54.3,2574,7504,10671,5504,851,670,360,53.7,310,46.3,13290,667,546,178,626,391,15188,1447,45.3,20488,2362,6990,8514,5184,665,546,286,52.4,260,47.6,11269,587,471,149,625,326,12202,1191
33,59.4,2692,8904,11372,5872,742,588,305,51.9,283,48.1,15097,625,517,139,589,326,18197,1580,40.2,19020,2220,6221,8288,4698,685,542,306,56.5,236,43.5,9919,521,423,124,558,298,11202,1174
34,43.6,1994,5790,7525,4822,630,642,360,56.1,282,43.9,9186,554,449,109,656,294,9503,1187,56.4,21974,2234,7262,9584,5338,726,623,357,57.3,266,42.7,11943,597,444,133,663,325,13584,1383
29,56.8,2439,7743,10778,5950,974,746,450,60.3,296,39.7,14622,790,483,240,570,332,16415,1683,43.0,19595,2370,6846,8101,4842,700,476,247,51.9,229,48.1,10274,583,422,161,521,309,11770,1087
30,42.8,2104,6503,8087,3788,575,468,255,54.5,214,45.7,8984,404,315,104,557,256,10113,926,57.3,23128,2076,6655,10894,5762,716,565,368,65.1,197,34.9,12586,632,488,139,564,302,15191,1461
27,49.9,1919,5860,10254,5480,675,501,304,60.7,197,39.3,11148,685,508,147,496,335,13474,1477,50.2,22249,2418,7574,9636,5255,664,515,348,67.6,167,32.4,12503,589,465,121,557,294,14174,1366
25,52.3,1967,6777,12025,5937,894,588,374,63.6,214,36.4,13675,694,483,190,503,342,16649,1598,47.6,22889,2326,6949,10656,5476,577,631,335,53.1,296,46.9,12371,557,531,89,516,326,15032,1371
25,65.5,2240,7299,14908,9965,1217,770,513,66.6,257,33.4,21041,972,930,276,477,341,25054,2144,45.0,18887,2541,6990,8060,4070,606,522,298,57.1,224,42.9,10362,529,402,127,534,275,11631,1027
25,53.6,2102,6948,11168,5736,790,638,420,65.8,218,34.2,13276,694,547,172,591,368,15686,1428,46.1,20972,2314,7011,9392,4770,658,556,345,62.1,211,37.9,11164,551,399,127,505,345,13078,1297
34,34.8,2120,5874,6716,3598,438,513,321,62.6,192,37.4,7259,455,357,79,561,294,7859,838,65.7,26777,1848,6813,13118,7046,835,607,360,59.3,247,40.7,15858,820,700,146,569,326,18861,1876
30,53.3,2443,7999,10717,4742,593,465,276,59.4,189,40.6,13151,514,431,109,533,279,15060,1299,46.3,20854,1927,6118,9489,5453,714,694,456,65.7,238,34.3,10960,578,430,139,637,424,12701,1231
30,49.3,1764,5553,9563,5924,671,519,320,61.7,199,38.3,10428,507,373,102,657,320,11685,1282,50.4,21668,2897,9306,8407,4147,603,519,315,60.7,203,39.1,10485,446,317,125,544,311,12449,1036
30,47.5,2572,8345,9141,3560,417,618,365,59.1,253,40.9,11794,501,368,73,614,345,13378,922,52.4,22919,1668,5637,11438,6060,824,578,368,63.7,210,36.3,14099,702,575,158,526,341,15541,1630
31,43.3,1589,4689,7849,5367,669,483,263,54.5,220,45.5,8137,443,390,116,607,354,8882,1076,57.2,22842,2309,8032,10578,4424,496,619,378,61.1,241,38.9,11476,454,333,87,600,338,13875,1180
34,41.4,2133,6002,7387,3948,532,516,312,60.5,204,39.5,8122,411,288,105,526,346,8979,961,59.0,23132,1938,6784,10742,5793,792,468,283,60.5,186,39.7,12755,636,503,146,590,314,14910,1431
27,48.3,2396,7960,9099,4469,594,653,426,65.2,227,34.8,11737,617,452,113,539,305,13397,1173,51.7,23054,2166,6647,10739,5873,741,579,340,58.7,239,41.3,13402,657,474,141,563,317,15249,1433
29,52.2,2407,7652,9504,4931,679,615,366,59.5,249,40.5,12435,621,446,136,548,326,14069,1526,47.6,20773,2104,6440,9282,5282,800,543,335,61.7,209,38.5,11550,625,486,175,505,304,12942,1284
28,43.2,2103,6010,8686,4447,623,441,245,55.6,195,44.2,8688,345,315,64,588,310,10118,1200,56.9,24102,2239,7544,11030,5720,776,553,328,59.3,224,40.5,12972,678,529,178,594,300,15223,1510
30,59.3,2279,7913,12359,7814,1021,646,429,66.4,216,33.4,17126,963,739,242,546,315,20538,1909,40.3,20377,2548,6876,8894,4799,573,532,340,63.9,192,36.1,11436,545,467,117,499,339,13087,1148
30,54.9,2089,6527,10724,5581,823,550,330,60.0,220,40.0,12816,626,492,125,518,311,14729,1530,44.9,19586,2348,6984,8569,4222,579,480,280,58.3,200,41.7,10251,436,319,115,525,347,11770,1002
26,60.9,2495,8190,12249,6228,784,599,392,65.4,207,34.6,15794,691,552,151,516,309,19128,1606,55.0,18445,2148,6138,8069,4430,579,510,326,63.9,184,36.1,9885,544,445,118,569,308,11114,1089
30,46.9,2575,7195,8736,4520,560,553,341,61.7,212,38.3,11500,576,468,102,498,268,12660,1168,53.1,22473,1899,5948,10051,6697,894,592,394,66.6,198,33.4,12591,713,563,163,465,265,14936,1630
32,45.2,2227,6559,8418,4627,558,504,291,57.7,214,42.5,9720,564,423,112,524,328,11055,1089,54.9,22763,2003,6612,10553,5815,818,681,434,63.7,247,36.3,12690,693,528,152,577,312,14474,1539
29,55.2,2442,7838,11470,5730,819,692,437,63.2,255,36.8,14443,737,558,185,545,336,17313,1608,44.4,21190,2249,6635,9463,5298,687,588,349,59.4,239,40.6,11878,635,481,140,505,300,13588,1219
32,41.5,2032,6060,8359,3622,508,497,251,50.5,246,49.5,9373,403,307,100,535,309,9525,936,58.5,23863,1842,6718,11873,5477,739,619,364,58.8,255,41.2,13268,656,492,146,600,324,15540,1535
26,48.7,2064,6212,9835,5031,594,587,337,57.4,250,42.6,10354,604,493,110,576,299,12422,1273,51.3,21884,2203,7001,9816,5267,651,614,396,64.5,217,35.3,12428,615,488,106,549,316,13538,1382
30,48.6,1918,6182,10585,5274,807,543,348,64.1,195,35.9,11872,598,516,156,586,377,13506,1323,51.4,23174,2256,6949,11021,5427,606,640,357,55.8,283,44.2,13247,619,569,105,545,375,14793,1508
28,66.4,2419,7683,15606,8628,1066,793,524,66.1,269,33.9,20416,923,864,243,444,354,24606,2036,33.6,18087,2241,6429,7656,4201,619,501,290,57.9,211,42.1,9797,576,416,170,470,325,10825,996
27,56.7,2485,7853,10431,5665,845,713,445,62.4,268,37.6,14024,834,634,200,548,355,16065,1463,43.3,19236,2164,6191,8320,4907,793,511,290,56.8,221,43.2,10260,613,438,180,466,280,11524,1250
30,51.7,2291,7505,10374,4906,585,610,370,60.7,240,39.3,12921,670,521,133,541,375,14460,1358,48.4,21488,1911,5845,9854,6026,745,615,364,59.2,251,40.8,11897,679,537,148,511,338,13334,1423
26,46.3,1777,5164,9086,5479,633,458,260,56.8,198,43.2,9587,424,409,110,564,355,10333,1246,53.7,22447,2798,9373,8818,4454,662,607,343,56.5,264,43.5,11837,561,412,148,608,303,13149,1168
31,47.4,2092,6860,9234,4417,604,489,281,57.5,208,42.5,10645,561,405,103,576,331,11783,1222,52.6,22320,2161,6637,10437,5498,696,701,444,63.3,257,36.7,12409,688,552,151,536,371,13875,1444
30,45.0,1484,4842,7903,5206,650,476,274,57.6,202,42.4,7551,416,330,82,635,318,8211,1179,55.0,21102,2227,7906,9625,3758,464,574,338,58.9,235,40.9,10240,376,315,89,686,345,11648,1073
27,43.8,2226,6282,7633,4377,585,553,300,54.2,253,45.8,9792,511,381,111,486,290,9720,994,56.2,22510,1937,6931,10446,5317,703,570,332,58.2,238,41.8,12484,672,492,180,575,346,14259,1386
29,43.9,1764,5798,8465,4791,636,581,342,58.9,239,41.1,9273,498,412,122,544,291,10246,1145,56.1,23472,2199,7106,11477,5069,588,610,356,58.4,254,41.6,12902,632,562,114,588,349,14940,1407
29,48.3,2479,7642,8291,4454,632,637,386,60.6,251,39.4,10797,711,417,157,537,302,12313,1350,51.7,21696,2115,6333,9561,6022,959,532,328,61.7,204,38.3,12480,741,557,219,549,303,13726,1485
32,45.0,2340,6588,8406,4870,686,709,392,55.3,317,44.7,11405,740,527,201,625,353,11691,1201,55.0,23484,2066,6696,10996,6017,930,602,375,62.3,227,37.7,13556,774,565,203,545,318,15485,1663
31,47.4,2002,6073,9400,4869,661,525,315,60.0,210,40.0,9935,562,428,124,611,306,10840,1346,52.6,22151,2230,7171,10223,4984,686,617,350,56.7,267,43.3,11357,581,427,143,620,346,12918,1293
26,58.8,2234,7711,12551,7671,1038,769,484,62.9,285,37.1,17146,951,727,302,518,315,19981,1951,41.2,20543,2583,7110,9207,4451,530,595,369,62.0,226,38.0,11264,604,473,131,498,360,12905,1199
27,56.2,2340,7553,11352,5327,778,591,355,60.1,234,39.6,14006,737,523,149,552,357,15827,1573,43.8,19876,2210,6594,8777,4746,694,573,321,56.0,252,44.0,10620,546,441,158,539,299,11562,1117
26,57.9,2229,7794,11678,6387,920,667,413,61.9,254,38.1,14440,803,571,211,541,352,17430,1804,42.1,19982,2400,6615,8833,4755,552,661,400,60.5,261,39.5,10431,552,452,124,573,326,11679,1123
28,49.0,2592,7697,9694,4654,638,549,345,62.8,203,37.0,12893,671,491,114,521,283,14386,1367,51.0,23063,1945,6033,10538,6712,902,590,357,60.5,232,39.3,13600,863,648,204,460,268,15626,1681
30,44.7,2162,6607,9057,3980,480,569,338,59.4,231,40.6,9985,510,403,110,537,324,11102,1096,55.3,23568,1868,5973,11723,6085,787,672,433,64.4,239,35.6,13197,797,568,158,652,329,15342,1750
25,52.9,2532,7874,11259,5231,772,690,431,62.5,259,37.5,13189,694,518,209,601,310,16111,1472,47.1,21804,2106,6369,9998,5666,812,602,384,63.8,218,36.2,12330,676,473,170,508,335,13890,1452
26,42.7,2174,6367,8264,4063,609,489,276,56.4,213,43.6,8348,511,366,103,587,341,9540,1102,57.3,23524,2023,6609,11133,6010,864,595,341,57.3,254,42.7,12837,714,535,173,587,392,14794,1825
27,50.0,1935,6265,10194,5320,703,542,288,53.1,254,46.9,10781,626,533,124,522,344,13087,1434,50.0,21677,2176,6972,9852,5095,657,646,401,62.1,245,37.9,11399,677,536,124,525,398,13185,1309
29,49.2,1928,6339,10785,6196,765,572,366,64.0,205,35.8,12778,677,581,169,497,412,14831,1369,50.8,23808,2256,7066,11384,5594,638,701,381,54.4,319,45.5,12723,662,596,112,531,465,15622,1645
30,64.4,2182,7325,14901,8400,1045,753,446,59.2,307,40.8,19443,851,840,266,456,435,23143,2095,35.6,18710,2299,6567,8133,4232,651,492,266,54.1,226,45.9,9990,558,431,149,488,311,11102,1081
25,61.8,2351,7748,12726,6515,826,717,449,62.6,267,37.2,16024,887,705,218,569,392,19278,1622,38.2,17994,2061,5784,7874,4579,698,544,325,59.7,219,40.3,9473,577,460,176,483,396,10516,1139
28,51.6,2297,7252,10891,4967,670,626,380,60.7,246,39.3,12743,673,588,141,499,371,14866,1278,48.4,21502,1931,6001,10013,5698,818,563,304,54.0,258,45.8,11699,721,507,179,497,376,13520,1488
25,54.0,1611,4998,10759,6998,907,592,344,58.1,248,41.9,11159,565,523,135,576,387,12814,1596,46.0,20644,2765,8817,8410,3621,574,564,323,57.3,240,42.6,9346,459,292,143,614,397,10819,1058
25,49.4,2499,7590,9658,4910,689,523,318,60.8,204,39.0,12023,642,500,139,565,374,13752,1482,50.6,22224,2083,6393,10123,5959,842,684,421,61.5,263,38.5,12180,799,670,201,511,392,14132,1572
26,40.7,1810,5155,7727,4688,688,576,299,51.9,277,48.1,7394,448,383,117,589,366,8009,1121,59.3,23942,2119,7657,11542,4958,653,617,362,58.7,255,41.3,12434,525,427,114,644,349,14591,1373
26,48.0,2422,7551,9834,4221,633,537,316,58.8,221,41.2,11343,634,487,102,502,370,13037,1303,52.0,22861,2037,6445,10613,6045,878,636,372,58.5,264,41.5,13030,809,633,221,529,349,14575,1602
30,44.5,2109,6288,8630,4582,723,592,314,53.0,278,47.0,9347,653,484,127,557,356,10474,1201,55.5,23013,2157,6857,10824,5607,817,694,391,56.3,303,43.7,12510,768,545,180,560,409,14442,1562
29,43.1,1976,6160,8726,4496,632,469,253,53.9,216,46.1,9754,447,367,98,476,304,10646,1141,56.9,24519,2052,7018,11921,5784,621,581,354,60.9,227,39.1,13630,705,584,117,553,382,16119,1585
26,45.7,2262,6322,8319,4541,688,738,402,54.5,336,45.5,9156,709,451,175,535,429,10747,1284,54.3,22279,2097,6482,9992,6067,1055,722,458,63.4,264,36.6,12412,868,675,239,503,308,13867,1542
29,48.7,2337,7145,9307,4597,620,848,534,63.0,314,37.0,11826,831,551,150,644,495,12385,1316,51.3,21765,1997,6057,10258,5680,878,594,335,56.4,257,43.3,11743,660,480,178,540,394,13334,1543
27,60.1,2035,7389,13413,7527,1076,756,460,60.8,295,39.0,17576,1009,748,301,493,356,20515,2081,39.9,20119,2534,7038,8853,4451,600,629,384,61.0,245,39.0,10572,615,469,146,479,381,12379,1150
30,51.7,2466,7645,10663,4646,660,679,411,60.5,267,39.3,12418,695,523,134,571,466,14458,1367,48.3,21608,1970,6395,9916,5513,793,584,336,57.5,248,42.5,11225,657,491,188,548,331,13244,1393
27,52.3,2154,7148,9945,5989,953,606,357,58.9,249,41.1,12731,828,590,199,486,391,14442,1792,47.7,21477,2377,6907,9765,5034,668,513,310,60.4,203,39.6,11828,696,566,148,491,395,13106,1400
25,47.1,2095,6684,9870,5366,835,589,343,58.2,246,41.8,11323,751,498,177,501,337,13565,1547,52.9,24319,2201,7084,11322,6165,769,588,350,59.5,238,40.5,14035,791,590,159,482,360,16278,1621
28,46.8,2292,6916,9021,4660,592,477,294,61.6,183,38.4,10474,662,473,149,507,347,11933,1294,53.2,22717,1949,6123,11039,5804,786,678,398,58.7,280,41.3,12553,800,607,128,569,434,14502,1631
26,48.3,2184,6753,10048,5230,804,603,348,57.7,255,42.3,11752,715,478,209,503,340,13666,1643,51.7,23247,2035,6768,10714,6016,858,659,386,58.6,273,41.4,12774,753,575,158,501,394,15061,1549
30,40.3,2197,6320,8026,3879,560,577,330,57.2,244,42.3,9107,454,347,118,534,403,9603,1030,59.7,24801,1933,6576,12237,6263,848,663,396,59.7,267,40.3,14524,751,592,183,571,435,16638,1828
26,49.6,2134,6390,10289,5239,761,611,350,57.3,261,42.7,11930,652,522,136,501,409,13091,1507,50.4,22085,2299,7360,10091,4901,693,735,439,59.7,296,40.3,12401,666,492,152,505,444,13605,1302
26,47.5,2103,7018,10691,5490,740,693,426,61.5,267,38.5,12659,703,498,169,548,448,14408,1449,52.5,24824,2087,6980,12139,5934,715,847,470,55.5,377,44.5,14996,737,639,137,505,540,16461,1660
25,62.8,2230,7352,14187,8054,1224,973,619,63.6,354,36.4,19047,1025,797,312,486,465,22019,2133,37.2,19311,2416,6707,8561,4292,623,552,323,58.5,229,41.5,10796,632,480,169,479,400,11689,1179
29,56.9,2520,8051,12473,5147,585,681,439,64.5,240,35.2,16808,736,557,177,520,381,17825,1500,43.1,19804,1729,5593,9351,5115,825,537,324,60.3,213,39.7,11043,622,469,193,486,422,12328,1349
23,55.7,2455,8023,11901,5073,708,603,376,62.4,227,37.6,14630,724,568,165,501,428,16844,1576,44.3,20658,1951,6194,9486,5185,762,556,338,60.8,218,39.2,11574,611,507,151,563,371,12694,1346
27,52.0,1647,5339,10665,6169,709,649,352,54.2,297,45.8,11543,635,532,129,621,374,12591,1450,48.0,21036,2620,8787,8648,3822,539,613,355,57.9,258,42.1,10432,488,296,140,559,385,11652,1040
25,46.9,2154,7119,9852,4461,590,596,323,54.2,272,45.6,11608,532,387,124,534,388,12654,1267,53.1,23788,2175,7081,11396,5592,702,700,429,61.3,271,38.7,14203,706,586,144,533,445,15340,1606
32,40.2,1860,5642,7420,4341,572,584,296,50.7,289,49.5,8099,374,315,104,540,408,8445,1083,59.8,24108,1876,7098,11953,5279,648,732,456,62.3,276,37.7,13658,660,494,126,620,439,15350,1567
25,46.8,1983,6509,9126,4530,658,644,360,55.9,284,44.1,10354,590,416,119,475,369,11736,1199,53.2,22066,2040,6783,10770,4781,688,606,366,60.4,240,39.6,12215,721,477,161,564,371,13933,1423
32,46.8,2107,6802,9416,5051,736,622,375,60.3,246,39.5,10832,640,451,170,461,378,12682,1463,53.2,23566,2138,6682,10977,6137,830,679,387,57.0,292,43.0,13518,774,591,198,529,436,15385,1697
36,54.7,2378,7676,11346,4861,618,714,449,62.9,264,37.0,14246,726,577,133,569,458,15716,1318,45.3,20457,1983,6103,9636,4967,846,649,379,58.4,268,41.3,11329,766,504,251,513,385,12478,1391
28,43.0,1888,6390,8493,4251,569,608,341,56.1,267,43.9,9590,534,389,107,559,453,10298,1099,57.0,24248,2008,7755,11461,5283,650,698,374,53.6,323,46.3,14398,645,469,150,569,398,15580,1455
33,42.8,2160,6122,8198,4610,658,685,375,54.7,310,45.3,9982,676,459,175,572,445,10628,1276,57.2,24072,2019,6952,11478,5855,911,626,386,61.7,239,38.2,14379,758,561,192,521,377,15996,1649
37,44.1,2074,6485,9190,4454,549,586,308,52.6,278,47.4,10572,463,407,104,576,470,11346,1151,55.9,24275,2108,7265,11522,5776,757,708,435,61.4,270,38.1,13805,777,562,164,521,472,15784,1760
24,60.2,1889,6969,13215,8217,1223,752,501,66.6,251,33.4,18912,1131,779,312,460,394,20847,2370,39.8,20298,2717,7190,8806,4516,581,621,369,59.4,252,40.6,11790,598,464,134,467,435,12807,1219
27,56.5,2378,7539,11407,5873,827,623,362,58.1,261,41.9,15068,883,644,183,553,447,16851,1595,43.5,19991,2234,6356,9349,4504,644,537,309,57.5,228,42.5,11389,577,431,144,478,319,12127,1224
31,54.3,2087,7217,11662,5987,949,661,392,59.3,269,40.7,14721,817,592,257,499,430,16249,1805,45.7,21424,2295,6920,9620,5152,758,685,389,56.8,296,43.2,12126,731,490,197,528,472,13130,1396
25,48.6,2141,7061,10314,5068,746,699,428,61.2,271,38.8,13199,739,516,188,539,475,14202,1549,51.4,23360,2052,6732,10783,6110,773,692,383,55.3,309,44.7,13821,728,576,178,491,436,15302,1601
32,50.4,2292,7613,10767,4789,691,575,328,57.0,247,43.0,12496,719,486,181,464,393,14905,1442,49.6,22743,1997,6523,10374,6080,880,700,423,60.4,277,39.6,13006,805,559,199,510,434,14661,1570
