Squad,Unnamed: 1_level_0 # Pl_for,Playing Time MP_for,Playing Time Starts_for,Playing Time Min_for,Playing Time 90s_for,Performance GA_for,Performance GA90_for,Performance SoTA_for,Performance Saves_for,Performance Save%_for,Performance W_for,Performance D_for,Performance L_for,Performance CS_for,Performance CS%_for,Penalty Kicks PKatt_for,Penalty Kicks PKA_for,Penalty Kicks PKsv_for,Penalty Kicks PKm_for,Penalty Kicks Save%_for,Unnamed: 1_level_0 # Pl_against,Playing Time MP_against,Playing Time Starts_against,Playing Time Min_against,Playing Time 90s_against,Performance GA_against,Performance GA90_against,Performance SoTA_against,Performance Saves_against,Performance Save%_against,Performance W_against,Performance D_against,Performance L_against,Performance CS_against,Performance CS%_against,Penalty Kicks PKatt_against,Penalty Kicks PKA_against,Penalty Kicks PKsv_against,Penalty Kicks PKm_against,Penalty Kicks Save%_against,Season
Arsenal,1,38,38,3420,38.0,34,0.89,120,86,74.2,20,14,4,13,34.2,3,3,0,0,0.0,1,38,38,3420,38.0,69,1.82,180,113,62.8,4,14,20,5,13.2,2,2,0,0,0.0,2024-2025 Premier League
Aston Villa,2,38,38,3420,38.0,51,1.34,156,104,68.6,19,9,10,9,23.7,3,2,1,0,33.3,2,38,38,3420,38.0,58,1.53,165,106,66.7,10,9,19,7,18.4,6,3,3,0,50.0,2024-2025 Premier League
Bournemouth,3,38,38,3420,38.0,46,1.21,172,126,75.6,15,11,12,9,23.7,4,4,0,0,0.0,3,38,38,3420,38.0,58,1.53,199,141,73.9,12,11,15,8,21.1,7,6,1,0,14.3,2024-2025 Premier League
Brentford,2,38,38,3420,38.0,57,1.5,207,153,72.9,16,8,14,8,21.1,1,1,0,0,0.0,2,38,38,3420,38.0,66,1.74,179,113,65.9,14,8,16,8,21.1,6,5,1,0,16.7,2024-2025 Premier League
Brighton,2,38,38,3420,38.0,59,1.55,147,90,66.0,16,13,9,8,21.1,9,9,0,0,0.0,2,38,38,3420,38.0,66,1.74,190,126,68.9,9,13,16,5,13.2,7,7,0,0,0.0,2024-2025 Premier League
Chelsea,2,38,38,3420,38.0,43,1.13,155,111,75.5,20,9,9,11,28.9,6,5,1,0,16.7,2,38,38,3420,38.0,64,1.68,208,146,71.2,9,9,20,7,18.4,5,4,1,0,20.0,2024-2025 Premier League
Crystal Palace,1,38,38,3420,38.0,51,1.34,150,101,66.7,13,14,11,11,28.9,2,1,1,0,50.0,1,38,38,3420,38.0,51,1.34,179,129,73.2,11,14,13,8,21.1,4,3,1,0,25.0,2024-2025 Premier League
Everton,1,38,38,3420,38.0,44,1.16,163,117,73.0,11,15,12,12,31.6,2,0,2,0,100.0,1,38,38,3420,38.0,42,1.11,141,102,71.6,12,15,11,15,39.5,2,2,0,0,0.0,2024-2025 Premier League
Fulham,1,38,38,3420,38.0,54,1.42,159,106,67.9,15,9,14,5,13.2,4,3,1,0,25.0,1,38,38,3420,38.0,54,1.42,171,117,70.2,14,9,15,7,18.4,4,3,1,0,25.0,2024-2025 Premier League
Ipswich Town,3,38,38,3420,38.0,82,2.16,210,130,63.8,4,10,24,2,5.3,6,6,0,0,0.0,3,38,38,3420,38.0,36,0.95,122,87,72.1,24,10,4,14,36.8,2,2,0,0,0.0,2024-2025 Premier League
Leicester City,3,38,38,3420,38.0,80,2.11,209,131,63.2,6,7,25,3,7.9,4,3,1,0,25.0,3,38,38,3420,38.0,33,0.87,108,74,71.3,25,7,6,17,44.7,3,2,1,0,33.3,2024-2025 Premier League
Liverpool,3,38,38,3420,38.0,41,1.08,138,98,71.0,25,9,4,14,36.8,2,1,1,0,50.0,3,38,38,3420,38.0,86,2.26,224,139,65.6,4,9,25,1,2.6,9,9,0,0,0.0,2024-2025 Premier League
Manchester City,2,38,38,3420,38.0,44,1.16,128,86,68.8,21,8,9,13,34.2,4,4,0,0,0.0,2,38,38,3420,38.0,72,1.89,212,140,67.5,9,8,21,6,15.8,4,3,1,0,25.0,2024-2025 Premier League
Manchester Utd,2,38,38,3420,38.0,54,1.42,149,96,65.8,11,9,18,10,26.3,4,3,1,0,25.0,2,38,38,3420,38.0,44,1.16,172,130,76.7,18,9,11,15,39.5,4,4,0,0,0.0,2024-2025 Premier League
Newcastle Utd,2,38,38,3420,38.0,47,1.24,161,115,71.4,20,6,12,13,34.2,2,1,1,0,50.0,2,38,38,3420,38.0,68,1.79,169,102,62.7,12,6,20,7,18.4,6,5,1,0,16.7,2024-2025 Premier League
Nott'ham Forest,1,38,38,3420,38.0,46,1.21,165,119,73.9,19,8,11,13,34.2,3,3,0,0,0.0,1,38,38,3420,38.0,58,1.53,165,108,66.7,11,8,19,8,21.1,3,3,0,0,0.0,2024-2025 Premier League
Southampton,3,38,38,3420,38.0,86,2.26,245,157,67.8,2,6,30,3,7.9,9,7,2,0,22.2,3,38,38,3420,38.0,26,0.68,108,81,75.9,30,6,2,16,42.1,2,0,2,0,100.0,2024-2025 Premier League
Tottenham,4,38,38,3420,38.0,65,1.71,180,119,65.6,11,5,22,6,15.8,3,3,0,0,0.0,4,38,38,3420,38.0,64,1.68,181,119,66.3,22,5,11,9,23.7,4,3,1,0,25.0,2024-2025 Premier League
West Ham,2,38,38,3420,38.0,62,1.63,186,127,68.3,11,10,17,7,18.4,3,3,0,0,0.0,2,38,38,3420,38.0,46,1.21,140,97,69.3,17,10,11,8,21.1,3,3,0,0,0.0,2024-2025 Premier League
Wolves,4,38,38,3420,38.0,69,1.82,168,100,63.1,12,6,20,8,21.1,9,7,2,0,22.2,4,38,38,3420,38.0,54,1.42,155,102,65.2,20,6,12,7,18.4,0,0,0,0,,2024-2025 Premier League
Atalanta,3,38,38,3420,38.0,37,0.97,147,112,76.2,22,8,8,15,39.5,2,2,0,0,0.0,3,38,38,3420,38.0,78,2.05,188,110,61.2,8,8,22,7,18.4,7,5,2,0,28.6,2024-2025 Serie A
Bologna,2,38,38,3420,38.0,47,1.24,106,60,57.5,16,14,8,12,31.6,3,2,1,0,33.3,2,38,38,3420,38.0,57,1.5,173,116,70.5,8,14,16,7,18.4,7,6,1,0,14.3,2024-2025 Serie A
Cagliari,4,38,38,3420,38.0,56,1.47,153,97,67.3,9,9,20,7,18.4,6,6,0,0,0.0,4,38,38,3420,38.0,40,1.05,118,80,68.6,20,9,9,15,39.5,3,3,0,0,0.0,2024-2025 Serie A
Como,3,38,38,3420,38.0,52,1.37,143,91,68.5,13,10,15,7,18.4,7,7,0,0,0.0,3,38,38,3420,38.0,49,1.29,177,132,72.3,15,10,13,8,21.1,2,0,1,1,100.0,2024-2025 Serie A
Empoli,3,38,38,3420,38.0,59,1.55,158,99,63.3,6,13,19,6,15.8,3,1,1,1,50.0,3,38,38,3420,38.0,33,0.87,110,78,71.8,19,13,6,15,39.5,3,2,1,0,33.3,2024-2025 Serie A
Fiorentina,2,37,37,3330,38.0,41,1.11,146,104,72.6,18,8,11,11,29.7,3,1,2,0,66.7,2,37,37,3330,38.0,57,1.54,167,111,69.5,11,8,18,8,21.6,8,6,1,1,14.3,2024-2025 Serie A
Genoa,4,38,38,3420,38.0,49,1.29,158,110,72.8,10,13,15,11,28.9,8,6,2,0,25.0,4,38,38,3420,38.0,37,0.97,119,82,68.9,15,13,10,13,34.2,2,0,2,0,100.0,2024-2025 Serie A
Hellas Verona,2,38,38,3420,38.0,66,1.74,172,106,62.8,10,7,21,8,21.1,4,2,1,1,33.3,2,38,38,3420,38.0,34,0.89,97,66,67.0,21,7,10,17,44.7,2,2,0,0,0.0,2024-2025 Serie A
Inter,2,37,37,3330,38.0,32,0.86,124,92,76.6,24,9,4,16,43.2,4,3,1,0,25.0,2,37,37,3330,38.0,79,2.14,185,109,61.6,4,9,24,3,8.1,9,8,0,1,0.0,2024-2025 Serie A
Juventus,2,38,38,3420,38.0,35,0.92,119,84,74.8,18,16,4,17,44.7,5,5,0,0,0.0,2,38,38,3420,38.0,58,1.53,181,125,71.3,4,16,18,7,18.4,6,6,0,0,0.0,2024-2025 Serie A
Lazio,2,38,38,3420,38.0,49,1.29,119,72,62.2,18,11,9,9,23.7,4,4,0,0,0.0,2,38,38,3420,38.0,61,1.61,192,131,71.4,9,11,18,6,15.8,7,6,1,0,14.3,2024-2025 Serie A
Lecce,1,38,38,3420,38.0,58,1.53,181,125,72.4,8,10,20,9,23.7,10,8,1,1,11.1,1,38,38,3420,38.0,27,0.71,123,95,80.5,20,10,8,18,47.4,4,3,1,0,25.0,2024-2025 Serie A
Milan,2,38,38,3420,38.0,43,1.13,142,101,70.4,18,9,11,13,34.2,2,1,1,0,50.0,2,38,38,3420,38.0,61,1.61,193,130,70.5,11,9,18,5,13.2,8,4,4,0,50.0,2024-2025 Serie A
Monza,3,38,38,3420,38.0,69,1.82,183,115,63.4,3,9,26,3,7.9,4,2,2,0,50.0,3,38,38,3420,38.0,28,0.74,102,75,75.5,26,9,3,17,44.7,3,3,0,0,0.0,2024-2025 Serie A
Napoli,3,38,38,3420,38.0,27,0.71,96,69,72.9,24,10,4,19,50.0,4,1,2,1,66.7,3,38,38,3330,38.0,59,1.59,155,98,64.5,4,10,24,6,15.8,5,4,1,0,20.0,2024-2025 Serie A
Parma,2,38,38,3330,38.0,58,1.57,158,102,66.5,7,15,16,7,18.4,5,5,0,0,0.0,2,38,38,3420,38.0,44,1.16,146,103,74.0,16,15,7,11,28.9,7,6,0,1,0.0,2024-2025 Serie A
Roma,1,38,38,3420,38.0,35,0.92,151,117,79.5,20,9,9,16,42.1,4,4,0,0,0.0,1,38,38,3420,38.0,56,1.47,170,115,71.8,9,9,20,6,15.8,8,8,0,0,0.0,2024-2025 Serie A
Torino,2,38,38,3420,38.0,45,1.18,180,133,76.7,10,14,14,10,26.3,7,3,4,0,57.1,2,38,38,3420,38.0,39,1.03,126,89,70.6,14,14,10,13,34.2,4,2,1,1,33.3,2024-2025 Serie A
Udinese,3,38,38,3420,38.0,56,1.47,164,113,70.1,12,8,18,9,23.7,8,7,0,1,0.0,3,38,38,3420,38.0,41,1.08,141,98,72.3,18,8,12,12,31.6,4,2,2,0,50.0,2024-2025 Serie A
Venezia,3,38,38,3420,38.0,56,1.47,188,134,75.5,5,14,19,6,15.8,11,10,1,0,9.1,3,38,38,3420,38.0,32,0.84,125,93,77.6,19,14,5,17,44.7,5,4,1,0,20.0,2024-2025 Serie A
Angers,2,34,34,3060,34.0,53,1.56,190,137,74.2,10,6,18,7,20.6,5,4,0,1,0.0,2,34,34,3060,34.0,32,0.94,97,65,72.2,18,6,10,14,41.2,6,5,1,0,16.7,2024-2025 Ligue 1
Auxerre,2,34,34,3060,34.0,51,1.5,173,123,74.0,11,9,14,10,29.4,8,6,2,0,25.0,2,34,34,3060,34.0,48,1.41,149,101,70.5,14,9,11,7,20.6,5,4,1,0,20.0,2024-2025 Ligue 1
Brest,2,34,34,3060,34.0,59,1.74,141,83,63.8,15,5,14,10,29.4,10,8,1,1,11.1,2,34,34,3060,34.0,52,1.53,160,106,71.9,14,5,15,7,20.6,9,7,2,0,22.2,2024-2025 Ligue 1
Le Havre,2,34,34,3060,34.0,71,2.09,175,104,62.3,10,4,20,4,11.8,6,5,1,0,16.7,2,34,34,3060,34.0,40,1.18,107,69,71.0,20,4,10,9,26.5,10,9,1,0,10.0,2024-2025 Ligue 1
Lens,3,34,34,3060,34.0,39,1.15,142,102,78.2,15,7,12,13,38.2,9,8,1,0,11.1,3,34,34,3060,34.0,42,1.24,153,113,75.8,12,7,15,10,29.4,5,5,0,0,0.0,2024-2025 Ligue 1
Lille,1,34,34,3060,34.0,36,1.06,126,91,74.6,17,9,8,11,32.4,4,4,0,0,0.0,1,34,34,3060,34.0,52,1.53,164,109,72.6,8,9,17,5,14.7,10,7,3,0,30.0,2024-2025 Ligue 1
Lyon,2,34,34,3060,34.0,46,1.35,166,120,74.1,17,6,11,10,29.4,3,3,0,0,0.0,2,34,34,3060,34.0,65,1.91,183,119,68.9,11,6,17,5,14.7,10,8,2,0,20.0,2024-2025 Ligue 1
Marseille,1,34,34,3060,34.0,47,1.38,135,87,67.4,20,5,9,5,14.7,6,3,3,0,50.0,1,34,34,3060,34.0,74,2.18,195,123,66.2,9,5,20,6,17.6,10,8,2,0,20.0,2024-2025 Ligue 1
Monaco,2,34,34,3060,34.0,41,1.21,128,87,70.3,18,7,9,11,32.4,3,3,0,0,0.0,2,34,34,3060,34.0,63,1.85,187,123,69.5,9,7,18,5,14.7,7,6,1,0,14.3,2024-2025 Ligue 1
Montpellier,2,34,34,3060,34.0,79,2.32,194,117,63.4,4,4,26,1,2.9,9,8,1,0,11.1,2,34,34,3060,34.0,23,0.68,115,91,82.6,26,4,4,20,58.8,4,3,1,0,25.0,2024-2025 Ligue 1
Nantes,3,34,34,3060,34.0,52,1.53,148,99,69.6,8,12,14,6,17.6,8,7,0,1,0.0,3,34,34,3060,34.0,39,1.15,124,85,72.6,14,12,8,8,23.5,5,5,0,0,0.0,2024-2025 Ligue 1
Nice,1,34,34,3060,34.0,41,1.21,161,120,75.8,17,9,8,8,23.5,3,2,1,0,33.3,1,34,34,3060,34.0,66,1.94,189,127,68.3,8,9,17,4,11.8,6,6,0,0,0.0,2024-2025 Ligue 1
Paris S-G,3,34,34,3060,34.0,35,1.03,103,69,68.9,26,6,2,7,20.6,3,3,0,0,0.0,3,34,34,3060,34.0,92,2.71,279,189,69.2,2,6,26,1,2.9,7,6,1,0,14.3,2024-2025 Ligue 1
Reims,1,34,34,3060,34.0,47,1.38,179,131,76.0,8,9,17,7,20.6,5,4,1,0,20.0,1,34,34,3060,34.0,33,0.97,112,80,71.4,17,9,8,15,44.1,2,1,0,1,0.0,2024-2025 Ligue 1
Rennes,3,34,34,3060,34.0,50,1.47,138,87,65.9,13,2,19,11,32.4,6,3,3,0,50.0,3,34,34,3060,34.0,51,1.5,162,109,71.6,19,2,13,7,20.6,8,5,2,1,28.6,2024-2025 Ligue 1
Saint-Étienne,1,34,34,3060,34.0,77,2.26,209,132,69.4,8,6,20,5,14.7,15,13,2,0,13.3,1,34,34,3060,34.0,39,1.15,119,79,69.7,20,6,8,10,29.4,4,3,1,0,25.0,2024-2025 Ligue 1
Strasbourg,2,34,34,3060,34.0,44,1.29,169,126,78.7,16,9,9,10,29.4,9,8,1,0,11.1,2,34,34,3060,34.0,56,1.65,142,88,62.0,9,9,16,5,14.7,2,2,0,0,0.0,2024-2025 Ligue 1
Toulouse,3,34,34,3060,34.0,43,1.26,108,67,61.1,11,9,14,10,29.4,2,1,1,0,50.0,3,34,34,3060,34.0,44,1.29,148,106,72.3,14,9,11,8,23.5,4,3,0,1,0.0,2024-2025 Ligue 1
Augsburg,2,34,34,3060,34.0,51,1.5,156,107,70.5,11,10,13,11,32.4,5,5,0,0,0.0,2,34,34,3056,34.0,35,1.03,116,80,70.7,13,10,11,12,35.3,2,1,1,0,50.0,2024-2025 Bundesliga
Bayern Munich,4,34,34,3060,34.0,32,0.94,80,48,61.3,25,7,2,16,47.1,2,1,0,1,0.0,4,34,34,3060,34.0,99,2.91,264,168,65.9,2,7,25,1,2.9,10,9,0,1,0.0,2024-2025 Bundesliga
Bochum,2,34,34,3060,34.0,68,2.0,153,83,57.5,5,8,21,5,14.7,6,3,2,1,40.0,2,34,34,3060,34.0,32,0.94,136,101,77.2,21,8,5,13,38.2,3,1,2,0,66.7,2024-2025 Bundesliga
Dortmund,2,34,34,3060,34.0,51,1.5,140,89,66.4,17,6,11,7,20.6,4,4,0,0,0.0,2,34,34,3060,34.0,71,2.09,163,93,59.5,11,6,17,5,14.7,6,5,1,0,16.7,2024-2025 Bundesliga
Eint Frankfurt,2,34,34,3060,34.0,46,1.35,163,117,72.4,17,9,8,9,26.5,3,1,2,0,66.7,2,34,34,3060,34.0,68,2.0,177,107,63.3,8,9,17,4,11.8,5,3,2,0,40.0,2024-2025 Bundesliga
Freiburg,2,34,34,3060,34.0,53,1.56,150,96,66.0,16,7,11,11,32.4,4,2,2,0,50.0,2,34,34,3060,34.0,49,1.44,135,86,63.7,11,7,16,8,23.5,4,0,3,1,100.0,2024-2025 Bundesliga
Gladbach,4,34,34,3056,34.0,57,1.68,191,135,73.8,13,6,15,7,20.6,8,7,1,0,12.5,4,34,34,3060,34.0,55,1.62,158,104,67.7,15,6,13,6,17.6,5,4,1,0,20.0,2024-2025 Bundesliga
Heidenheim,2,34,34,3060,34.0,64,1.88,171,107,66.1,8,5,21,9,26.5,6,6,0,0,0.0,2,34,34,3060,34.0,37,1.09,129,92,75.2,21,5,8,14,41.2,5,5,0,0,0.0,2024-2025 Bundesliga
Hoffenheim,2,34,34,3060,34.0,68,2.0,173,105,62.4,7,11,16,4,11.8,6,3,3,0,50.0,2,34,34,3060,34.0,46,1.35,151,105,71.5,16,11,7,9,26.5,3,3,0,0,0.0,2024-2025 Bundesliga
Holstein Kiel,2,34,34,3060,34.0,80,2.35,195,117,62.1,6,7,21,2,5.9,7,6,1,0,14.3,2,34,34,3060,34.0,49,1.44,138,88,67.4,21,7,6,7,20.6,5,4,1,0,20.0,2024-2025 Bundesliga
Leverkusen,2,34,34,3060,34.0,43,1.26,134,95,70.9,19,12,3,9,26.5,4,4,0,0,0.0,2,34,34,3060,34.0,72,2.12,187,114,63.1,3,12,19,5,14.7,6,3,3,0,50.0,2024-2025 Bundesliga
Mainz 05,2,34,34,3060,34.0,43,1.26,150,106,74.0,14,10,10,9,26.5,5,4,1,0,20.0,2,34,34,3060,34.0,55,1.62,146,93,65.1,10,10,14,8,23.5,4,4,0,0,0.0,2024-2025 Bundesliga
RB Leipzig,2,34,34,3060,34.0,48,1.41,158,109,70.9,13,12,9,14,41.2,3,2,1,0,33.3,2,34,34,3060,34.0,53,1.56,148,96,66.2,9,12,13,9,26.5,4,3,1,0,25.0,2024-2025 Bundesliga
St. Pauli,2,34,34,3060,34.0,41,1.21,140,96,71.4,8,8,18,9,26.5,5,1,4,0,80.0,2,34,34,3060,34.0,28,0.82,111,84,75.7,18,8,8,17,50.0,2,1,1,0,50.0,2024-2025 Bundesliga
Stuttgart,1,34,34,3060,34.0,53,1.56,136,83,62.5,14,8,12,7,20.6,3,2,1,0,33.3,1,34,34,3060,34.0,64,1.88,178,113,65.2,12,8,14,6,17.6,6,2,4,0,66.7,2024-2025 Bundesliga
Union Berlin,2,34,34,3060,34.0,50,1.47,139,86,65.5,10,11,13,8,23.5,6,2,4,0,66.7,2,34,34,3060,34.0,36,1.06,123,87,73.2,13,11,10,13,38.2,3,3,0,0,0.0,2024-2025 Bundesliga
Werder Bremen,1,34,34,3060,34.0,57,1.68,156,102,65.4,14,9,11,10,29.4,3,3,0,0,0.0,1,34,34,3060,34.0,54,1.59,143,88,64.3,11,9,14,9,26.5,5,3,2,0,40.0,2024-2025 Bundesliga
Wolfsburg,2,34,34,3060,34.0,54,1.59,160,106,67.5,11,10,13,6,17.6,3,2,1,0,33.3,2,34,34,3060,34.0,56,1.65,142,88,63.4,13,10,11,7,20.6,5,4,1,0,20.0,2024-2025 Bundesliga
Alavés,3,38,38,3419,38.0,48,1.26,132,86,72.0,10,12,16,9,23.7,11,11,0,0,0.0,3,38,38,3420,38.0,38,1.0,133,94,78.2,16,12,10,13,34.2,11,9,1,1,10.0,2024-2025
Athletic Club,3,38,38,3417,38.0,29,0.76,113,83,77.0,19,13,6,15,39.5,5,3,2,0,40.0,3,38,38,3420,38.0,54,1.42,154,98,66.9,6,13,19,9,23.7,6,3,3,0,50.0,2024-2025
Atlético Madrid,2,38,38,3420,38.0,30,0.79,116,88,78.4,22,10,6,17,44.7,5,5,0,0,0.0,2,38,38,3420,38.0,68,1.79,180,112,65.6,6,10,22,6,15.8,7,6,0,1,0.0,2024-2025
Barcelona,3,38,38,3420,38.0,39,1.03,108,69,67.6,28,4,6,13,34.2,4,4,0,0,0.0,3,38,38,3420,38.0,102,2.68,247,148,61.5,6,4,28,2,5.3,8,7,0,1,0.0,2024-2025
Betis,3,38,38,3420,38.0,50,1.32,141,92,67.4,16,12,10,7,18.4,4,4,0,0,0.0,3,38,38,3420,38.0,57,1.5,186,128,73.1,10,12,16,5,13.2,10,7,3,0,30.0,2024-2025
Celta Vigo,2,38,38,3420,38.0,57,1.5,145,89,62.8,16,7,15,8,21.1,4,3,1,0,25.0,2,38,38,3420,38.0,59,1.55,176,117,71.0,15,7,16,4,10.5,9,8,1,0,11.1,2024-2025
Espanyol,1,38,38,3420,38.0,51,1.34,192,140,75.5,11,9,18,8,21.1,6,4,2,0,33.3,1,38,38,3420,38.0,40,1.05,103,65,66.0,18,9,11,11,28.9,5,5,0,0,0.0,2024-2025
Getafe,1,38,38,3420,38.0,39,1.03,126,86,75.4,11,9,18,9,23.7,9,8,1,0,11.1,1,38,38,3420,38.0,34,0.89,127,93,77.2,18,9,11,16,42.1,5,5,0,0,0.0,2024-2025
Girona,3,38,38,3420,38.0,60,1.58,164,102,65.2,11,8,19,8,21.1,6,3,3,0,50.0,3,38,38,3420,38.0,44,1.16,139,95,71.2,19,8,11,11,28.9,5,4,1,0,20.0,2024-2025
Las Palmas,2,38,38,3420,38.0,61,1.61,182,120,69.2,8,8,22,4,10.5,10,5,4,1,44.4,2,38,38,3420,38.0,40,1.05,138,99,73.2,22,8,8,11,28.9,4,3,1,0,25.0,2024-2025
Leganés,2,38,38,3420,38.0,56,1.47,175,122,72.0,9,13,16,11,28.9,8,7,0,1,0.0,2,38,38,3420,38.0,39,1.03,117,77,70.9,16,13,9,14,36.8,7,5,2,0,28.6,2024-2025
Mallorca,2,38,38,3420,38.0,44,1.16,165,122,75.2,13,9,16,9,23.7,3,3,0,0,0.0,2,38,38,3420,38.0,35,0.92,112,77,72.3,16,9,13,14,36.8,5,4,1,0,20.0,2024-2025
Osasuna,2,38,38,3420,38.0,52,1.37,187,136,75.9,12,16,10,9,23.7,7,7,0,0,0.0,2,38,38,3420,38.0,48,1.26,132,86,70.5,10,16,12,8,21.1,9,9,0,0,0.0,2024-2025
Rayo Vallecano,2,38,38,3420,38.0,45,1.18,153,107,74.5,13,13,12,10,26.3,8,6,2,0,25.0,2,38,38,3420,38.0,41,1.08,163,124,74.8,12,13,13,9,23.7,1,0,1,0,100.0,2024-2025
Real Madrid,3,38,38,3420,38.0,38,1.0,126,89,72.2,26,6,6,15,39.5,3,3,0,0,0.0,3,38,38,3420,38.0,78,2.05,242,161,71.9,6,6,26,2,5.3,14,10,3,1,23.1,2024-2025
Real Sociedad,2,38,38,3420,38.0,46,1.21,142,94,71.1,13,7,18,13,34.2,7,5,2,0,28.6,2,38,38,3420,38.0,35,0.92,126,92,75.4,18,7,13,19,50.0,4,4,0,0,0.0,2024-2025
Sevilla,2,38,38,3420,38.0,55,1.45,148,93,66.2,10,11,17,10,26.3,6,5,1,0,16.7,2,38,38,3417,38.0,42,1.11,151,111,73.5,17,11,10,9,23.7,3,2,1,0,33.3,2024-2025
Valencia,2,38,38,3420,38.0,54,1.42,148,95,67.6,11,13,14,8,21.1,9,6,2,1,25.0,2,38,38,3420,38.0,44,1.16,121,78,67.8,14,13,11,10,26.3,5,5,0,0,0.0,2024-2025
Valladolid,3,38,38,3420,38.0,90,2.37,204,115,59.3,4,4,30,5,13.2,7,7,0,0,0.0,3,38,38,3420,38.0,26,0.68,102,76,79.4,30,4,4,16,42.1,5,5,0,0,0.0,2024-2025
Villarreal,2,38,38,3420,38.0,51,1.34,160,110,72.5,20,10,8,7,18.4,8,7,0,1,0.0,2,38,38,3419,38.0,71,1.87,178,107,62.9,8,10,20,6,15.8,7,5,2,0,28.6,2024-2025
Alavés,2,38,38,3420,38.0,46,1.21,147,103,74.1,12,10,16,11,28.9,8,8,0,0,0.0,2,38,38,3417,38.0,36,0.95,142,106,76.8,16,10,12,15,39.5,7,3,3,1,50.0,2023-2024
Almería,3,38,38,3420,38.0,75,1.97,202,126,65.8,3,12,23,6,15.8,9,6,1,2,14.3,3,38,38,3420,38.0,43,1.13,165,123,75.2,23,12,3,12,31.6,2,2,0,0,0.0,2023-2024
Athletic Club,2,38,38,3420,38.0,37,0.97,134,98,73.1,19,11,8,18,47.4,5,1,3,1,75.0,2,38,38,3420,38.0,61,1.61,167,107,65.3,8,11,19,9,23.7,5,3,1,1,25.0,2023-2024
Atlético Madrid,1,38,38,3420,38.0,43,1.13,144,101,70.8,24,4,10,13,34.2,2,1,0,1,0.0,1,38,38,3417,38.0,70,1.84,203,134,68.0,10,4,24,8,21.1,6,5,1,0,16.7,2023-2024
Barcelona,2,38,38,3420,38.0,44,1.16,141,97,70.2,26,7,5,17,44.7,2,2,0,0,0.0,2,38,38,3416,38.0,79,2.08,226,149,67.7,5,7,26,2,5.3,7,6,1,0,14.3,2023-2024
Betis,3,38,38,3420,38.0,45,1.18,158,115,75.9,14,15,9,13,34.2,8,7,1,0,12.5,3,38,38,3420,38.0,48,1.26,153,106,69.9,9,15,14,8,21.1,3,2,1,0,33.3,2023-2024
Cádiz,2,38,38,3420,38.0,55,1.45,175,121,69.7,6,15,17,10,26.3,2,2,0,0,0.0,2,38,38,3420,38.0,26,0.68,123,98,81.3,17,15,6,18,47.4,3,3,0,0,0.0,2023-2024
Celta Vigo,2,38,38,3417,38.0,57,1.5,164,109,68.9,10,11,17,6,15.8,8,6,1,1,14.3,2,38,38,3420,38.0,46,1.21,156,109,72.4,17,11,10,13,34.2,5,3,2,0,40.0,2023-2024
Getafe,2,38,38,3420,38.0,54,1.42,173,118,71.7,10,13,15,10,26.3,7,5,1,1,16.7,2,38,38,3420,38.0,42,1.11,157,114,77.1,15,13,10,15,39.5,7,6,1,0,14.3,2023-2024
Girona,1,38,38,3420,38.0,46,1.21,168,121,75.6,25,6,7,12,31.6,7,5,1,1,16.7,1,38,38,3420,38.0,85,2.24,186,101,58.1,7,6,25,7,18.4,8,7,1,0,12.5,2023-2024
Granada,4,38,38,3420,38.0,79,2.08,203,126,63.5,4,9,25,3,7.9,6,5,0,1,0.0,4,38,38,3420,38.0,38,1.0,129,93,74.4,25,9,4,16,42.1,8,5,1,2,16.7,2023-2024
Las Palmas,2,38,38,3416,38.0,47,1.24,156,109,73.1,10,10,18,8,21.1,9,5,3,1,37.5,2,38,38,3420,38.0,33,0.87,125,90,76.0,18,10,10,17,44.7,5,3,2,0,40.0,2023-2024
Mallorca,3,38,38,3420,38.0,44,1.16,148,104,73.0,8,16,14,10,26.3,5,4,1,0,20.0,3,38,38,3420,38.0,33,0.87,132,99,75.8,14,16,8,15,39.5,3,1,0,2,0.0,2023-2024
Osasuna,2,38,38,3420,38.0,56,1.47,152,95,63.8,12,9,17,10,26.3,2,1,1,0,50.0,2,38,38,3420,38.0,45,1.18,129,83,68.2,17,9,12,10,26.3,5,4,1,0,20.0,2023-2024
Rayo Vallecano,2,38,38,3420,38.0,48,1.26,151,104,68.9,8,14,16,13,34.2,2,1,1,0,50.0,2,38,38,3420,38.0,29,0.76,166,137,86.1,16,14,8,19,50.0,6,6,0,0,0.0,2023-2024
Real Madrid,3,38,38,3420,38.0,26,0.68,118,93,78.8,29,8,1,21,55.3,1,1,0,0,0.0,3,38,38,3420,38.0,87,2.29,246,159,65.4,1,8,29,2,5.3,5,2,2,1,50.0,2023-2024
Real Sociedad,2,38,38,3417,38.0,39,1.03,135,96,75.6,16,12,10,15,39.5,7,6,1,0,14.3,2,38,38,3420,38.0,51,1.34,151,103,68.9,10,12,16,10,26.3,4,4,0,0,0.0,2023-2024
Sevilla,3,38,38,3420,38.0,54,1.42,175,123,72.0,10,11,17,8,21.1,5,5,0,0,0.0,3,38,38,3420,38.0,48,1.26,162,116,71.6,17,11,10,10,26.3,2,2,0,0,0.0,2023-2024
Valencia,3,38,38,3420,38.0,45,1.18,160,114,73.8,13,10,15,13,34.2,6,3,3,0,50.0,3,38,38,3420,38.0,40,1.05,131,92,75.6,15,10,13,13,34.2,9,8,0,1,0.0,2023-2024
Villarreal,2,38,38,3420,38.0,65,1.71,214,150,72.4,14,11,13,6,15.8,6,6,0,0,0.0,2,38,38,3420,38.0,65,1.71,169,104,64.5,13,11,14,4,10.5,7,5,1,1,16.7,2023-2024
Almería,3,38,38,3420,38.0,65,1.71,203,138,70.0,11,8,19,4,10.5,6,4,1,1,20.0,3,38,38,3420,38.0,49,1.29,157,108,70.1,19,8,11,10,26.3,3,2,0,1,0.0,2022-2023
Athletic Club,2,38,38,3420,38.0,43,1.13,123,83,67.5,14,9,15,11,28.9,3,3,0,0,0.0,2,38,38,3420,38.0,47,1.24,164,116,74.4,15,9,14,16,42.1,7,5,2,0,28.6,2022-2023
Atlético Madrid,3,38,38,3420,38.0,33,0.87,128,95,77.3,23,8,7,13,34.2,5,4,0,1,0.0,3,38,38,3420,38.0,70,1.84,196,128,64.8,7,8,23,5,13.2,1,1,0,0,0.0,2022-2023
Barcelona,2,38,38,3420,38.0,20,0.53,102,85,83.3,28,4,6,26,68.4,3,3,0,0,0.0,2,38,38,3420,38.0,70,1.84,187,118,62.6,6,4,28,4,10.5,2,0,0,2,,2022-2023
Betis,2,38,38,3420,38.0,41,1.08,146,106,74.0,17,9,12,13,34.2,3,3,0,0,0.0,2,38,38,3420,38.0,46,1.21,147,103,74.1,12,9,17,13,34.2,9,8,1,0,11.1,2022-2023
Cádiz,2,38,38,3420,38.0,53,1.39,202,148,78.2,10,12,16,13,34.2,10,9,1,0,10.0,2,38,38,3420,38.0,30,0.79,112,83,76.8,16,12,10,17,44.7,5,4,0,1,0.0,2022-2023
Celta Vigo,2,38,38,3420,38.0,53,1.39,134,80,64.2,11,10,17,10,26.3,8,5,2,1,28.6,2,38,38,3420,38.0,43,1.13,163,121,74.8,17,10,11,10,26.3,3,2,1,0,33.3,2022-2023
Elche,2,38,38,3420,38.0,67,1.76,208,140,71.2,5,10,23,4,10.5,10,7,3,0,30.0,2,38,38,3420,38.0,30,0.79,129,98,79.8,23,10,5,16,42.1,5,4,1,0,20.0,2022-2023
Espanyol,4,38,38,3419,38.0,69,1.82,183,115,65.0,8,13,17,6,15.8,6,5,1,0,16.7,4,38,38,3420,38.0,52,1.37,156,105,69.9,17,13,8,4,10.5,5,5,0,0,0.0,2022-2023
Getafe,1,38,38,3420,38.0,45,1.18,166,119,75.3,10,12,16,13,34.2,8,4,4,0,50.0,1,38,38,3420,38.0,34,0.89,123,87,76.4,16,12,10,14,36.8,8,5,2,1,28.6,2022-2023
Girona,2,38,38,3420,38.0,55,1.45,168,112,70.8,13,10,15,4,10.5,8,6,1,1,14.3,2,38,38,3420,38.0,58,1.53,169,113,70.4,15,10,13,8,21.1,9,8,1,0,11.1,2022-2023
Mallorca,3,38,38,3420,38.0,43,1.13,145,101,74.5,14,8,16,13,34.2,7,6,1,0,14.3,3,38,38,3420,38.0,37,0.97,112,75,70.5,16,8,14,13,34.2,5,4,1,0,20.0,2022-2023
Osasuna,2,38,38,3420,38.0,42,1.11,148,107,72.3,15,8,15,11,28.9,4,1,1,2,50.0,2,38,38,3420,38.0,37,0.97,137,101,75.9,15,8,15,15,39.5,5,4,0,1,0.0,2022-2023
Rayo Vallecano,2,38,38,3420,38.0,53,1.39,144,95,66.0,13,10,15,9,23.7,5,4,0,1,0.0,2,38,38,3420,38.0,45,1.18,153,109,73.2,15,10,13,10,26.3,8,4,3,1,42.9,2022-2023
Real Madrid,2,38,38,3420,38.0,36,0.95,136,100,76.5,24,6,8,13,34.2,5,4,1,0,20.0,2,38,38,3419,38.0,75,1.97,217,142,69.6,8,6,24,5,13.2,12,9,2,1,18.2,2022-2023
Real Sociedad,1,38,38,3420,38.0,35,0.92,133,99,74.4,21,8,9,15,39.5,2,1,1,0,50.0,1,38,38,3420,38.0,51,1.34,177,128,72.3,9,8,21,9,23.7,4,2,2,0,50.0,2022-2023
Sevilla,2,38,38,3420,38.0,54,1.42,161,109,67.7,13,10,15,9,23.7,3,2,1,0,33.3,2,38,38,3420,38.0,47,1.24,145,98,70.3,15,10,13,7,18.4,5,4,0,1,0.0,2022-2023
Valencia,1,38,38,3420,38.0,45,1.18,148,105,70.9,11,9,18,7,18.4,5,2,0,3,0.0,1,38,38,3420,38.0,42,1.11,147,105,74.8,18,9,11,12,31.6,8,5,2,1,28.6,2022-2023
Valladolid,3,38,38,3420,38.0,63,1.66,199,134,71.4,11,7,20,9,23.7,10,6,3,1,33.3,3,38,38,3420,38.0,33,0.87,141,108,78.7,20,7,11,18,47.4,4,3,1,0,25.0,2022-2023
Villarreal,3,38,38,3420,38.0,40,1.05,149,110,75.8,19,7,12,12,31.6,4,4,0,0,0.0,3,38,38,3420,38.0,59,1.55,194,135,71.6,12,7,19,9,23.7,7,4,2,1,33.3,2022-2023
Alavés,3,38,38,3420,38.0,65,1.71,168,100,64.9,8,7,23,6,15.8,9,6,3,0,33.3,3,38,38,3420,38.0,31,0.82,118,88,78.8,23,7,8,16,42.1,7,6,1,0,14.3,2021-2022
Athletic Club,2,38,38,3420,38.0,36,0.95,131,96,74.8,14,13,11,13,34.2,3,3,0,0,0.0,2,38,38,3420,38.0,43,1.13,157,113,74.5,11,13,14,14,36.8,7,3,4,0,57.1,2021-2022
Atlético Madrid,1,38,38,3420,38.0,43,1.13,106,65,66.0,21,8,9,12,31.6,8,7,1,0,12.5,1,38,38,3420,38.0,65,1.71,157,93,61.1,9,8,21,7,18.4,5,4,1,0,20.0,2021-2022
Barcelona,2,38,38,3420,38.0,38,1.0,123,84,70.7,21,10,7,11,28.9,3,2,1,0,33.3,2,38,38,3420,38.0,68,1.79,184,115,66.3,7,10,21,8,21.1,7,6,1,0,14.3,2021-2022
Betis,2,38,38,3420,38.0,40,1.05,132,94,72.0,19,8,11,13,34.2,3,3,0,0,0.0,2,38,38,3420,38.0,62,1.63,188,128,70.2,11,8,19,11,28.9,6,6,0,0,0.0,2021-2022
Cádiz,1,38,38,3420,38.0,51,1.34,170,117,76.5,8,15,15,13,34.2,13,11,2,0,15.4,1,38,38,3420,38.0,35,0.92,124,86,74.2,15,15,8,13,34.2,6,3,3,0,50.0,2021-2022
Celta Vigo,1,38,38,3420,38.0,43,1.13,136,91,71.3,12,10,16,14,36.8,8,4,4,0,50.0,1,38,38,3420,38.0,43,1.13,141,96,71.6,16,10,12,15,39.5,6,3,3,0,50.0,2021-2022
Elche,2,38,38,3420,38.0,52,1.37,174,121,74.1,11,9,18,8,21.1,9,7,1,1,12.5,2,38,38,3420,38.0,40,1.05,107,68,63.6,18,9,11,12,31.6,1,1,0,0,0.0,2021-2022
Espanyol,3,38,38,3420,38.0,53,1.39,169,118,71.0,10,12,16,10,26.3,5,4,0,1,0.0,3,38,38,3420,38.0,40,1.05,133,94,73.7,16,12,10,10,26.3,5,5,0,0,0.0,2021-2022
Getafe,2,38,38,3420,38.0,41,1.08,132,91,70.5,8,15,15,14,36.8,4,2,1,1,33.3,2,38,38,3420,38.0,33,0.87,116,83,74.1,15,15,8,18,47.4,5,3,2,0,40.0,2021-2022
Granada,2,38,38,3420,38.0,61,1.61,193,132,72.0,8,14,16,8,21.1,9,7,2,0,22.2,2,38,38,3420,38.0,44,1.16,134,91,69.4,16,14,8,13,34.2,5,3,0,2,0.0,2021-2022
Levante,4,38,38,3420,38.0,76,2.0,203,126,65.0,8,11,19,7,18.4,6,5,1,0,16.7,4,38,38,3420,38.0,51,1.34,158,103,72.8,19,11,8,12,31.6,13,8,4,1,33.3,2021-2022
Mallorca,4,38,38,3420,38.0,63,1.66,152,91,62.5,10,9,19,9,23.7,8,6,2,0,25.0,4,38,38,3420,38.0,36,0.95,138,104,78.3,19,9,10,15,39.5,7,6,1,0,14.3,2021-2022
Osasuna,2,38,38,3420,38.0,51,1.34,151,99,68.9,12,11,15,12,31.6,7,4,3,0,42.9,2,38,38,3420,38.0,37,0.97,122,83,74.6,15,11,12,15,39.5,8,6,2,0,25.0,2021-2022
Rayo Vallecano,2,38,38,3417,38.0,50,1.32,163,112,73.6,11,9,18,9,23.7,9,7,2,0,22.2,2,38,38,3420,38.0,39,1.03,137,99,74.5,18,9,11,14,36.8,4,4,0,0,0.0,2021-2022
Real Madrid,2,38,38,3420,38.0,31,0.82,129,97,78.3,26,8,4,16,42.1,5,3,2,0,40.0,2,38,38,3420,38.0,80,2.11,254,171,71.7,4,8,26,8,21.1,12,8,3,1,27.3,2021-2022
Real Sociedad,2,38,38,3420,38.0,37,0.97,127,89,74.8,17,11,10,20,52.6,6,5,1,0,16.7,2,38,38,3420,38.0,40,1.05,153,112,79.7,10,11,17,11,28.9,10,9,1,0,10.0,2021-2022
Sevilla,3,38,38,3420,38.0,30,0.79,121,90,76.9,18,16,4,17,44.7,4,2,1,1,33.3,3,38,38,3417,38.0,53,1.4,142,90,64.1,4,16,18,7,18.4,3,2,1,0,33.3,2021-2022
Valencia,3,38,38,3420,38.0,53,1.39,163,112,71.8,11,15,12,12,31.6,8,7,1,0,12.5,3,38,38,3420,38.0,48,1.26,138,92,71.0,12,15,11,8,21.1,9,8,1,0,11.1,2021-2022
Villarreal,2,38,38,3420,38.0,37,0.97,128,91,74.2,16,11,11,14,36.8,5,4,1,0,20.0,2,38,38,3420,38.0,63,1.66,170,107,65.9,11,11,16,11,28.9,6,5,1,0,16.7,2021-2022
Alavés,2,38,38,3420,38.0,57,1.5,142,85,62.0,9,11,18,9,23.7,3,3,0,0,0.0,2,38,38,3415,38.0,36,0.95,102,65,69.6,18,11,9,13,34.2,8,5,2,1,28.6,2020-2021
Athletic Club,2,38,38,3420,38.0,42,1.11,111,69,66.7,11,13,14,9,23.7,6,5,1,0,16.7,2,38,38,3420,38.0,46,1.21,133,89,68.4,14,13,11,12,31.6,5,4,1,0,20.0,2020-2021
Atlético Madrid,1,38,38,3420,38.0,25,0.66,122,98,80.3,26,8,4,18,47.4,4,1,2,1,66.7,1,38,38,3420,38.0,67,1.76,184,118,66.3,4,8,26,7,18.4,7,5,1,1,16.7,2020-2021
Barcelona,2,38,38,3420,38.0,38,1.0,130,94,74.6,24,7,7,14,36.8,5,5,0,0,0.0,2,38,38,3420,38.0,85,2.24,238,155,66.0,7,7,24,3,7.9,8,4,3,1,42.9,2020-2021
Betis,2,38,38,3420,38.0,50,1.32,136,87,69.1,17,10,11,13,34.2,10,8,2,0,20.0,2,38,38,3420,38.0,50,1.32,156,103,73.1,11,10,17,9,23.7,11,8,3,0,27.3,2020-2021
Cádiz,3,38,38,3420,38.0,58,1.53,150,91,67.3,11,11,16,10,26.3,10,9,1,0,10.0,3,38,38,3420,38.0,36,0.95,101,68,68.3,16,11,11,13,34.2,4,4,0,0,0.0,2020-2021
Celta Vigo,2,38,38,3418,38.0,57,1.5,138,81,63.8,14,11,13,9,23.7,8,7,1,0,12.5,2,38,38,3420,38.0,55,1.45,140,85,65.7,13,11,14,10,26.3,7,7,0,0,0.0,2020-2021
Eibar,2,38,38,3420,38.0,52,1.37,135,82,63.7,6,12,20,9,23.7,5,3,1,1,25.0,2,38,38,3420,38.0,29,0.76,135,102,81.5,20,12,6,14,36.8,9,4,4,1,50.0,2020-2021
Elche,2,38,38,3420,38.0,55,1.45,163,106,69.9,8,12,18,7,18.4,10,6,3,1,33.3,2,38,38,3420,38.0,34,0.89,88,55,63.6,18,12,8,13,34.2,3,2,0,1,0.0,2020-2021
Getafe,2,38,38,3420,38.0,43,1.13,111,70,67.6,9,11,18,14,36.8,8,7,1,0,12.5,2,38,38,3420,38.0,28,0.74,102,73,75.5,18,11,9,21,55.3,5,3,2,0,40.0,2020-2021
Granada,3,38,38,3420,38.0,65,1.71,170,101,65.3,13,7,18,9,23.7,12,6,5,1,45.5,3,38,38,3420,38.0,47,1.24,125,77,64.8,18,7,13,8,21.1,5,3,1,1,25.0,2020-2021
Huesca,2,38,38,3420,38.0,53,1.39,149,98,67.8,7,13,18,9,23.7,5,5,0,0,0.0,2,38,38,3420,38.0,34,0.89,133,100,76.7,18,13,7,16,42.1,4,3,0,1,0.0,2020-2021
Levante,3,38,38,3420,38.0,57,1.5,163,108,66.9,9,14,15,4,10.5,4,3,0,1,0.0,3,38,38,3420,38.0,46,1.21,131,83,67.2,15,14,9,11,28.9,6,3,3,0,50.0,2020-2021
Osasuna,3,38,38,3415,38.0,48,1.27,142,94,69.7,11,11,16,11,28.9,8,5,2,1,28.6,3,38,38,3420,38.0,37,0.97,120,83,73.3,16,11,11,15,39.5,6,5,1,0,16.7,2020-2021
Real Madrid,1,38,38,3420,38.0,28,0.74,116,88,81.9,25,9,4,17,44.7,8,7,1,0,12.5,1,38,38,3420,38.0,67,1.76,170,106,62.4,4,9,25,5,13.2,3,3,0,0,0.0,2020-2021
Real Sociedad,1,38,38,3420,38.0,38,1.0,105,67,66.7,17,11,10,14,36.8,5,3,1,1,25.0,1,38,38,3420,38.0,59,1.55,150,90,66.7,10,11,17,6,15.8,12,9,2,1,18.2,2020-2021
Sevilla,2,38,38,3420,38.0,33,0.87,120,87,75.8,24,5,9,17,44.7,6,4,2,0,33.3,2,38,38,3420,38.0,53,1.39,142,89,66.9,9,5,24,7,18.4,7,6,1,0,14.3,2020-2021
Valencia,2,38,38,3420,38.0,53,1.39,175,121,72.6,10,13,15,7,18.4,8,5,3,0,37.5,2,38,38,3418,38.0,50,1.32,138,89,69.6,15,13,10,9,23.7,10,8,1,1,11.1,2020-2021
Valladolid,2,38,38,3420,38.0,57,1.5,161,104,68.3,5,16,17,3,7.9,7,6,0,1,0.0,2,38,38,3420,38.0,34,0.89,118,83,77.1,17,16,5,14,36.8,8,7,1,0,12.5,2020-2021
Villarreal,2,38,38,3420,38.0,44,1.16,126,83,70.6,15,13,10,10,26.3,9,7,1,1,12.5,2,38,38,3420,38.0,60,1.58,159,101,69.8,10,13,15,7,18.4,13,12,1,0,7.7,2020-2021
Alavés,3,38,38,3418,38.0,59,1.55,161,99,70.8,10,9,19,9,23.7,15,12,3,0,20.0,3,38,38,3420,38.0,34,0.89,104,70,73.1,19,9,10,14,36.8,6,6,0,0,0.0,2019-2020
Athletic Club,2,38,38,3416,38.0,38,1.0,128,92,74.2,13,12,13,12,31.6,7,5,0,2,0.0,2,38,38,3420,38.0,41,1.08,136,94,75.7,13,12,13,13,34.2,10,8,2,0,20.0,2019-2020
Atlético Madrid,2,38,38,3420,38.0,27,0.71,112,88,78.6,18,16,4,17,44.7,4,3,0,1,0.0,2,38,38,3419,38.0,51,1.34,144,92,68.8,4,16,18,9,23.7,8,6,2,0,25.0,2019-2020
Barcelona,2,38,38,3420,38.0,38,1.0,119,80,73.1,25,7,6,15,39.5,7,6,1,0,14.3,2,38,38,3420,38.0,86,2.26,219,135,63.5,6,7,25,6,15.8,6,6,0,0,0.0,2019-2020
Betis,2,38,38,3418,38.0,60,1.58,154,95,68.2,10,11,17,6,15.8,11,11,0,0,0.0,2,38,38,3420,38.0,48,1.26,159,110,73.6,17,11,10,10,26.3,8,6,1,1,14.3,2019-2020
Celta Vigo,3,38,38,3420,38.0,49,1.29,149,100,70.5,7,16,15,12,31.6,5,5,0,0,0.0,3,38,38,3420,38.0,37,0.97,140,100,77.9,15,16,7,14,36.8,9,6,3,0,33.3,2019-2020
Eibar,2,38,38,3420,38.0,56,1.47,138,81,62.3,11,9,18,11,28.9,6,4,2,0,33.3,2,38,38,3420,38.0,39,1.03,142,101,77.5,18,9,11,15,39.5,10,7,3,0,30.0,2019-2020
Espanyol,2,38,38,3412,38.0,58,1.53,163,106,68.1,5,10,23,6,15.8,7,6,1,0,14.3,2,38,38,3418,38.0,27,0.71,124,99,81.5,23,10,5,18,47.4,4,4,0,0,0.0,2019-2020
Getafe,1,38,38,3420,38.0,37,0.97,109,73,70.6,14,12,12,15,39.5,6,5,1,0,16.7,1,38,38,3420,38.0,43,1.13,127,85,70.9,12,12,14,14,36.8,7,6,0,1,0.0,2019-2020
Granada,2,38,38,3420,38.0,45,1.18,156,110,73.7,16,8,14,13,34.2,5,4,1,0,20.0,2,38,38,3420,38.0,52,1.37,123,73,61.8,14,8,16,10,26.3,5,5,0,0,0.0,2019-2020
Leganés,2,38,38,3419,38.0,51,1.34,138,87,67.4,8,12,18,9,23.7,7,6,1,0,14.3,2,38,38,3416,38.0,30,0.79,148,116,81.8,18,12,8,16,42.1,4,3,1,0,25.0,2019-2020
Levante,2,38,38,3420,38.0,53,1.39,215,161,76.7,14,7,17,6,15.8,6,3,2,1,40.0,2,38,38,3420,38.0,47,1.24,138,93,69.6,17,7,14,11,28.9,5,5,0,0,0.0,2019-2020
Mallorca,3,38,38,3420,38.0,65,1.71,190,125,73.7,9,6,23,5,13.2,16,15,1,0,6.3,3,38,38,3420,38.0,40,1.05,127,87,74.8,23,6,9,18,47.4,10,8,1,1,11.1,2019-2020
Osasuna,3,38,38,3418,38.0,54,1.42,143,89,65.7,13,13,12,11,28.9,5,5,0,0,0.0,3,38,38,3412,38.0,46,1.21,150,104,74.7,12,13,13,12,31.6,8,8,0,0,0.0,2019-2020
Real Madrid,2,38,38,3420,38.0,25,0.66,110,85,79.1,26,9,3,19,50.0,2,2,0,0,0.0,2,38,38,3420,38.0,70,1.84,233,164,74.7,3,9,26,6,15.8,11,11,0,0,0.0,2019-2020
Real Sociedad,2,38,38,3420,38.0,48,1.26,144,96,71.5,16,8,14,9,23.7,9,7,1,1,12.5,2,38,38,3420,38.0,56,1.47,144,89,63.9,14,8,16,7,18.4,5,4,1,0,20.0,2019-2020
Sevilla,2,38,38,3420,38.0,34,0.89,117,83,73.5,19,13,6,17,44.7,4,3,1,0,25.0,2,38,38,3418,38.0,54,1.42,171,118,72.5,6,13,19,4,10.5,7,7,0,0,0.0,2019-2020
Valencia,2,38,38,3420,38.0,53,1.39,190,136,75.8,14,11,13,8,21.1,9,7,2,0,22.2,2,38,38,3420,38.0,46,1.21,118,71,65.3,13,11,14,9,23.7,8,5,2,1,28.6,2019-2020
Valladolid,3,38,38,3420,38.0,43,1.13,139,95,74.1,9,15,14,12,31.6,8,7,1,0,12.5,3,38,38,3418,38.0,32,0.84,121,88,76.0,14,15,9,15,39.5,6,3,2,1,40.0,2019-2020
Villarreal,2,38,38,3420,38.0,49,1.29,164,116,75.0,18,6,14,12,31.6,9,8,1,0,11.1,2,38,38,3420,38.0,63,1.66,171,108,69.0,14,6,18,3,7.9,11,10,1,0,9.1,2019-2020
Alavés,2,38,38,3420,38.0,50,1.32,167,119,73.7,13,11,14,8,21.1,6,6,0,0,0.0,2,38,38,3420,38.0,39,1.03,119,79,68.9,14,11,13,13,34.2,2,2,0,0,0.0,2018-2019
Athletic Club,2,38,38,3420,38.0,45,1.18,120,75,66.7,13,14,11,10,26.3,5,5,0,0,0.0,2,38,38,3420,38.0,41,1.08,139,98,74.1,11,14,13,11,28.9,7,5,2,0,28.6,2018-2019
Atlético Madrid,2,38,38,3420,38.0,29,0.76,136,109,82.4,22,10,6,20,52.6,5,5,0,0,0.0,2,38,38,3420,38.0,55,1.45,159,105,67.3,6,10,22,6,15.8,4,3,1,0,25.0,2018-2019
Barcelona,2,38,38,3420,38.0,36,0.95,130,95,73.8,26,9,3,17,44.7,2,2,0,0,0.0,2,38,38,3420,38.0,90,2.37,251,162,67.3,3,9,26,3,7.9,9,8,1,0,11.1,2018-2019
Betis,2,38,38,3420,38.0,52,1.37,155,102,69.0,14,8,16,11,28.9,5,4,1,0,20.0,2,38,38,3420,38.0,44,1.16,163,118,76.1,16,8,14,10,26.3,7,5,2,0,28.6,2018-2019
Celta Vigo,2,38,38,3420,38.0,62,1.63,167,106,66.5,10,11,17,8,21.1,7,6,0,1,0.0,2,38,38,3420,38.0,53,1.39,159,107,71.1,17,11,10,9,23.7,7,7,0,0,0.0,2018-2019
Eibar,2,38,38,3420,38.0,50,1.32,132,82,64.4,11,14,13,9,23.7,4,3,1,0,25.0,2,38,38,3420,38.0,46,1.21,154,108,74.7,13,14,11,11,28.9,8,7,0,1,0.0,2018-2019
Espanyol,1,38,38,3420,38.0,50,1.32,167,117,73.7,14,11,13,10,26.3,8,6,2,0,25.0,1,38,38,3419,38.0,48,1.26,158,115,72.2,13,11,14,7,18.4,4,4,0,0,0.0,2018-2019
Getafe,2,38,38,3420,38.0,35,0.92,134,99,76.9,15,14,9,13,34.2,6,4,1,1,20.0,2,38,38,3420,38.0,48,1.26,128,81,67.2,9,14,15,11,28.9,6,6,0,0,0.0,2018-2019
Girona,2,38,38,3420,38.0,53,1.39,206,154,78.2,9,10,19,9,23.7,8,8,0,0,0.0,2,38,38,3420,38.0,37,0.97,143,106,78.3,19,10,9,14,36.8,6,6,0,0,0.0,2018-2019
Huesca,3,38,38,3420,38.0,65,1.71,174,112,67.8,7,12,19,6,15.8,9,9,0,0,0.0,3,38,38,3420,38.0,43,1.13,146,102,74.7,19,12,7,13,34.2,7,6,1,0,14.3,2018-2019
Leganés,2,38,38,3420,38.0,43,1.13,134,91,70.1,11,12,15,11,28.9,4,3,1,0,25.0,2,38,38,3420,38.0,37,0.97,132,94,74.2,15,12,11,13,34.2,5,3,1,1,25.0,2018-2019
Levante,3,38,38,3420,38.0,66,1.74,226,161,74.3,11,11,16,7,18.4,9,8,1,0,11.1,3,38,38,3420,38.0,59,1.55,161,103,66.5,16,11,11,9,23.7,7,5,2,0,28.6,2018-2019
Rayo Vallecano,2,38,38,3420,38.0,70,1.84,182,109,65.4,8,8,22,7,18.4,11,7,4,0,36.4,2,38,38,3420,38.0,41,1.08,149,109,75.8,22,8,8,9,23.7,5,5,0,0,0.0,2018-2019
Real Madrid,3,38,38,3420,38.0,46,1.21,138,91,71.0,21,5,12,12,31.6,8,6,1,1,14.3,3,38,38,3420,38.0,63,1.66,212,151,74.5,12,5,21,9,23.7,9,9,0,0,0.0,2018-2019
Real Sociedad,2,38,38,3420,38.0,46,1.21,142,97,69.0,13,11,14,9,23.7,3,2,1,0,33.3,2,38,38,3420,38.0,45,1.18,143,97,74.1,14,11,13,13,34.2,10,8,2,0,20.0,2018-2019
Sevilla,3,38,38,3419,38.0,47,1.24,156,108,73.7,17,8,13,10,26.3,7,6,1,0,14.3,3,38,38,3420,38.0,62,1.63,173,112,67.1,13,8,17,12,31.6,6,5,1,0,16.7,2018-2019
Valencia,2,38,38,3420,38.0,35,0.92,152,118,81.6,15,16,7,13,34.2,8,7,1,0,12.5,2,38,38,3420,38.0,51,1.34,164,112,72.0,7,16,15,11,28.9,7,5,2,0,28.6,2018-2019
Valladolid,2,38,38,3420,38.0,51,1.34,155,102,71.0,10,11,17,9,23.7,9,6,3,0,33.3,2,38,38,3420,38.0,32,0.84,131,98,78.6,17,11,10,17,44.7,7,4,2,1,33.3,2018-2019
Villarreal,2,38,38,3420,38.0,52,1.37,185,135,73.5,10,14,14,11,28.9,5,3,1,1,25.0,2,38,38,3420,38.0,49,1.29,174,125,73.6,14,14,10,9,23.7,6,3,2,1,40.0,2018-2019
Alavés,2,38,38,3420,38.0,50,1.32,172,122,75.0,15,2,21,12,31.6,10,7,2,1,22.2,2,38,38,3420,38.0,40,1.05,136,95,71.3,21,2,15,13,34.2,3,1,1,1,50.0,2017-2018
Athletic Club,2,38,38,3420,38.0,49,1.29,166,117,72.3,10,13,15,11,28.9,6,3,3,0,50.0,2,38,38,3420,38.0,41,1.08,150,109,76.7,15,13,10,12,31.6,8,6,2,0,25.0,2017-2018
Atlético Madrid,2,38,38,3420,38.0,22,0.58,129,105,83.7,23,10,5,23,60.5,4,1,3,0,75.0,2,38,38,3420,38.0,58,1.53,152,94,64.5,5,10,23,8,21.1,5,4,1,0,20.0,2017-2018
Barcelona,2,38,38,3420,38.0,29,0.76,133,104,79.7,28,9,1,19,50.0,2,2,0,0,0.0,2,38,38,3420,38.0,99,2.61,269,171,64.3,1,9,28,1,2.6,5,3,2,0,40.0,2017-2018
Betis,3,38,38,3420,38.0,61,1.61,156,98,62.8,18,6,14,13,34.2,4,3,1,0,25.0,3,38,38,3420,38.0,60,1.58,163,106,64.4,14,6,18,11,28.9,3,2,1,0,33.3,2017-2018
Celta Vigo,3,38,38,3416,38.0,60,1.58,161,102,65.2,13,10,15,7,18.4,5,4,0,1,0.0,3,38,38,3420,38.0,59,1.55,160,102,64.4,15,10,13,8,21.1,3,2,1,0,33.3,2017-2018
Eibar,3,38,38,3420,38.0,50,1.32,134,87,65.7,14,9,15,11,28.9,4,4,0,0,0.0,3,38,38,3415,38.0,44,1.16,133,90,68.4,15,9,14,15,39.5,3,2,0,1,0.0,2017-2018
Espanyol,2,38,38,3420,38.0,42,1.11,164,122,76.8,12,13,13,12,31.6,6,4,2,0,33.3,2,38,38,3420,38.0,36,0.95,131,97,74.0,13,13,12,15,39.5,3,2,1,0,33.3,2017-2018
Getafe,2,38,38,3420,38.0,33,0.87,130,96,76.2,15,10,13,14,36.8,4,2,1,1,33.3,2,38,38,3420,38.0,42,1.11,132,86,72.0,13,10,15,13,34.2,12,5,5,2,50.0,2017-2018
Girona,2,38,38,3420,38.0,59,1.55,175,119,68.6,14,9,15,11,28.9,5,4,0,1,0.0,2,38,38,3420,38.0,50,1.32,156,105,71.8,15,9,14,10,26.3,8,6,1,1,14.3,2017-2018
La Coruña,5,38,38,3415,38.0,76,2.0,179,105,59.8,6,11,21,6,15.8,5,4,1,0,20.0,5,38,38,3420,38.0,38,1.0,138,98,74.6,21,11,6,14,36.8,5,3,2,0,40.0,2017-2018
Las Palmas,2,38,38,3420,38.0,74,1.95,215,142,67.9,5,7,26,5,13.2,5,5,0,0,0.0,2,38,38,3416,38.0,24,0.63,127,101,85.8,26,7,5,20,52.6,8,6,2,0,25.0,2017-2018
Leganés,3,38,38,3420,38.0,51,1.34,156,104,71.2,12,7,19,14,36.8,7,6,1,0,14.3,3,38,38,3420,38.0,34,0.89,128,95,75.0,19,7,12,17,44.7,3,2,1,0,33.3,2017-2018
Levante,3,38,38,3420,38.0,58,1.53,183,127,71.0,11,13,14,10,26.3,6,5,0,1,0.0,3,38,38,3420,38.0,44,1.16,123,81,68.3,14,13,11,13,34.2,5,5,0,0,0.0,2017-2018
Málaga,2,38,38,3420,38.0,61,1.61,170,108,67.6,5,5,28,6,15.8,7,6,1,0,14.3,2,38,38,3420,38.0,24,0.63,114,89,82.5,28,5,5,23,60.5,6,4,2,0,33.3,2017-2018
Real Madrid,3,38,38,3420,38.0,44,1.16,144,100,70.8,22,10,6,10,26.3,4,2,2,0,50.0,3,38,38,3420,38.0,94,2.47,276,184,68.8,6,10,22,6,15.8,10,8,1,1,11.1,2017-2018
Real Sociedad,3,38,38,3420,38.0,59,1.55,149,90,64.4,14,7,17,10,26.3,8,6,2,0,25.0,3,38,38,3420,38.0,66,1.74,170,105,63.5,17,7,14,9,23.7,5,4,0,1,0.0,2017-2018
Sevilla,2,38,38,3420,38.0,58,1.53,150,92,64.7,17,7,14,14,36.8,8,5,1,2,16.7,2,38,38,3420,38.0,49,1.29,179,130,74.9,14,7,17,9,23.7,5,4,1,0,20.0,2017-2018
Valencia,2,38,38,3420,38.0,38,1.0,164,124,78.7,22,7,9,12,31.6,5,3,2,0,40.0,2,38,38,3420,38.0,65,1.71,183,120,68.9,9,7,22,6,15.8,8,8,0,0,0.0,2017-2018
Villarreal,3,38,38,3420,38.0,50,1.32,157,104,71.3,18,7,13,11,28.9,8,5,3,0,37.5,3,38,38,3420,38.0,57,1.5,167,110,68.3,13,7,18,8,21.1,5,4,1,0,20.0,2017-2018
Athletic Club,2,30,30,2700,30.0,32,1.07,125,96,75.2,16,3,11,12,40.0,1,1,0,0,0.0,2,30,30,2700,30.0,40,1.33,100,62,64.0,11,3,16,8,26.7,4,4,0,0,0.0,2024-2025-femenino
Atlético Madrid,2,30,30,2700,30.0,23,0.77,102,80,78.4,16,10,4,18,60.0,1,1,0,0,0.0,2,30,30,2700,30.0,49,1.63,159,113,70.4,4,10,16,6,20.0,2,2,0,0,0.0,2024-2025-femenino
Barcelona,3,30,30,2700,30.0,16,0.53,47,31,66.0,28,0,2,17,56.7,0,0,0,0,,3,30,30,2698,30.0,128,4.27,328,201,63.1,2,0,28,0,0.0,7,7,0,0,0.0,2024-2025-femenino
Dep La Coruña,3,30,30,2698,30.0,48,1.6,182,135,74.2,6,9,15,8,26.7,1,1,0,0,0.0,3,30,30,2698,30.0,27,0.9,116,89,77.6,15,9,6,12,40.0,2,1,1,0,50.0,2024-2025-femenino
Eibar,3,30,30,2697,30.0,41,1.37,148,107,73.6,10,8,12,12,40.0,2,2,0,0,0.0,3,30,30,2700,30.0,24,0.8,84,59,75.0,12,8,10,11,36.7,4,3,1,0,25.0,2024-2025-femenino
Espanyol,3,30,30,2700,30.0,50,1.67,154,104,70.1,7,11,12,9,30.0,6,4,2,0,33.3,3,30,30,2700,30.0,29,0.97,95,66,70.5,12,11,7,10,33.3,2,1,1,0,50.0,2024-2025-femenino
Granada,3,30,30,2700,30.0,45,1.5,141,98,69.5,14,3,13,9,30.0,3,2,0,1,0.0,3,30,30,2700,30.0,42,1.4,114,73,66.7,13,3,14,8,26.7,4,4,0,0,0.0,2024-2025-femenino
Levante,2,30,30,2697,30.0,45,1.5,138,91,68.1,8,7,15,6,20.0,4,1,2,1,66.7,2,30,30,2697,30.0,30,1.0,121,90,76.9,15,7,8,11,36.7,2,2,0,0,0.0,2024-2025-femenino
Levante Planas,2,30,30,2700,30.0,45,1.5,107,63,59.8,6,10,14,7,23.3,2,2,0,0,0.0,2,30,30,2700,30.0,24,0.8,120,95,84.2,14,10,6,12,40.0,6,5,1,0,16.7,2024-2025-femenino
Madrid CFF,2,30,30,2700,30.0,62,2.07,148,87,60.8,9,6,15,2,6.7,4,4,0,0,0.0,2,30,30,2700,30.0,37,1.23,128,92,71.9,15,6,9,10,33.3,1,1,0,0,0.0,2024-2025-femenino
Real Betis,2,30,30,2698,30.0,67,2.23,187,121,66.8,6,5,19,4,13.3,6,5,1,0,16.7,2,30,30,2700,30.0,24,0.8,93,70,76.3,19,5,6,16,53.3,2,2,0,0,0.0,2024-2025-femenino
Real Madrid,3,30,30,2700,30.0,28,0.93,83,58,72.3,24,4,2,10,33.3,5,5,0,0,0.0,3,30,30,2691,30.0,87,2.91,231,146,64.1,2,4,24,2,6.7,8,4,2,2,33.3,2024-2025-femenino
Real Sociedad,3,30,30,2698,30.0,45,1.5,130,87,70.0,12,5,13,11,36.7,6,6,0,0,0.0,3,30,30,2700,30.0,40,1.33,142,103,72.5,13,5,12,9,30.0,2,1,1,0,50.0,2024-2025-femenino
Sevilla,2,30,30,2694,30.0,47,1.57,159,110,71.1,10,6,14,9,30.0,3,1,2,0,66.7,2,30,30,2698,30.0,32,1.07,96,65,67.7,14,6,10,11,36.7,1,1,0,0,0.0,2024-2025-femenino
UDG Tenerife,2,30,30,2700,30.0,36,1.2,135,98,75.6,11,9,10,10,33.3,4,3,1,0,25.0,2,30,30,2700,30.0,40,1.33,125,85,70.4,10,9,11,10,33.3,4,3,1,0,25.0,2024-2025-femenino
Valencia,2,30,30,2700,30.0,47,1.57,172,124,75.6,5,8,17,4,13.3,7,5,2,0,28.6,2,30,30,2700,30.0,24,0.8,106,81,79.2,17,8,5,12,40.0,4,2,2,0,50.0,2024-2025-femenino
