Squad,Unnamed: 1_level_0 # Pl_for,Unnamed: 2_level_0 Age_for,Playing Time MP_for,Playing Time Min_for,Playing Time Mn/MP_for,Playing Time Min%_for,Playing Time 90s_for,Starts Starts_for,Starts Mn/Start_for,Starts Compl_for,Subs Subs_for,Subs Mn/Sub_for,Subs unSub_for,Team Success PPM_for,Team Success onG_for,Team Success onGA_for,Team Success +/-_for,Team Success +/-90_for,Team Success (xG) onxG_for,Team Success (xG) onxGA_for,Team Success (xG) xG+/-_for,Team Success (xG) xG+/-90_for,Unnamed: 1_level_0 # Pl_against,Unnamed: 2_level_0 Age_against,Playing Time MP_against,Playing Time Min_against,Playing Time Mn/MP_against,Playing Time Min%_against,Playing Time 90s_against,Starts Starts_against,Starts Mn/Start_against,Starts Compl_against,Subs Subs_against,Subs Mn/Sub_against,Subs unSub_against,Team Success PPM_against,Team Success onG_against,Team Success onGA_against,Team Success +/-_against,Team Success +/-90_against,Team Success (xG) onxG_against,Team Success (xG) onxGA_against,Team Success (xG) xG+/-_against,Team Success (xG) xG+/-90_against,Season
Arsenal,25,25.8,38,3420,90,100,38.0,418,83,272.0,142,18,200,1.95,69,34,35,0.92,59.9,34.4,25.5,0.67,25,26.1,38,3420,90,100,38.0,418,83,259.0,157,21,185,0.68,34,69,-35,-0.92,34.4,59.9,-25.5,-0.67,2024-2025 Premier League
Aston Villa,28,27.0,38,3420,90,100,38.0,418,80,246.0,170,23,170,1.74,58,51,7,0.18,56.1,50.1,5.9,0.16,28,26.3,38,3420,90,100,38.0,418,80,263.0,157,18,185,1.03,51,58,-7,-0.18,50.1,56.1,-5.9,-0.16,2024-2025 Premier League
Bournemouth,29,25.1,38,3420,90,100,38.0,418,83,254.0,162,18,180,1.47,58,46,12,0.32,64.0,48.5,15.5,0.41,29,26.4,38,3420,90,100,38.0,418,83,254.0,160,20,182,1.24,46,58,-12,-0.32,48.5,64.0,-15.5,-0.41,2024-2025 Premier League
Brentford,28,25.8,38,3420,90,100,38.0,418,85,277.0,142,15,200,1.47,66,57,9,0.24,59.0,55.4,3.6,0.09,28,26.4,38,3420,90,100,38.0,418,85,251.0,165,20,177,1.32,57,66,-9,-0.24,55.4,59.0,-3.6,-0.09,2024-2025 Premier League
Brighton,32,24.8,38,3420,90,100,38.0,418,82,231.0,184,18,158,1.61,66,59,7,0.18,58.7,54.6,4.1,0.11,32,26.2,38,3420,90,100,38.0,418,82,254.0,163,20,179,1.05,59,66,-7,-0.18,54.6,58.7,-4.1,-0.11,2024-2025 Premier League
Chelsea,29,23.7,38,3420,90,100,38.0,418,83,277.0,140,19,202,1.82,64,43,21,0.55,67.8,47.3,20.5,0.54,29,26.5,38,3420,90,100,38.0,418,83,263.0,154,19,188,0.95,43,64,-21,-0.55,47.3,67.8,-20.5,-0.54,2024-2025 Premier League
Crystal Palace,29,26.2,38,3420,90,100,38.0,418,83,268.0,148,18,192,1.39,51,51,0,0.0,60.4,49.1,11.3,0.3,29,26.1,38,3420,90,100,38.0,418,83,259.0,156,20,186,1.24,51,51,0,0.0,49.1,60.4,-11.3,-0.3,2024-2025 Premier League
Everton,26,28.0,38,3420,90,100,38.0,418,84,286.0,130,19,211,1.26,42,44,-2,-0.05,41.8,46.2,-4.5,-0.12,26,26.2,38,3420,90,100,38.0,418,84,266.0,151,18,190,1.34,44,42,2,0.05,46.2,41.8,4.5,0.12,2024-2025 Premier League
Fulham,26,28.1,38,3420,90,100,38.0,418,83,239.0,179,17,163,1.42,54,54,0,0.0,49.0,47.2,1.8,0.05,26,26.3,38,3420,90,100,38.0,418,83,258.0,160,18,181,1.34,54,54,0,0.0,47.2,49.0,-1.8,-0.05,2024-2025 Premier League
Ipswich Town,32,25.8,38,3420,90,100,38.0,418,82,237.0,178,17,164,0.58,36,82,-46,-1.21,34.4,72.7,-38.3,-1.01,32,26.3,38,3420,90,100,38.0,418,82,255.0,162,18,178,2.16,82,36,46,1.21,72.7,34.4,38.3,1.01,2024-2025 Premier League
Leicester City,32,26.6,38,3420,90,100,38.0,418,82,250.0,168,19,174,0.66,33,80,-47,-1.24,32.6,71.9,-39.3,-1.03,32,26.3,38,3420,90,100,38.0,418,82,253.0,165,17,175,2.16,80,33,47,1.24,71.9,32.6,39.3,1.03,2024-2025 Premier League
Liverpool,24,27.2,38,3420,90,100,38.0,418,82,252.0,165,20,177,2.21,86,41,45,1.18,82.2,38.6,43.6,1.15,24,26.1,38,3420,90,100,38.0,418,82,257.0,160,20,179,0.55,41,86,-45,-1.18,38.6,82.2,-43.6,-1.15,2024-2025 Premier League
Manchester City,30,26.8,38,3420,90,100,38.0,418,85,286.0,131,16,207,1.87,72,44,28,0.74,68.1,47.7,20.4,0.54,30,26.2,38,3420,90,100,38.0,418,85,255.0,161,18,180,0.92,44,72,-28,-0.74,47.7,68.1,-20.4,-0.54,2024-2025 Premier League
Manchester Utd,31,25.5,38,3420,90,100,38.0,418,81,256.0,161,23,180,1.11,44,54,-10,-0.26,52.6,53.8,-1.3,-0.03,31,26.4,38,3420,90,100,38.0,418,81,256.0,159,17,183,1.66,54,44,10,0.26,53.8,52.6,1.3,0.03,2024-2025 Premier League
Newcastle Utd,24,27.4,38,3420,90,100,38.0,418,83,254.0,163,18,179,1.74,68,47,21,0.55,63.8,45.5,18.3,0.48,24,26.3,38,3420,90,100,38.0,418,83,254.0,161,19,180,1.11,47,68,-21,-0.55,45.5,63.8,-18.3,-0.48,2024-2025 Premier League
Nott'ham Forest,23,26.1,38,3420,90,100,38.0,418,83,249.0,167,18,174,1.71,58,46,12,0.32,45.5,48.9,-3.4,-0.09,23,26.2,38,3420,90,100,38.0,418,83,255.0,162,20,180,1.08,46,58,-12,-0.32,48.9,45.5,3.4,0.09,2024-2025 Premier League
Southampton,36,25.2,38,3420,90,100,38.0,418,80,237.0,180,22,162,0.32,26,86,-60,-1.58,32.7,84.8,-52.1,-1.37,36,26.2,38,3420,90,100,38.0,418,80,249.0,168,19,172,2.53,86,26,60,1.58,84.8,32.7,52.1,1.37,2024-2025 Premier League
Tottenham,31,25.0,38,3420,90,100,38.0,418,82,261.0,158,22,183,1.0,64,65,-1,-0.03,58.8,63.3,-4.5,-0.12,31,26.2,38,3420,90,100,38.0,418,82,259.0,158,18,184,1.87,65,64,1,0.03,63.3,58.8,4.5,0.12,2024-2025 Premier League
West Ham,27,28.1,38,3420,90,100,38.0,418,81,243.0,172,22,170,1.13,46,62,-16,-0.42,47.0,59.7,-12.7,-0.33,27,26.1,38,3420,90,100,38.0,418,81,256.0,162,18,180,1.61,62,46,16,0.42,59.7,47.0,12.7,0.33,2024-2025 Premier League
Wolves,32,26.9,38,3420,90,100,38.0,418,83,250.0,167,18,174,1.11,54,69,-15,-0.39,43.7,58.1,-14.5,-0.38,32,26.2,38,3420,90,100,38.0,418,83,249.0,166,20,176,1.74,69,54,15,0.39,58.1,43.7,14.5,0.38,2024-2025 Premier League
Atalanta,32,27.1,38,3420,90,100,38.0,418,79,233.0,185,24,250,1.95,78,37,41,1.08,65.0,38.6,26.4,0.69,32,26.2,38,3420,90,100,38.0,418,79,242.0,175,22,289,0.84,37,78,-41,-1.08,38.6,65.0,-26.4,-0.69,2024-2025 Serie A
Bologna,30,26.4,38,3420,90,100,38.0,418,80,230.0,185,21,335,1.63,57,47,10,0.26,49.3,36.7,12.6,0.33,30,26.3,38,3420,90,100,38.0,418,80,240.0,178,21,286,1.0,47,57,-10,-0.26,36.7,49.3,-12.6,-0.33,2024-2025 Serie A
Cagliari,28,26.6,38,3420,90,100,38.0,418,80,233.0,182,22,307,0.95,40,56,-16,-0.42,42.7,55.3,-12.6,-0.33,28,26.4,38,3420,90,100,38.0,418,80,235.0,181,21,284,1.82,56,40,16,0.42,55.3,42.7,12.6,0.33,2024-2025 Serie A
Como,38,26.3,38,3420,90,100,38.0,418,81,229.0,187,18,308,1.29,49,52,-3,-0.08,45.4,43.0,2.4,0.06,38,26.3,38,3420,90,100,38.0,418,81,233.0,183,23,286,1.45,52,49,3,0.08,43.0,45.4,-2.4,-0.06,2024-2025 Serie A
Empoli,34,25.4,38,3420,90,100,38.0,418,82,245.0,169,19,292,0.82,33,59,-26,-0.68,32.5,50.1,-17.6,-0.46,34,26.5,38,3420,90,100,38.0,418,82,240.0,175,23,306,1.84,59,33,26,0.68,50.1,32.5,17.6,0.46,2024-2025 Serie A
Fiorentina,34,26.3,37,3419,92,100,38.0,407,82,236.0,172,20,253,1.68,57,41,16,0.42,48.9,42.8,6.1,0.16,34,26.3,37,3419,92,100,38.0,407,82,236.0,168,22,283,1.11,41,57,-16,-0.42,42.8,48.9,-6.1,-0.16,2024-2025 Serie A
Genoa,37,26.2,38,3420,90,100,38.0,418,81,249.0,170,22,319,1.13,37,49,-12,-0.32,37.2,47.2,-10.0,-0.26,37,26.3,38,3420,90,100,38.0,418,81,243.0,175,21,292,1.53,49,37,12,0.32,47.2,37.2,10.0,0.26,2024-2025 Serie A
Hellas Verona,32,25.1,38,3420,90,100,38.0,418,80,231.0,180,23,368,0.97,34,66,-32,-0.84,33.8,53.4,-19.6,-0.51,32,26.2,38,3420,90,100,38.0,418,80,237.0,180,20,277,1.84,66,34,32,0.84,53.4,33.8,19.6,0.51,2024-2025 Serie A
Inter,26,29.4,37,3419,92,100,38.0,407,80,225.0,183,22,273,2.19,79,32,47,1.24,66.9,36.4,30.5,0.8,26,26.2,37,3419,92,100,38.0,407,80,236.0,168,21,280,0.57,32,79,-47,-1.24,36.4,66.9,-30.5,-0.8,2024-2025 Serie A
Juventus,29,24.6,38,3420,90,100,38.0,418,82,255.0,164,20,203,1.84,58,35,23,0.61,51.0,34.0,16.9,0.45,29,26.4,38,3420,90,100,38.0,418,82,240.0,180,21,287,0.74,35,58,-23,-0.61,34.0,51.0,-16.9,-0.45,2024-2025 Serie A
Lazio,27,27.1,38,3420,90,100,38.0,418,80,239.0,174,22,244,1.71,61,49,12,0.32,57.2,37.7,19.5,0.51,27,26.2,38,3420,90,100,38.0,418,80,233.0,176,21,293,1.0,49,61,-12,-0.32,37.7,57.2,-19.5,-0.51,2024-2025 Serie A
Lecce,31,26.1,38,3420,90,100,38.0,418,80,245.0,168,24,339,0.89,27,58,-31,-0.82,34.6,57.1,-22.5,-0.59,31,26.4,38,3420,90,100,38.0,418,80,236.0,179,22,284,1.84,58,27,31,0.82,57.1,34.6,22.5,0.59,2024-2025 Serie A
Milan,35,25.6,38,3420,90,100,38.0,418,81,249.0,166,22,282,1.66,61,43,18,0.47,63.7,41.3,22.4,0.59,35,26.4,38,3420,90,100,38.0,418,81,237.0,180,19,289,1.11,43,61,-18,-0.47,41.3,63.7,-22.4,-0.59,2024-2025 Serie A
Monza,36,26.8,38,3420,90,100,38.0,418,81,243.0,172,20,310,0.47,28,69,-41,-1.08,29.9,54.7,-24.8,-0.65,36,26.2,38,3420,90,100,38.0,418,81,244.0,175,21,298,2.29,69,28,41,1.08,54.7,29.9,24.8,0.65,2024-2025 Serie A
Napoli,27,28.6,38,3420,90,100,38.0,418,85,260.0,158,14,269,2.16,59,27,32,0.84,52.9,29.6,23.3,0.61,27,26.0,38,3420,90,100,38.0,418,85,241.0,176,20,298,0.58,27,59,-32,-0.84,29.6,52.9,-23.3,-0.61,2024-2025 Serie A
Parma,32,23.8,38,3420,90,100,38.0,418,78,234.0,185,26,284,0.95,44,58,-14,-0.37,43.1,56.4,-13.3,-0.35,32,26.4,38,3420,90,100,38.0,418,78,245.0,170,20,296,1.66,58,44,14,0.37,56.4,43.1,13.3,0.35,2024-2025 Serie A
Roma,28,26.5,38,3420,90,100,38.0,418,81,247.0,171,21,317,1.82,56,35,21,0.55,53.0,40.9,12.1,0.32,28,26.3,38,3420,90,100,38.0,418,81,239.0,175,24,294,0.95,35,56,-21,-0.55,40.9,53.0,-12.1,-0.32,2024-2025 Serie A
Torino,31,26.7,38,3420,90,100,38.0,418,80,236.0,179,21,253,1.16,39,45,-6,-0.16,34.6,50.4,-15.8,-0.42,31,26.3,38,3420,90,100,38.0,418,80,251.0,167,20,303,1.47,45,39,6,0.16,50.4,34.6,15.8,0.42,2024-2025 Serie A
Udinese,31,26.4,38,3420,90,100,38.0,418,80,232.0,181,21,278,1.16,41,56,-15,-0.39,38.2,52.6,-14.4,-0.38,31,26.5,38,3420,90,100,38.0,418,80,236.0,180,20,280,1.63,56,41,15,0.39,52.6,38.2,14.4,0.38,2024-2025 Serie A
Venezia,36,25.4,38,3420,90,100,38.0,418,81,232.0,187,19,317,0.76,32,56,-24,-0.63,35.8,57.5,-21.7,-0.57,36,26.4,38,3420,90,100,38.0,418,81,239.0,177,20,296,1.87,56,32,24,0.63,57.5,35.8,21.7,0.57,2024-2025 Serie A
Angers,30,27.5,34,3060,90,100,34.0,374,81,216.0,157,20,148,1.06,32,53,-21,-0.62,36.0,57.8,-21.8,-0.64,30,25.9,34,3060,90,100,34.0,374,81,218.0,151,20,155,1.76,53,32,21,0.62,57.8,36.0,21.8,0.64,2024-2025 Ligue 1
Auxerre,29,25.9,34,3060,90,100,34.0,374,83,215.0,155,16,151,1.24,48,51,-3,-0.09,41.0,58.6,-17.6,-0.52,29,25.9,34,3060,90,100,34.0,374,83,214.0,158,20,148,1.5,51,48,3,0.09,58.6,41.0,17.6,0.52,2024-2025 Ligue 1
Brest,30,28.2,34,3060,90,100,34.0,374,82,226.0,147,20,152,1.47,52,59,-7,-0.21,45.4,57.4,-12.0,-0.35,30,25.7,34,3060,90,100,34.0,374,82,225.0,150,19,155,1.38,59,52,7,0.21,57.4,45.4,12.0,0.35,2024-2025 Ligue 1
Le Havre,31,26.9,34,3060,90,100,34.0,374,82,224.0,147,19,159,1.0,40,71,-31,-0.91,41.4,62.8,-21.4,-0.63,31,25.9,34,3060,90,100,34.0,374,82,217.0,153,20,153,1.88,71,40,31,0.91,62.8,41.4,21.4,0.63,2024-2025 Ligue 1
Lens,33,27.1,34,3060,90,100,34.0,374,81,214.0,158,19,146,1.53,42,39,3,0.09,51.8,45.3,6.5,0.19,33,25.9,34,3060,90,100,34.0,374,81,233.0,140,19,165,1.26,39,42,-3,-0.09,45.3,51.8,-6.5,-0.19,2024-2025 Ligue 1
Lille,27,26.1,34,3060,90,100,34.0,374,82,218.0,156,20,149,1.76,52,36,16,0.47,54.7,42.5,12.2,0.36,27,25.9,34,3060,90,100,34.0,374,82,216.0,152,19,152,0.97,36,52,-16,-0.47,42.5,54.7,-12.2,-0.36,2024-2025 Ligue 1
Lyon,31,27.4,34,3060,90,100,34.0,374,83,232.0,143,18,163,1.68,65,46,19,0.56,60.3,45.7,14.6,0.43,31,25.7,34,3060,90,100,34.0,374,83,217.0,156,17,146,1.15,46,65,-19,-0.56,45.7,60.3,-14.6,-0.43,2024-2025 Ligue 1
Marseille,32,26.7,34,3060,90,100,34.0,374,81,225.0,147,21,158,1.91,74,47,27,0.79,63.8,45.2,18.6,0.55,32,25.9,34,3060,90,100,34.0,374,81,229.0,143,18,161,0.94,47,74,-27,-0.79,45.2,63.8,-18.6,-0.55,2024-2025 Ligue 1
Monaco,28,24.4,34,3060,90,100,34.0,374,82,219.0,153,19,152,1.79,63,41,22,0.65,72.8,34.8,38.0,1.12,28,26.1,34,3060,90,100,34.0,374,82,231.0,140,19,166,1.0,41,63,-22,-0.65,34.8,72.8,-38.0,-1.12,2024-2025 Ligue 1
Montpellier,35,26.1,34,3060,90,100,34.0,374,81,219.0,151,23,147,0.47,23,79,-56,-1.65,33.5,63.3,-29.9,-0.88,35,25.7,34,3060,90,100,34.0,374,81,221.0,153,18,153,2.41,79,23,56,1.65,63.3,33.5,29.9,0.88,2024-2025 Ligue 1
Nantes,30,26.7,34,3060,90,100,34.0,374,83,219.0,155,15,151,1.06,39,52,-13,-0.38,39.1,55.5,-16.4,-0.48,30,25.6,34,3060,90,100,34.0,374,83,236.0,136,20,169,1.59,52,39,13,0.38,55.5,39.1,16.4,0.48,2024-2025 Ligue 1
Nice,31,26.4,34,3060,90,100,34.0,374,83,213.0,158,17,148,1.76,66,41,25,0.74,61.6,40.2,21.4,0.63,31,25.8,34,3060,90,100,34.0,374,83,221.0,150,21,154,0.97,41,66,-25,-0.74,40.2,61.6,-21.4,-0.63,2024-2025 Ligue 1
Paris S-G,28,23.6,34,3060,90,100,34.0,374,81,230.0,144,24,156,2.47,92,35,57,1.68,88.9,31.2,57.7,1.7,28,25.8,34,3060,90,100,34.0,374,81,220.0,153,18,153,0.35,35,92,-57,-1.68,31.2,88.9,-57.7,-1.7,2024-2025 Ligue 1
Reims,34,24.5,34,3060,90,100,34.0,374,82,223.0,148,20,160,0.97,33,47,-14,-0.41,37.4,57.4,-19.9,-0.59,34,25.9,34,3060,90,100,34.0,374,82,226.0,145,19,159,1.76,47,33,14,0.41,57.4,37.4,19.9,0.59,2024-2025 Ligue 1
Rennes,35,25.1,34,3060,90,100,34.0,374,82,224.0,148,20,158,1.21,51,50,1,0.03,48.6,46.0,2.6,0.08,35,25.8,34,3060,90,100,34.0,374,82,224.0,149,19,153,1.74,50,51,-1,-0.03,46.0,48.6,-2.6,-0.08,2024-2025 Ligue 1
Saint-Étienne,32,25.9,34,3060,90,100,34.0,374,82,229.0,142,20,163,0.88,39,77,-38,-1.12,36.4,74.3,-37.9,-1.12,32,25.8,34,3060,90,100,34.0,374,82,222.0,154,20,149,1.94,77,39,38,1.12,74.3,36.4,37.9,1.12,2024-2025 Ligue 1
Strasbourg,30,21.4,34,3060,90,100,34.0,374,84,242.0,131,16,177,1.68,56,44,12,0.35,49.3,56.1,-6.9,-0.2,30,25.9,34,3060,90,100,34.0,374,84,231.0,142,18,163,1.06,44,56,-12,-0.35,56.1,49.3,6.9,0.2,2024-2025 Ligue 1
Toulouse,27,25.2,34,3060,90,100,34.0,374,83,231.0,140,17,165,1.24,44,43,1,0.03,49.1,36.8,12.4,0.36,27,25.8,34,3060,90,100,34.0,374,83,218.0,155,19,149,1.5,43,44,-1,-0.03,36.8,49.1,-12.4,-0.36,2024-2025 Ligue 1
Augsburg,29,26.8,34,3060,90,100,34.0,374,80,213.0,157,23,147,1.26,35,51,-16,-0.47,34.7,48.9,-14.2,-0.42,29,26.6,34,3060,90,100,34.0,374,80,216.0,158,21,145,1.44,51,35,16,0.47,48.9,34.7,14.2,0.42,2024-2025 Bundesliga
Bayern Munich,29,27.7,34,3060,90,100,34.0,374,82,224.0,150,21,155,2.41,99,32,67,1.97,81.7,25.5,56.2,1.65,29,26.5,34,3060,90,100,34.0,374,82,220.0,153,20,152,0.38,32,99,-67,-1.97,25.5,81.7,-56.2,-1.65,2024-2025 Bundesliga
Bochum,27,28.0,34,3060,90,100,34.0,374,81,218.0,154,20,152,0.74,33,67,-34,-1.0,41.8,63.2,-21.3,-0.63,27,26.5,34,3060,90,100,34.0,374,81,215.0,158,20,144,2.06,67,33,34,1.0,63.2,41.8,21.3,0.63,2024-2025 Bundesliga
Dortmund,28,26.6,34,3060,90,100,34.0,374,81,216.0,154,20,147,1.68,71,51,20,0.59,61.2,42.8,18.4,0.54,28,26.7,34,3060,90,100,34.0,374,81,216.0,156,18,149,1.15,51,71,-20,-0.59,42.8,61.2,-18.4,-0.54,2024-2025 Bundesliga
Eint Frankfurt,26,24.9,34,3060,90,100,34.0,374,81,211.0,162,20,144,1.76,68,46,22,0.65,65.1,48.0,17.1,0.5,26,26.7,34,3060,90,100,34.0,374,81,219.0,153,21,150,0.97,46,68,-22,-0.65,48.0,65.1,-17.1,-0.5,2024-2025 Bundesliga
Freiburg,26,27.1,34,3060,90,100,34.0,374,82,216.0,157,18,149,1.62,49,53,-4,-0.12,44.3,42.4,1.8,0.05,26,26.5,34,3060,90,100,34.0,374,82,215.0,158,21,145,1.18,53,49,4,0.12,42.4,44.3,-1.8,-0.05,2024-2025 Bundesliga
Gladbach,26,26.5,34,3060,90,100,34.0,374,83,207.0,165,16,141,1.32,55,57,-2,-0.06,50.6,63.4,-12.7,-0.37,26,26.7,34,3060,90,100,34.0,374,83,221.0,153,21,152,1.5,57,55,2,0.06,63.4,50.6,12.7,0.37,2024-2025 Bundesliga
Heidenheim,27,26.8,34,3060,90,100,34.0,374,80,213.0,162,23,144,0.85,37,64,-27,-0.79,40.3,57.6,-17.4,-0.51,27,26.6,34,3060,90,100,34.0,374,80,214.0,160,21,145,2.0,64,37,27,0.79,57.6,40.3,17.4,0.51,2024-2025 Bundesliga
Hoffenheim,35,26.5,34,3060,90,100,34.0,374,81,221.0,151,22,153,0.94,46,68,-22,-0.65,42.6,55.8,-13.1,-0.39,35,26.7,34,3060,90,100,34.0,374,81,215.0,158,20,146,1.74,68,46,22,0.65,55.8,42.6,13.1,0.39,2024-2025 Bundesliga
Holstein Kiel,27,25.6,34,3060,90,100,34.0,374,79,210.0,162,24,143,0.74,49,80,-31,-0.91,39.8,61.0,-21.1,-0.62,27,26.5,34,3060,90,100,34.0,374,79,215.0,158,20,146,2.06,80,49,31,0.91,61.0,39.8,21.1,0.62,2024-2025 Bundesliga
Leverkusen,23,27.0,34,3060,90,100,34.0,374,83,239.0,136,19,165,2.03,72,43,29,0.85,56.9,36.2,20.6,0.61,23,26.4,34,3060,90,100,34.0,374,83,212.0,164,18,141,0.62,43,72,-29,-0.85,36.2,56.9,-20.6,-0.61,2024-2025 Bundesliga
Mainz 05,25,27.4,34,3060,90,100,34.0,374,82,229.0,145,18,160,1.53,55,43,12,0.35,50.1,48.1,2.0,0.06,25,26.5,34,3060,90,100,34.0,374,82,214.0,156,23,147,1.18,43,55,-12,-0.35,48.1,50.1,-2.0,-0.06,2024-2025 Bundesliga
RB Leipzig,29,25.3,34,3060,90,100,34.0,374,81,212.0,158,20,142,1.5,53,48,5,0.15,46.6,53.3,-6.8,-0.2,29,26.4,34,3060,90,100,34.0,374,81,228.0,145,17,158,1.15,48,53,-5,-0.15,53.3,46.6,6.8,0.2,2024-2025 Bundesliga
St. Pauli,28,26.9,34,3060,90,100,34.0,374,84,229.0,143,16,163,0.94,28,41,-13,-0.38,35.3,45.4,-10.1,-0.3,28,26.5,34,3060,90,100,34.0,374,84,221.0,152,20,153,1.82,41,28,13,0.38,45.4,35.3,10.1,0.3,2024-2025 Bundesliga
Stuttgart,29,24.9,34,3060,90,100,34.0,374,81,210.0,161,19,142,1.47,64,53,11,0.32,62.3,46.9,15.4,0.45,29,26.6,34,3060,90,100,34.0,374,81,216.0,152,19,154,1.29,53,64,-11,-0.32,46.9,62.3,-15.4,-0.45,2024-2025 Bundesliga
Union Berlin,28,27.2,34,3060,90,100,34.0,374,80,207.0,168,22,137,1.18,35,51,-16,-0.47,37.0,47.8,-10.7,-0.32,28,26.5,34,3060,90,100,34.0,374,80,216.0,156,19,148,1.53,51,35,16,0.47,47.8,37.0,10.7,0.32,2024-2025 Bundesliga
Werder Bremen,23,27.5,34,3060,90,100,34.0,374,83,215.0,156,17,145,1.5,54,57,-3,-0.09,49.1,48.1,1.0,0.03,23,26.3,34,3060,90,100,34.0,374,83,213.0,157,21,149,1.24,57,54,3,0.09,48.1,49.1,-1.0,-0.03,2024-2025 Bundesliga
Wolfsburg,27,25.2,34,3060,90,100,34.0,374,82,220.0,155,19,150,1.26,56,54,2,0.06,47.5,52.5,-5.1,-0.15,27,26.8,34,3060,90,100,34.0,374,82,224.0,149,20,155,1.44,54,56,-2,-0.06,52.5,47.5,5.1,0.15,2024-2025 Bundesliga
Alavés,29,26.6,38,3420,90,100,38.0,418,82,254.0,161,21,275,1.11,38,48,-10,-0.26,42.8,47.0,-4.2,-0.11,29,26.9,38,3420,90,100,38.0,418,82,238.0,178,24,251,1.58,48,38,10,0.26,47.0,42.8,4.2,0.11,2024-2025
Athletic Club,31,26.9,38,3420,90,100,38.0,418,80,226.0,189,23,253,1.84,54,29,25,0.66,53.0,37.8,15.2,0.4,31,26.6,38,3420,90,100,38.0,418,80,240.0,177,21,240,0.82,29,54,-25,-0.66,37.8,53.0,-15.2,-0.4,2024-2025
Atlético Madrid,24,28.4,38,3420,90,100,38.0,418,78,228.0,188,27,242,2.0,68,30,38,1.0,64.6,33.4,31.2,0.82,24,26.8,38,3420,90,100,38.0,418,78,246.0,173,20,257,0.74,30,68,-38,-1.0,33.4,64.6,-31.2,-0.82,2024-2025
Barcelona,28,24.7,38,3420,90,100,38.0,418,80,237.0,180,22,254,2.32,102,39,63,1.66,91.5,41.9,49.5,1.3,28,26.8,38,3420,90,100,38.0,418,80,238.0,180,22,246,0.58,39,102,-63,-1.66,41.9,91.5,-49.5,-1.3,2024-2025
Betis,36,27.5,38,3420,90,100,38.0,418,80,237.0,179,22,230,1.58,57,50,7,0.18,54.7,50.6,4.1,0.11,36,27.0,38,3420,90,100,38.0,418,80,231.0,181,21,246,1.11,50,57,-7,-0.18,50.6,54.7,-4.1,-0.11,2024-2025
Celta Vigo,30,26.9,38,3420,90,100,38.0,418,79,227.0,189,23,265,1.45,59,57,2,0.05,54.2,43.4,10.9,0.29,30,26.7,38,3420,90,100,38.0,418,79,232.0,180,23,250,1.37,57,59,-2,-0.05,43.4,54.2,-10.9,-0.29,2024-2025
Espanyol,27,25.2,38,3420,90,100,38.0,418,81,238.0,180,21,270,1.11,40,51,-11,-0.29,34.4,53.8,-19.4,-0.51,27,27.0,38,3420,90,100,38.0,418,81,245.0,174,21,256,1.66,51,40,11,0.29,53.8,34.4,19.4,0.51,2024-2025
Getafe,30,27.7,38,3420,90,100,38.0,418,81,251.0,164,21,247,1.11,34,39,-5,-0.13,36.8,46.2,-9.4,-0.25,30,27.0,38,3420,90,100,38.0,418,81,240.0,175,21,251,1.66,39,34,5,0.13,46.2,36.8,9.4,0.25,2024-2025
Girona,30,27.5,38,3420,90,100,38.0,418,81,245.0,172,22,249,1.08,44,60,-16,-0.42,42.5,50.4,-8.0,-0.21,30,26.9,38,3420,90,100,38.0,418,81,240.0,176,20,248,1.71,60,44,16,0.42,50.4,42.5,8.0,0.21,2024-2025
Las Palmas,34,26.8,38,3420,90,100,38.0,418,80,226.0,189,21,246,0.84,40,61,-21,-0.55,36.3,66.8,-30.5,-0.8,34,26.8,38,3420,90,100,38.0,418,80,234.0,178,21,252,1.95,61,40,21,0.55,66.8,36.3,30.5,0.8,2024-2025
Leganés,26,27.8,38,3420,90,100,38.0,418,81,247.0,167,21,250,1.05,39,56,-17,-0.45,36.0,59.4,-23.4,-0.62,26,26.8,38,3420,90,100,38.0,418,81,243.0,174,24,257,1.61,56,39,17,0.45,59.4,36.0,23.4,0.62,2024-2025
Mallorca,28,28.7,38,3420,90,100,38.0,418,82,233.0,179,18,260,1.26,35,44,-9,-0.24,38.8,46.8,-8.1,-0.21,28,26.6,38,3420,90,100,38.0,418,82,246.0,171,21,252,1.5,44,35,9,0.24,46.8,38.8,8.1,0.21,2024-2025
Osasuna,25,27.4,38,3420,90,100,38.0,418,82,239.0,183,18,256,1.37,48,52,-4,-0.11,44.0,53.7,-9.6,-0.25,25,26.7,38,3420,90,100,38.0,418,82,242.0,172,22,263,1.21,52,48,4,0.11,53.7,44.0,9.6,0.25,2024-2025
Rayo Vallecano,26,29.3,38,3420,90,100,38.0,418,80,227.0,188,22,256,1.37,41,45,-4,-0.11,45.4,49.0,-3.5,-0.09,26,26.4,38,3420,90,100,38.0,418,80,242.0,172,22,253,1.29,45,41,4,0.11,49.0,45.4,3.5,0.09,2024-2025
Real Madrid,30,26.6,38,3420,90,100,38.0,418,83,270.0,144,18,213,2.21,78,38,40,1.05,75.3,42.8,32.5,0.86,30,26.7,38,3420,90,100,38.0,418,83,234.0,181,20,244,0.63,38,78,-40,-1.05,42.8,75.3,-32.5,-0.86,2024-2025
Real Sociedad,31,25.2,38,3420,90,100,38.0,418,79,233.0,181,25,268,1.21,35,46,-11,-0.29,42.5,43.9,-1.5,-0.04,31,26.8,38,3420,90,100,38.0,418,79,248.0,170,21,251,1.61,46,35,11,0.29,43.9,42.5,1.5,0.04,2024-2025
Sevilla,35,26.1,38,3420,90,100,38.0,418,82,240.0,174,18,266,1.08,42,55,-13,-0.34,42.7,47.4,-4.7,-0.12,35,26.8,38,3420,90,100,38.0,418,82,234.0,183,20,243,1.63,55,42,13,0.34,47.4,42.7,4.7,0.12,2024-2025
Valencia,32,24.7,38,3420,90,100,38.0,418,82,238.0,179,19,264,1.21,44,54,-10,-0.26,43.2,51.9,-8.6,-0.23,32,26.8,38,3420,90,100,38.0,418,82,237.0,180,22,248,1.45,54,44,10,0.26,51.9,43.2,8.6,0.23,2024-2025
Valladolid,38,25.6,38,3420,90,100,38.0,418,79,238.0,177,25,264,0.42,26,90,-64,-1.68,34.6,67.6,-33.0,-0.87,38,27.0,38,3420,90,100,38.0,418,79,235.0,182,21,248,2.47,90,26,64,1.68,67.6,34.6,33.0,0.87,2024-2025
Villarreal,31,26.7,38,3420,90,100,38.0,418,81,239.0,177,21,179,1.84,71,51,20,0.53,64.8,44.4,20.4,0.54,31,26.8,38,3420,90,100,38.0,418,81,228.0,183,23,251,0.89,51,71,-20,-0.53,44.4,64.8,-20.4,-0.54,2024-2025
Alavés,30,25.6,38,3420,90,100,38.0,418,82,230.0,187,18,258,1.21,36,46,-10,-0.26,46.2,44.7,1.5,0.04,30,27.2,38,3420,90,100,38.0,418,82,238.0,178,22,237,1.53,46,36,10,0.26,44.7,46.2,-1.5,-0.04,2023-2024
Almería,35,25.6,38,3420,90,100,38.0,418,81,239.0,176,22,257,0.55,43,75,-32,-0.84,48.7,61.6,-12.9,-0.34,35,27.1,38,3420,90,100,38.0,418,81,235.0,181,22,237,2.13,75,43,32,0.84,61.6,48.7,12.9,0.34,2023-2024
Athletic Club,27,27.3,38,3420,90,100,38.0,418,80,225.0,188,22,255,1.79,61,37,24,0.63,52.7,41.3,11.4,0.3,27,27.0,38,3420,90,100,38.0,418,80,250.0,167,23,244,0.92,37,61,-24,-0.63,41.3,52.7,-11.4,-0.3,2023-2024
Atlético Madrid,27,29.2,38,3420,90,100,38.0,418,78,233.0,183,26,198,2.0,70,43,27,0.71,62.4,39.5,23.0,0.6,27,26.9,38,3420,90,100,38.0,418,78,242.0,174,20,235,0.89,43,70,-27,-0.71,39.5,62.4,-23.0,-0.6,2023-2024
Barcelona,29,26.0,38,3420,90,100,38.0,418,81,257.0,161,23,230,2.24,79,44,35,0.92,77.6,41.6,35.9,0.94,29,26.9,38,3420,90,100,38.0,418,81,238.0,174,21,243,0.58,44,79,-35,-0.92,41.6,77.6,-35.9,-0.94,2023-2024
Betis,35,27.8,38,3420,90,100,38.0,418,80,253.0,164,24,237,1.5,48,45,3,0.08,43.9,50.2,-6.3,-0.17,35,27.0,38,3420,90,100,38.0,418,80,238.0,177,20,236,1.11,45,48,-3,-0.08,50.2,43.9,6.3,0.17,2023-2024
Cádiz,34,28.5,38,3420,90,100,38.0,418,80,227.0,186,21,257,0.87,26,55,-29,-0.76,36.0,52.3,-16.3,-0.43,34,27.3,38,3420,90,100,38.0,418,80,236.0,181,20,236,1.74,55,26,29,0.76,52.3,36.0,16.3,0.43,2023-2024
Celta Vigo,31,26.7,38,3420,90,100,38.0,418,82,249.0,167,19,277,1.08,46,57,-11,-0.29,50.7,54.6,-3.8,-0.1,31,27.1,38,3420,90,100,38.0,418,82,236.0,179,22,238,1.63,57,46,11,0.29,54.6,50.7,3.8,0.1,2023-2024
Getafe,33,27.3,38,3420,90,100,38.0,418,80,241.0,171,22,195,1.13,42,54,-12,-0.32,45.7,53.8,-8.1,-0.21,33,27.2,38,3420,90,100,38.0,418,80,232.0,177,19,236,1.53,54,42,12,0.32,53.8,45.7,8.1,0.21,2023-2024
Girona,25,26.1,38,3420,90,100,38.0,418,83,251.0,167,19,221,2.13,85,46,39,1.03,70.8,54.3,16.5,0.43,25,27.2,38,3420,90,100,38.0,418,83,236.0,180,21,237,0.71,46,85,-39,-1.03,54.3,70.8,-16.5,-0.43,2023-2024
Granada,40,26.7,38,3420,90,100,38.0,418,82,236.0,180,19,244,0.55,38,79,-41,-1.08,42.6,64.2,-21.6,-0.57,40,27.2,38,3420,90,100,38.0,418,82,242.0,174,22,238,2.21,79,38,41,1.08,64.2,42.6,21.6,0.57,2023-2024
Las Palmas,29,25.6,38,3420,90,100,38.0,418,81,238.0,177,20,266,1.05,33,47,-14,-0.37,33.2,56.6,-23.5,-0.62,29,27.1,38,3420,90,100,38.0,418,81,230.0,183,22,238,1.68,47,33,14,0.37,56.6,33.2,23.5,0.62,2023-2024
Mallorca,25,28.7,38,3420,90,100,38.0,418,80,230.0,186,22,263,1.05,33,44,-11,-0.29,40.5,42.9,-2.5,-0.06,25,27.0,38,3420,90,100,38.0,418,80,252.0,169,20,254,1.53,44,33,11,0.29,42.9,40.5,2.5,0.06,2023-2024
Osasuna,29,27.7,38,3420,90,100,38.0,418,82,233.0,182,19,211,1.18,45,56,-11,-0.29,40.5,49.9,-9.4,-0.25,29,27.1,38,3420,90,100,38.0,418,82,246.0,170,21,244,1.58,56,45,11,0.29,49.9,40.5,9.4,0.25,2023-2024
Rayo Vallecano,26,29.4,38,3420,90,100,38.0,418,81,229.0,186,21,255,1.0,29,48,-19,-0.5,42.3,44.6,-2.3,-0.06,26,26.9,38,3420,90,100,38.0,418,81,237.0,178,21,241,1.63,48,29,19,0.5,44.6,42.3,2.3,0.06,2023-2024
Real Madrid,27,27.4,38,3420,90,100,38.0,418,83,251.0,164,18,192,2.5,87,26,61,1.61,68.8,35.4,33.4,0.88,27,27.1,38,3420,90,100,38.0,418,83,241.0,177,23,238,0.29,26,87,-61,-1.61,35.4,68.8,-33.4,-0.88,2023-2024
Real Sociedad,31,25.8,38,3420,90,100,38.0,418,80,241.0,178,23,271,1.58,51,39,12,0.32,44.9,41.3,3.6,0.1,31,27.2,38,3420,90,100,38.0,418,80,239.0,175,20,237,1.11,39,51,-12,-0.32,41.3,44.9,-3.6,-0.1,2023-2024
Sevilla,35,28.6,38,3420,90,100,38.0,418,82,248.0,168,20,274,1.08,48,54,-6,-0.16,44.9,55.9,-11.0,-0.29,35,27.2,38,3420,90,100,38.0,418,82,242.0,175,18,237,1.63,54,48,6,0.16,55.9,44.9,11.0,0.29,2023-2024
Valencia,29,23.8,38,3420,90,100,38.0,418,81,237.0,179,20,229,1.29,40,45,-5,-0.13,43.1,47.6,-4.5,-0.12,29,27.1,38,3420,90,100,38.0,418,81,234.0,181,22,237,1.45,45,40,5,0.13,47.6,43.1,4.5,0.12,2023-2024
Villarreal,32,27.9,38,3420,90,100,38.0,418,80,235.0,178,22,186,1.39,65,65,0,0.0,55.6,58.7,-3.2,-0.08,32,27.1,38,3420,90,100,38.0,418,80,239.0,178,21,233,1.32,65,65,0,0.0,58.7,55.6,3.2,0.08,2023-2024
Almería,29,26.4,38,3420,90,100,38.0,418,81,229.0,187,21,254,1.08,49,65,-16,-0.42,45.5,62.5,-17.0,-0.45,29,27.6,38,3420,90,100,38.0,418,81,242.0,173,22,244,1.71,65,49,16,0.42,62.5,45.5,17.0,0.45,2022-2023
Athletic Club,26,27.4,38,3420,90,100,38.0,418,81,234.0,182,19,248,1.34,47,43,4,0.11,54.2,36.9,17.3,0.46,26,27.3,38,3420,90,100,38.0,418,81,241.0,178,22,232,1.42,43,47,-4,-0.11,36.9,54.2,-17.3,-0.46,2022-2023
Atlético Madrid,27,28.5,38,3420,90,100,38.0,418,81,245.0,168,22,201,2.03,70,33,37,0.97,61.9,41.1,20.8,0.55,27,27.0,38,3420,90,100,38.0,418,81,238.0,176,21,244,0.76,33,70,-37,-0.97,41.1,61.9,-20.8,-0.55,2022-2023
Barcelona,29,25.9,38,3420,90,100,38.0,418,81,246.0,168,23,227,2.32,70,20,50,1.32,75.5,33.2,42.3,1.11,29,27.4,38,3420,90,100,38.0,418,81,235.0,179,23,244,0.58,20,70,-50,-1.32,33.2,75.5,-42.3,-1.11,2022-2023
Betis,30,28.6,38,3420,90,100,38.0,418,81,242.0,165,21,254,1.58,46,41,5,0.13,51.3,50.0,1.3,0.03,30,27.3,38,3420,90,100,38.0,418,81,239.0,174,21,244,1.18,41,46,-5,-0.13,50.0,51.3,-1.3,-0.03,2022-2023
Cádiz,38,29.1,38,3420,90,100,38.0,418,79,230.0,183,24,244,1.11,30,53,-23,-0.61,41.5,61.6,-20.1,-0.53,38,27.2,38,3420,90,100,38.0,418,79,242.0,169,20,254,1.58,53,30,23,0.61,61.6,41.5,20.1,0.53,2022-2023
Celta Vigo,26,26.7,38,3420,90,100,38.0,418,81,253.0,161,22,266,1.13,43,53,-10,-0.26,42.6,45.4,-2.8,-0.07,26,27.6,38,3420,90,100,38.0,418,81,239.0,174,22,241,1.61,53,43,10,0.26,45.4,42.6,2.8,0.07,2022-2023
Elche,32,28.3,38,3420,90,100,38.0,418,79,234.0,177,24,242,0.66,30,67,-37,-0.97,37.5,70.0,-32.6,-0.86,32,27.3,38,3420,90,100,38.0,418,79,234.0,179,22,225,2.08,67,30,37,0.97,70.0,37.5,32.6,0.86,2022-2023
Espanyol,33,27.6,38,3420,90,100,38.0,418,81,246.0,169,21,238,0.97,52,69,-17,-0.45,48.3,59.8,-11.5,-0.3,33,27.6,38,3420,90,100,38.0,418,81,244.0,171,19,250,1.68,69,52,17,0.45,59.8,48.3,11.5,0.3,2022-2023
Getafe,25,27.4,38,3420,90,100,38.0,418,82,249.0,165,20,269,1.11,34,45,-11,-0.29,36.7,46.0,-9.4,-0.25,25,27.5,38,3420,90,100,38.0,418,82,244.0,169,23,255,1.58,45,34,11,0.29,46.0,36.7,9.4,0.25,2022-2023
Girona,29,26.0,38,3420,90,100,38.0,418,81,239.0,179,21,228,1.29,58,55,3,0.08,50.6,54.9,-4.3,-0.11,29,27.2,38,3420,90,100,38.0,418,81,247.0,168,21,262,1.45,55,58,-3,-0.08,54.9,50.6,4.3,0.11,2022-2023
Mallorca,31,27.7,38,3420,90,100,38.0,418,82,250.0,165,19,280,1.32,37,43,-6,-0.16,35.2,46.4,-11.2,-0.3,31,27.4,38,3420,90,100,38.0,418,82,241.0,174,20,233,1.47,43,37,6,0.16,46.4,35.2,11.2,0.3,2022-2023
Osasuna,26,27.5,38,3420,90,100,38.0,418,81,230.0,183,20,198,1.39,37,42,-5,-0.13,39.8,45.7,-5.9,-0.15,26,27.4,38,3420,90,100,38.0,418,81,238.0,175,21,242,1.39,42,37,5,0.13,45.7,39.8,5.9,0.15,2022-2023
Rayo Vallecano,28,27.9,38,3420,90,100,38.0,418,82,231.0,183,18,267,1.29,45,53,-8,-0.21,43.9,50.3,-6.4,-0.17,28,27.2,38,3420,90,100,38.0,418,82,243.0,168,21,255,1.45,53,45,8,0.21,50.3,43.9,6.4,0.17,2022-2023
Real Madrid,26,27.4,38,3420,90,100,38.0,418,83,265.0,151,18,248,2.05,75,36,39,1.03,75.5,38.9,36.6,0.96,26,27.3,38,3420,90,100,38.0,418,83,236.0,178,20,233,0.79,36,75,-39,-1.03,38.9,75.5,-36.6,-0.96,2022-2023
Real Sociedad,30,25.9,38,3420,90,100,38.0,418,81,238.0,178,22,267,1.87,51,35,16,0.42,52.9,33.0,19.8,0.52,30,27.5,38,3420,90,100,38.0,418,81,241.0,170,23,238,0.92,35,51,-16,-0.42,33.0,52.9,-19.8,-0.52,2022-2023
Sevilla,35,28.7,38,3420,90,100,38.0,418,78,231.0,177,26,236,1.29,47,54,-7,-0.18,46.3,54.2,-7.9,-0.21,35,27.3,38,3420,90,100,38.0,418,78,239.0,177,21,245,1.45,54,47,7,0.18,54.2,46.3,7.9,0.21,2022-2023
Valencia,28,24.2,38,3420,90,100,38.0,418,81,238.0,176,22,271,1.11,42,45,-3,-0.08,49.3,43.5,5.8,0.15,28,27.5,38,3420,90,100,38.0,418,81,232.0,179,24,238,1.66,45,42,3,0.08,43.5,49.3,-5.8,-0.15,2022-2023
Valladolid,36,27.4,38,3420,90,100,38.0,418,78,227.0,189,27,225,1.05,33,63,-30,-0.79,38.5,65.2,-26.6,-0.7,36,27.4,38,3420,90,100,38.0,418,78,247.0,173,21,231,1.76,63,33,30,0.79,65.2,38.5,26.6,0.7,2022-2023
Villarreal,32,28.4,38,3420,90,100,38.0,418,81,245.0,172,21,204,1.68,59,40,19,0.5,61.6,49.9,11.8,0.31,32,27.2,38,3420,90,100,38.0,418,81,240.0,174,20,257,1.13,40,59,-19,-0.5,49.9,61.6,-11.8,-0.31,2022-2023
Alavés,33,27.9,38,3420,90,100,38.0,418,82,247.0,167,20,277,0.82,31,65,-34,-0.89,37.3,57.0,-19.7,-0.52,33,27.6,38,3420,90,100,38.0,418,82,236.0,180,20,234,2.0,65,31,34,0.89,57.0,37.3,19.7,0.52,2021-2022
Athletic Club,26,26.9,38,3420,90,100,38.0,418,81,237.0,180,21,209,1.45,43,36,7,0.18,49.6,38.4,11.3,0.3,26,27.6,38,3420,90,100,38.0,418,81,245.0,168,20,255,1.21,36,43,-7,-0.18,38.4,49.6,-11.3,-0.3,2021-2022
Atlético Madrid,26,28.1,38,3420,90,100,38.0,418,79,244.0,170,26,159,1.87,65,43,22,0.58,54.4,33.4,21.1,0.56,26,27.6,38,3420,90,100,38.0,418,79,244.0,171,20,249,0.92,43,65,-22,-0.58,33.4,54.4,-21.1,-0.56,2021-2022
Barcelona,38,26.2,38,3420,90,100,38.0,418,82,254.0,159,20,264,1.92,68,38,30,0.79,63.4,34.4,29.0,0.76,38,27.7,38,3420,90,100,38.0,418,82,244.0,175,22,249,0.82,38,68,-30,-0.79,34.4,63.4,-29.0,-0.76,2021-2022
Betis,31,28.9,38,3420,90,100,38.0,418,82,251.0,161,21,266,1.71,62,40,22,0.58,53.5,43.4,10.1,0.27,31,27.4,38,3420,90,100,38.0,418,82,244.0,172,23,245,1.08,40,62,-22,-0.58,43.4,53.5,-10.1,-0.27,2021-2022
Cádiz,33,28.5,38,3420,90,100,38.0,418,81,246.0,172,22,270,1.03,35,51,-16,-0.42,39.5,48.3,-8.7,-0.23,33,27.6,38,3420,90,100,38.0,418,81,250.0,166,20,251,1.58,51,35,16,0.42,48.3,39.5,8.7,0.23,2021-2022
Celta Vigo,25,28.4,38,3420,90,100,38.0,418,82,261.0,155,21,222,1.21,43,43,0,0.0,43.1,45.7,-2.6,-0.07,25,27.4,38,3420,90,100,38.0,418,82,239.0,178,20,241,1.53,43,43,0,0.0,45.7,43.1,2.6,0.07,2021-2022
Elche,28,29.1,38,3420,90,100,38.0,418,80,236.0,179,22,255,1.11,40,52,-12,-0.32,33.7,59.1,-25.4,-0.67,28,27.4,38,3420,90,100,38.0,418,80,237.0,179,20,241,1.66,52,40,12,0.32,59.1,33.7,25.4,0.67,2021-2022
Espanyol,34,27.7,38,3420,90,100,38.0,418,81,234.0,181,21,269,1.11,40,53,-13,-0.34,36.7,51.2,-14.5,-0.38,34,27.5,38,3420,90,100,38.0,418,81,243.0,169,21,252,1.58,53,40,13,0.34,51.2,36.7,14.5,0.38,2021-2022
Getafe,31,26.6,38,3420,90,100,38.0,418,83,259.0,153,19,251,1.03,33,41,-8,-0.21,29.3,38.6,-9.3,-0.25,31,27.8,38,3420,90,100,38.0,418,83,247.0,168,19,252,1.58,41,33,8,0.21,38.6,29.3,9.3,0.25,2021-2022
Granada,32,28.1,38,3420,90,100,38.0,418,80,241.0,175,22,243,1.0,44,61,-17,-0.45,39.0,61.2,-22.2,-0.59,32,27.6,38,3420,90,100,38.0,418,80,233.0,178,20,231,1.63,61,44,17,0.45,61.2,39.0,22.2,0.59,2021-2022
Levante,31,28.0,38,3420,90,100,38.0,418,81,237.0,180,21,261,0.92,51,76,-25,-0.66,55.1,55.0,0.1,0.0,31,27.4,38,3420,90,100,38.0,418,81,238.0,177,19,245,1.79,76,51,25,0.66,55.0,55.1,-0.1,0.0,2021-2022
Mallorca,33,27.9,38,3420,90,100,38.0,418,82,237.0,178,20,273,1.03,36,63,-27,-0.71,38.8,49.3,-10.5,-0.28,33,27.7,38,3420,90,100,38.0,418,82,239.0,175,23,246,1.74,63,36,27,0.71,49.3,38.8,10.5,0.28,2021-2022
Osasuna,29,27.7,38,3420,90,100,38.0,418,83,242.0,175,17,269,1.24,37,51,-14,-0.37,36.7,46.3,-9.6,-0.25,29,27.6,38,3420,90,100,38.0,418,83,248.0,170,21,243,1.47,51,37,14,0.37,46.3,36.7,9.6,0.25,2021-2022
Rayo Vallecano,28,27.5,38,3420,90,100,38.0,418,81,238.0,178,20,224,1.11,39,50,-11,-0.29,42.8,48.4,-5.6,-0.15,28,27.6,38,3420,90,100,38.0,418,81,248.0,170,21,245,1.66,50,39,11,0.29,48.4,42.8,5.6,0.15,2021-2022
Real Madrid,31,27.7,38,3420,90,100,38.0,418,83,256.0,163,19,248,2.26,80,31,49,1.29,71.7,43.9,27.8,0.73,31,27.6,38,3420,90,100,38.0,418,83,240.0,177,22,246,0.53,31,80,-49,-1.29,43.9,71.7,-27.8,-0.73,2021-2022
Real Sociedad,32,25.7,38,3420,90,100,38.0,418,81,235.0,179,19,237,1.63,40,37,3,0.08,51.5,38.7,12.8,0.34,32,27.7,38,3420,90,100,38.0,418,81,251.0,166,19,262,1.08,37,40,-3,-0.08,38.7,51.5,-12.8,-0.34,2021-2022
Sevilla,33,28.6,38,3420,90,100,38.0,418,79,238.0,179,25,262,1.84,53,30,23,0.61,42.4,36.9,5.4,0.14,33,27.8,38,3420,90,100,38.0,418,79,250.0,165,22,255,0.74,30,53,-23,-0.61,36.9,42.4,-5.4,-0.14,2021-2022
Valencia,34,24.8,38,3420,90,100,38.0,418,81,235.0,179,20,246,1.26,48,53,-5,-0.13,39.0,47.7,-8.7,-0.23,34,27.8,38,3420,90,100,38.0,418,81,244.0,170,22,243,1.34,53,48,5,0.13,47.7,39.0,8.7,0.23,2021-2022
Villarreal,29,28.0,38,3420,90,100,38.0,418,81,235.0,183,21,234,1.55,63,37,26,0.68,64.2,44.8,19.4,0.51,29,27.6,38,3420,90,100,38.0,418,81,243.0,172,21,254,1.16,37,63,-26,-0.68,44.8,64.2,-19.4,-0.51,2021-2022
Alavés,30,28.7,38,3420,90,100,38.0,418,82,248.0,163,20,254,1.0,36,57,-21,-0.55,42.6,49.9,-7.3,-0.19,30,27.5,38,3420,90,100,38.0,418,82,253.0,163,20,241,1.71,57,36,21,0.55,49.9,42.6,7.3,0.19,2020-2021
Athletic Club,27,26.6,38,3420,90,100,38.0,418,81,240.0,177,22,242,1.21,46,42,4,0.11,42.8,37.5,5.3,0.14,27,27.6,38,3420,90,100,38.0,418,81,251.0,163,21,240,1.45,42,46,-4,-0.11,37.5,42.8,-5.3,-0.14,2020-2021
Atlético Madrid,25,27.3,38,3420,90,100,38.0,418,82,272.0,148,23,231,2.26,67,25,42,1.11,52.8,37.1,15.7,0.41,25,27.5,38,3420,90,100,38.0,418,82,258.0,157,20,251,0.53,25,67,-42,-1.11,37.1,52.8,-15.7,-0.41,2020-2021
Barcelona,25,26.4,38,3420,90,100,38.0,418,82,260.0,158,22,260,2.08,85,38,47,1.24,73.5,40.8,32.7,0.86,25,27.4,38,3420,90,100,38.0,418,82,248.0,166,23,249,0.74,38,85,-47,-1.24,40.8,73.5,-32.7,-0.86,2020-2021
Betis,25,27.9,38,3420,90,100,38.0,418,82,258.0,155,21,276,1.61,50,50,0,0.0,49.1,46.8,2.3,0.06,25,27.4,38,3420,90,100,38.0,418,82,255.0,165,23,246,1.13,50,50,0,0.0,46.8,49.1,-2.3,-0.06,2020-2021
Cádiz,34,28.8,38,3420,90,100,38.0,418,80,236.0,180,23,262,1.16,36,58,-22,-0.58,34.7,55.4,-20.7,-0.54,34,27.5,38,3420,90,100,38.0,418,80,250.0,166,22,246,1.55,58,36,22,0.58,55.4,34.7,20.7,0.54,2020-2021
Celta Vigo,30,26.6,38,3420,90,100,38.0,418,83,280.0,137,20,238,1.39,55,57,-2,-0.05,50.4,51.0,-0.6,-0.02,30,27.4,38,3420,90,100,38.0,418,83,258.0,158,24,250,1.32,57,55,2,0.05,51.0,50.4,0.6,0.02,2020-2021
Eibar,30,28.2,38,3420,90,100,38.0,418,82,266.0,149,21,266,0.79,29,52,-23,-0.61,45.2,45.7,-0.5,-0.01,30,27.5,38,3420,90,100,38.0,418,82,256.0,160,20,243,1.89,52,29,23,0.61,45.7,45.2,0.5,0.01,2020-2021
Elche,30,28.1,38,3420,90,100,38.0,418,82,267.0,152,21,298,0.95,34,55,-21,-0.55,29.9,60.9,-31.0,-0.82,30,27.4,38,3420,90,100,38.0,418,82,259.0,160,21,251,1.74,55,34,21,0.55,60.9,29.9,31.0,0.82,2020-2021
Getafe,31,26.7,38,3420,90,100,38.0,418,83,270.0,141,19,228,1.0,28,43,-15,-0.39,34.4,40.3,-5.9,-0.16,31,27.4,38,3420,90,100,38.0,418,83,256.0,158,21,258,1.71,43,28,15,0.39,40.3,34.4,5.9,0.16,2020-2021
Granada,34,27.4,38,3420,90,100,38.0,418,80,243.0,176,24,222,1.21,47,65,-18,-0.47,41.1,56.2,-15.0,-0.4,34,27.6,38,3420,90,100,38.0,418,80,255.0,159,22,258,1.61,65,47,18,0.47,56.2,41.1,15.0,0.4,2020-2021
Huesca,27,28.0,38,3420,90,100,38.0,418,82,246.0,171,21,215,0.89,34,53,-19,-0.5,38.7,48.1,-9.4,-0.25,27,27.3,38,3420,90,100,38.0,418,82,246.0,172,20,238,1.76,53,34,19,0.5,48.1,38.7,9.4,0.25,2020-2021
Levante,29,28.0,38,3420,90,100,38.0,418,81,233.0,184,20,219,1.08,46,57,-11,-0.29,40.4,53.5,-13.1,-0.34,29,27.4,38,3420,90,100,38.0,418,81,248.0,164,19,246,1.55,57,46,11,0.29,53.5,40.4,13.1,0.34,2020-2021
Osasuna,28,27.9,38,3420,90,100,38.0,418,81,240.0,173,20,247,1.16,37,48,-11,-0.29,38.7,47.8,-9.0,-0.24,28,27.4,38,3420,90,100,38.0,418,81,251.0,167,20,246,1.55,48,37,11,0.29,47.8,38.7,9.0,0.24,2020-2021
Real Madrid,30,27.9,38,3420,90,100,38.0,418,82,279.0,137,23,217,2.21,67,28,39,1.03,61.5,37.6,23.9,0.63,30,27.5,38,3420,90,100,38.0,418,82,253.0,164,21,250,0.55,28,67,-39,-1.03,37.6,61.5,-23.9,-0.63,2020-2021
Real Sociedad,30,25.0,38,3420,90,100,38.0,418,81,240.0,177,21,235,1.63,59,38,21,0.55,60.7,39.2,21.5,0.57,30,27.4,38,3420,90,100,38.0,418,81,251.0,163,24,243,1.08,38,59,-21,-0.55,39.2,60.7,-21.5,-0.57,2020-2021
Sevilla,26,28.1,38,3420,90,100,38.0,418,81,233.0,184,20,266,2.03,53,33,20,0.53,54.4,34.8,19.6,0.52,26,27.3,38,3420,90,100,38.0,418,81,258.0,161,21,237,0.84,33,53,-20,-0.53,34.8,54.4,-19.6,-0.52,2020-2021
Valencia,30,25.2,38,3420,90,100,38.0,418,83,263.0,150,19,283,1.13,50,53,-3,-0.08,42.6,52.2,-9.6,-0.25,30,27.6,38,3420,90,100,38.0,418,83,250.0,166,20,243,1.53,53,50,3,0.08,52.2,42.6,9.6,0.25,2020-2021
Valladolid,32,28.1,38,3420,90,100,38.0,418,81,246.0,170,21,246,0.82,34,57,-23,-0.61,40.1,52.9,-12.8,-0.34,32,27.4,38,3420,90,100,38.0,418,81,259.0,157,20,251,1.76,57,34,23,0.61,52.9,40.1,12.8,0.34,2020-2021
Villarreal,29,28.0,38,3420,90,100,38.0,418,82,253.0,165,20,238,1.53,60,44,16,0.42,56.4,42.5,13.9,0.37,29,27.5,38,3420,90,100,38.0,418,82,258.0,158,21,256,1.13,44,60,-16,-0.42,42.5,56.4,-13.9,-0.37,2020-2021
Alavés,32,27.6,38,3420,90,100,38.0,418,83,,133,22,187,1.03,34,59,-25,-0.66,39.3,57.8,-18.5,-0.49,32,27.3,38,3420,90,100,38.0,418,83,,127,21,179,1.74,59,34,25,0.66,57.8,39.3,18.5,0.49,2019-2020
Athletic Club,26,26.7,38,3420,90,100,38.0,418,83,,130,21,189,1.34,41,38,3,0.08,41.5,48.8,-7.3,-0.19,26,27.1,38,3420,90,100,38.0,418,83,,131,21,187,1.34,38,41,-3,-0.08,48.8,41.5,7.3,0.19,2019-2020
Atlético Madrid,30,26.1,38,3420,90,100,38.0,418,82,,130,23,187,1.84,51,27,24,0.63,56.8,32.5,24.4,0.64,30,27.4,38,3420,90,100,38.0,418,82,,131,21,186,0.74,27,51,-24,-0.63,32.5,56.8,-24.4,-0.64,2019-2020
Barcelona,28,27.8,38,3420,90,100,38.0,418,83,,123,22,183,2.16,86,38,48,1.26,66.3,38.3,28.0,0.74,28,27.0,38,3420,90,100,38.0,418,83,,132,24,186,0.66,38,86,-48,-1.26,38.3,66.3,-28.0,-0.74,2019-2020
Betis,27,27.5,38,3420,90,100,38.0,418,83,,132,20,182,1.08,48,60,-12,-0.32,51.0,54.8,-3.7,-0.1,27,27.0,38,3420,90,100,38.0,418,83,,133,21,177,1.63,60,48,12,0.32,54.8,51.0,3.7,0.1,2019-2020
Celta Vigo,30,25.8,38,3420,90,100,38.0,418,83,,130,20,187,0.97,37,49,-12,-0.32,39.2,45.3,-6.1,-0.16,30,27.2,38,3420,90,100,38.0,418,83,,130,21,191,1.61,49,37,12,0.32,45.3,39.2,6.1,0.16,2019-2020
Eibar,26,29.3,38,3420,90,100,38.0,418,84,,128,19,185,1.11,39,56,-17,-0.45,42.0,53.0,-11.0,-0.29,26,27.0,38,3420,90,100,38.0,418,84,,124,20,192,1.66,56,39,17,0.45,53.0,42.0,11.0,0.29,2019-2020
Espanyol,31,27.7,38,3420,90,100,38.0,418,83,,130,19,189,0.66,27,58,-31,-0.82,38.6,51.0,-12.4,-0.33,31,27.3,38,3420,90,100,38.0,418,83,,127,19,193,2.08,58,27,31,0.82,51.0,38.6,12.4,0.33,2019-2020
Getafe,30,27.5,38,3420,90,100,38.0,418,84,,128,19,175,1.42,43,37,6,0.16,41.6,41.4,0.2,0.0,30,27.2,38,3420,90,100,38.0,418,84,,128,21,185,1.26,37,43,-6,-0.16,41.4,41.6,-0.2,0.0,2019-2020
Granada,27,26.8,38,3420,90,100,38.0,418,82,,133,24,174,1.47,52,45,7,0.18,44.9,42.6,2.3,0.06,27,27.4,38,3420,90,100,38.0,418,82,,126,23,193,1.32,45,52,-7,-0.18,42.6,44.9,-2.3,-0.06,2019-2020
Leganés,29,26.9,38,3420,90,100,38.0,418,82,,130,25,190,0.95,30,51,-21,-0.55,39.9,42.8,-2.9,-0.08,29,27.2,38,3420,90,100,38.0,418,82,,132,21,182,1.74,51,30,21,0.55,42.8,39.9,2.9,0.08,2019-2020
Levante,29,27.7,38,3420,90,100,38.0,418,84,,134,19,187,1.29,47,53,-6,-0.16,48.1,62.9,-14.8,-0.39,29,27.2,38,3420,90,100,38.0,418,84,,127,19,189,1.53,53,47,6,0.16,62.9,48.1,14.8,0.39,2019-2020
Mallorca,32,26.8,38,3420,90,100,38.0,418,83,,132,22,185,0.87,40,65,-25,-0.66,41.1,63.5,-22.4,-0.59,32,27.2,38,3420,90,100,38.0,418,83,,133,22,184,1.97,65,40,25,0.66,63.5,41.1,22.4,0.59,2019-2020
Osasuna,31,27.7,38,3420,90,100,38.0,418,83,,129,20,185,1.37,46,54,-8,-0.21,49.4,49.4,0.1,0.0,31,27.0,38,3420,90,100,38.0,418,83,,128,20,184,1.29,54,46,8,0.21,49.4,49.4,-0.1,0.0,2019-2020
Real Madrid,26,27.6,38,3420,90,100,38.0,418,85,,120,18,198,2.29,70,25,45,1.18,67.9,33.3,34.6,0.91,26,27.0,38,3420,90,100,38.0,418,85,,133,23,185,0.47,25,70,-45,-1.18,33.3,67.9,-34.6,-0.91,2019-2020
Real Sociedad,27,24.8,38,3420,90,100,38.0,418,83,,126,22,195,1.47,56,48,8,0.21,48.9,43.0,5.8,0.15,27,27.3,38,3420,90,100,38.0,418,83,,130,19,187,1.32,48,56,-8,-0.21,43.0,48.9,-5.8,-0.15,2019-2020
Sevilla,26,27.7,38,3420,90,100,38.0,418,83,,133,23,187,1.84,54,34,20,0.53,53.2,36.1,17.1,0.45,26,27.2,38,3420,90,100,38.0,418,83,,131,24,191,0.82,34,54,-20,-0.53,36.1,53.2,-17.1,-0.45,2019-2020
Valencia,28,27.0,38,3420,90,100,38.0,418,83,,132,22,187,1.39,46,53,-7,-0.18,43.3,56.0,-12.7,-0.33,28,27.1,38,3420,90,100,38.0,418,83,,128,19,187,1.32,53,46,7,0.18,56.0,43.3,12.7,0.33,2019-2020
Valladolid,30,27.1,38,3420,90,100,38.0,418,83,,126,22,179,1.11,32,43,-11,-0.29,36.6,54.5,-18.0,-0.47,30,27.3,38,3420,90,100,38.0,418,83,,126,21,180,1.5,43,32,11,0.29,54.5,36.6,18.0,0.47,2019-2020
Villarreal,25,27.6,38,3420,90,100,38.0,418,84,,132,20,188,1.58,63,49,14,0.37,63.6,46.3,17.3,0.45,25,27.2,38,3420,90,100,38.0,418,84,,134,21,181,1.26,49,63,-14,-0.37,46.3,63.6,-17.3,-0.45,2019-2020
Alavés,26,26.7,38,3420,90,100,38.0,418,85,,113,17,153,1.32,39,50,-11,-0.29,41.1,53.2,-12.1,-0.32,26,26.9,38,3420,90,100,38.0,418,85,,111,23,155,1.39,50,39,11,0.29,53.2,41.1,12.1,0.32,2018-2019
Athletic Club,27,27.6,38,3420,90,100,38.0,418,85,,113,19,153,1.39,41,45,-4,-0.11,43.4,45.7,-2.3,-0.06,27,27.2,38,3420,90,100,38.0,418,85,,110,20,154,1.24,45,41,4,0.11,45.7,43.4,2.3,0.06,2018-2019
Atlético Madrid,29,26.4,38,3420,90,100,38.0,418,83,,105,26,160,2.0,55,29,26,0.68,47.3,41.9,5.4,0.14,29,27.0,38,3420,90,100,38.0,418,83,,112,21,154,0.74,29,55,-26,-0.68,41.9,47.3,-5.4,-0.14,2018-2019
Barcelona,30,27.7,38,3420,90,100,38.0,418,84,,112,21,154,2.29,90,36,54,1.42,75.8,45.3,30.5,0.8,30,26.8,38,3420,90,100,38.0,418,84,,112,21,154,0.47,36,90,-54,-1.42,45.3,75.8,-30.5,-0.8,2018-2019
Betis,25,26.7,38,3420,90,100,38.0,418,84,,113,21,153,1.32,44,52,-8,-0.21,47.1,49.4,-2.4,-0.06,25,26.8,38,3420,90,100,38.0,418,84,,114,20,152,1.47,52,44,8,0.21,49.4,47.1,2.4,0.06,2018-2019
Celta Vigo,28,25.5,38,3420,90,100,38.0,418,85,,110,18,156,1.08,53,62,-9,-0.24,46.5,60.9,-14.4,-0.38,28,26.9,38,3420,90,100,38.0,418,85,,113,20,153,1.63,62,53,9,0.24,60.9,46.5,14.4,0.38,2018-2019
Eibar,25,28.5,38,3420,90,100,38.0,418,85,,111,19,154,1.24,46,50,-4,-0.11,54.8,45.9,9.0,0.24,25,26.8,38,3420,90,100,38.0,418,85,,112,19,154,1.39,50,46,4,0.11,45.9,54.8,-9.0,-0.24,2018-2019
Espanyol,25,27.7,38,3420,90,100,38.0,418,85,,114,18,152,1.39,48,50,-2,-0.05,48.9,53.8,-4.9,-0.13,25,26.8,38,3420,90,100,38.0,418,85,,114,22,152,1.32,50,48,2,0.05,53.8,48.9,4.9,0.13,2018-2019
Getafe,26,27.5,38,3420,90,100,38.0,418,85,,114,18,152,1.55,48,35,13,0.34,46.2,43.6,2.6,0.07,26,26.8,38,3420,90,100,38.0,418,85,,107,21,158,1.08,35,48,-13,-0.34,43.6,46.2,-2.6,-0.07,2018-2019
Girona,26,26.6,38,3420,90,100,38.0,418,85,,113,19,153,0.97,37,53,-16,-0.42,43.5,52.7,-9.2,-0.24,26,27.1,38,3420,90,100,38.0,418,85,,113,20,152,1.76,53,37,16,0.42,52.7,43.5,9.2,0.24,2018-2019
Huesca,30,26.7,38,3420,90,100,38.0,418,84,,111,23,155,0.87,43,65,-22,-0.58,50.8,60.2,-9.4,-0.25,30,26.6,38,3420,90,100,38.0,418,84,,112,22,154,1.82,65,43,22,0.58,60.2,50.8,9.4,0.25,2018-2019
Leganés,29,26.6,38,3420,90,100,38.0,418,85,,112,17,154,1.18,37,43,-6,-0.16,40.6,41.2,-0.6,-0.02,29,26.8,38,3420,90,100,38.0,418,85,,110,22,156,1.5,43,37,6,0.16,41.2,40.6,0.6,0.02,2018-2019
Levante,26,26.3,38,3420,90,100,38.0,418,84,,113,20,152,1.16,59,66,-7,-0.18,53.9,76.2,-22.3,-0.59,26,26.9,38,3420,90,100,38.0,418,84,,110,23,156,1.55,66,59,7,0.18,76.2,53.9,22.3,0.59,2018-2019
Rayo Vallecano,29,26.6,38,3420,90,100,38.0,418,84,,111,20,155,0.84,41,70,-29,-0.76,48.7,60.0,-11.3,-0.3,29,26.9,38,3420,90,100,38.0,418,84,,112,21,154,1.95,70,41,29,0.76,60.0,48.7,11.3,0.3,2018-2019
Real Madrid,27,27.1,38,3420,90,100,38.0,418,84,,112,21,154,1.79,63,46,17,0.45,66.7,47.1,19.6,0.52,27,26.8,38,3420,90,100,38.0,418,84,,112,19,153,1.08,46,63,-17,-0.45,47.1,66.7,-19.6,-0.52,2018-2019
Real Sociedad,30,24.9,38,3420,90,100,38.0,418,84,,110,20,156,1.32,45,46,-1,-0.03,49.7,48.6,1.1,0.03,30,26.9,38,3420,90,100,38.0,418,84,,111,21,155,1.39,46,45,1,0.03,48.6,49.7,-1.1,-0.03,2018-2019
Sevilla,27,27.9,38,3420,90,100,38.0,418,84,,111,22,155,1.55,62,47,15,0.39,66.6,45.4,21.3,0.56,27,27.0,38,3420,90,100,38.0,418,84,,109,21,157,1.24,47,62,-15,-0.39,45.4,66.6,-21.3,-0.56,2018-2019
Valencia,25,26.4,38,3420,90,100,38.0,418,84,,108,23,158,1.61,51,35,16,0.42,60.7,42.9,17.8,0.47,25,27.3,38,3420,90,100,38.0,418,84,,112,21,154,0.97,35,51,-16,-0.42,42.9,60.7,-17.8,-0.47,2018-2019
Valladolid,28,27.4,38,3420,90,100,38.0,418,85,,113,18,152,1.08,32,51,-19,-0.5,41.1,58.5,-17.5,-0.46,28,26.9,38,3420,90,100,38.0,418,85,,113,20,153,1.63,51,32,19,0.5,58.5,41.1,17.5,0.46,2018-2019
Villarreal,26,27.1,38,3420,90,100,38.0,418,85,,113,19,152,1.16,49,52,-3,-0.08,53.9,55.0,-1.1,-0.03,26,26.8,38,3420,90,100,38.0,418,85,,113,20,153,1.47,52,49,3,0.08,55.0,53.9,1.1,0.03,2018-2019
Alavés,30,25.5,38,3420,90,100,38.0,418,85,303.0,111,20,154,1.24,40,50,-10,-0.26,38.5,55.9,-17.4,-0.46,30,26.8,38,3420,90,100,38.0,418,85,308.0,106,23,160,1.71,50,40,10,0.26,55.9,38.5,17.4,0.46,2017-2018
Athletic Club,26,26.7,38,3420,90,100,38.0,418,85,312.0,106,22,160,1.13,41,49,-8,-0.21,49.7,50.3,-0.6,-0.02,26,27.0,38,3420,90,100,38.0,418,85,304.0,106,23,160,1.53,49,41,8,0.21,50.3,49.7,0.6,0.02,2017-2018
Atlético Madrid,26,26.6,38,3420,90,100,38.0,418,83,304.0,110,24,156,2.08,58,22,36,0.95,50.2,35.8,14.4,0.38,26,26.8,38,3420,90,100,38.0,418,83,312.0,106,23,160,0.66,22,58,-36,-0.95,35.8,50.2,-14.4,-0.38,2017-2018
Barcelona,25,27.7,38,3420,90,100,38.0,418,84,305.0,111,21,155,2.45,99,29,70,1.84,83.5,41.9,41.6,1.09,25,26.7,38,3420,90,100,38.0,418,84,303.0,111,21,155,0.32,29,99,-70,-1.84,41.9,83.5,-41.6,-1.09,2017-2018
Betis,29,27.1,38,3420,90,100,38.0,418,84,302.0,113,21,153,1.58,60,61,-1,-0.03,46.0,49.0,-3.1,-0.08,29,26.8,38,3420,90,100,38.0,418,84,301.0,114,21,151,1.26,61,60,1,0.03,49.0,46.0,3.1,0.08,2017-2018
Celta Vigo,23,25.7,38,3420,90,100,38.0,418,85,308.0,109,19,157,1.29,59,60,-1,-0.03,55.0,55.3,-0.3,-0.01,23,26.8,38,3420,90,100,38.0,418,85,308.0,110,21,156,1.45,60,59,1,0.03,55.3,55.0,0.3,0.01,2017-2018
Eibar,27,27.4,38,3420,90,100,38.0,418,84,303.0,113,20,153,1.34,44,50,-6,-0.16,40.9,44.4,-3.5,-0.09,27,26.8,38,3420,90,100,38.0,418,84,303.0,110,23,156,1.42,50,44,6,0.16,44.4,40.9,3.5,0.09,2017-2018
Espanyol,25,26.8,38,3420,90,100,38.0,418,84,312.0,105,25,161,1.29,36,42,-6,-0.16,41.1,52.3,-11.1,-0.29,25,26.5,38,3420,90,100,38.0,418,84,303.0,113,19,153,1.37,42,36,6,0.16,52.3,41.1,11.1,0.29,2017-2018
Getafe,32,28.2,38,3420,90,100,38.0,418,84,300.0,113,19,153,1.45,42,33,9,0.24,48.2,39.7,8.5,0.22,32,26.7,38,3420,90,100,38.0,418,84,304.0,112,23,152,1.29,33,42,-9,-0.24,39.7,48.2,-8.5,-0.22,2017-2018
Girona,25,26.3,38,3420,90,100,38.0,418,85,312.0,106,19,159,1.34,50,59,-9,-0.24,50.6,50.4,0.2,0.01,25,26.8,38,3420,90,100,38.0,418,85,306.0,109,22,154,1.42,59,50,9,0.24,50.4,50.6,-0.2,-0.01,2017-2018
La Coruña,32,28.2,38,3420,90,100,38.0,418,84,303.0,113,22,150,0.76,38,76,-38,-1.0,51.6,58.7,-7.1,-0.19,32,26.7,38,3420,90,100,38.0,418,84,305.0,110,22,156,1.95,76,38,38,1.0,58.7,51.6,7.1,0.19,2017-2018
Las Palmas,36,27.0,38,3420,90,100,38.0,418,84,309.0,106,24,160,0.58,24,74,-50,-1.32,38.5,70.5,-32.0,-0.84,36,26.7,38,3420,90,100,38.0,418,84,298.0,114,21,151,2.24,74,24,50,1.32,70.5,38.5,32.0,0.84,2017-2018
Leganés,28,27.8,38,3420,90,100,38.0,418,84,304.0,109,23,157,1.13,34,51,-17,-0.45,39.9,47.6,-7.6,-0.2,28,26.5,38,3420,90,100,38.0,418,84,304.0,111,19,155,1.68,51,34,17,0.45,47.6,39.9,7.6,0.2,2017-2018
Levante,33,25.7,38,3420,90,100,38.0,418,83,303.0,112,25,151,1.21,44,58,-14,-0.37,44.7,63.6,-18.8,-0.5,33,26.8,38,3420,90,100,38.0,418,83,304.0,108,21,158,1.45,58,44,14,0.37,63.6,44.7,18.8,0.5,2017-2018
Málaga,37,27.2,38,3420,90,100,38.0,418,83,299.0,113,23,152,0.53,24,61,-37,-0.97,38.4,59.4,-21.0,-0.55,37,26.7,38,3420,90,100,38.0,418,83,310.0,108,20,157,2.34,61,24,37,0.97,59.4,38.4,21.0,0.55,2017-2018
Real Madrid,24,27.1,38,3420,90,100,38.0,418,85,308.0,105,20,161,2.0,94,44,50,1.32,85.4,43.2,42.2,1.11,24,26.9,38,3420,90,100,38.0,418,85,303.0,112,23,154,0.74,44,94,-50,-1.32,43.2,85.4,-42.2,-1.11,2017-2018
Real Sociedad,27,25.9,38,3420,90,100,38.0,418,85,306.0,108,20,158,1.29,66,59,7,0.18,53.7,50.5,3.1,0.08,27,26.8,38,3420,90,100,38.0,418,85,306.0,111,21,154,1.53,59,66,-7,-0.18,50.5,53.7,-3.1,-0.08,2017-2018
Sevilla,31,27.1,38,3420,90,100,38.0,418,84,303.0,114,22,152,1.53,49,58,-9,-0.24,59.5,54.4,5.2,0.14,31,26.9,38,3420,90,100,38.0,418,84,304.0,111,22,154,1.29,58,49,9,0.24,54.4,59.5,-5.2,-0.14,2017-2018
Valencia,25,24.8,38,3420,90,100,38.0,418,85,306.0,107,18,159,1.92,65,38,27,0.71,56.0,48.3,7.7,0.2,25,26.9,38,3420,90,100,38.0,418,85,306.0,107,22,159,0.89,38,65,-27,-0.71,48.3,56.0,-7.7,-0.2,2017-2018
Villarreal,32,26.6,38,3420,90,100,38.0,418,84,299.0,112,22,153,1.61,57,50,7,0.18,53.3,53.4,-0.1,0.0,32,26.9,38,3420,90,100,38.0,418,84,309.0,107,22,159,1.21,50,57,-7,-0.18,53.4,53.3,0.1,0.0,2017-2018
Athletic Club,26,23.3,30,2700,90,100,30.0,330,82,197.0,132,20,116,1.7,40,32,8,0.27,34.5,32.0,2.4,0.08,26,25.8,30,2700,90,100,30.0,330,82,210.0,119,19,127,1.2,32,40,-8,-0.27,32.0,34.5,-2.4,-0.08,2024-2025-femenino
Atlético Madrid,23,25.2,30,2700,90,100,30.0,330,82,199.0,131,20,85,1.93,49,23,26,0.87,41.4,28.3,13.0,0.43,23,25.7,30,2700,90,100,30.0,330,82,193.0,133,20,129,0.73,23,49,-26,-0.87,28.3,41.4,-13.0,-0.43,2024-2025-femenino
Barcelona,26,26.0,30,2700,90,100,30.0,330,79,183.0,148,25,127,2.8,128,16,112,3.73,109.0,12.7,96.4,3.21,26,25.4,30,2700,90,100,30.0,330,79,186.0,142,21,109,0.2,16,128,-112,-3.73,12.7,109.0,-96.4,-3.21,2024-2025-femenino
Dep La Coruña,27,25.2,30,2700,90,100,30.0,330,82,191.0,138,18,104,0.9,27,48,-21,-0.7,25.2,50.9,-25.7,-0.86,27,25.6,30,2700,90,100,30.0,330,82,200.0,128,21,126,1.8,48,27,21,0.7,50.9,25.2,25.7,0.86,2024-2025-femenino
Eibar,26,24.9,30,2700,90,100,30.0,330,83,212.0,117,18,117,1.27,24,41,-17,-0.57,22.2,43.9,-21.7,-0.72,26,25.4,30,2700,90,100,30.0,330,83,194.0,134,21,118,1.47,41,24,17,0.57,43.9,22.2,21.7,0.72,2024-2025-femenino
Espanyol,26,25.9,30,2700,90,100,30.0,330,82,195.0,134,18,138,1.07,29,50,-21,-0.7,27.1,48.8,-21.7,-0.72,26,25.4,30,2700,90,100,30.0,330,82,195.0,135,22,117,1.57,50,29,21,0.7,48.8,27.1,21.7,0.72,2024-2025-femenino
Granada,24,24.9,30,2700,90,100,30.0,330,83,201.0,128,18,132,1.5,42,45,-3,-0.1,35.5,42.6,-7.0,-0.23,24,25.5,30,2700,90,100,30.0,330,83,195.0,136,21,111,1.4,45,42,3,0.1,42.6,35.5,7.0,0.23,2024-2025-femenino
Levante,25,24.4,30,2700,90,100,30.0,330,84,214.0,113,17,100,1.03,30,45,-15,-0.5,27.6,48.1,-20.5,-0.68,25,25.8,30,2700,90,100,30.0,330,84,193.0,137,19,120,1.73,45,30,15,0.5,48.1,27.6,20.5,0.68,2024-2025-femenino
Levante Planas,27,26.2,30,2700,90,100,30.0,330,82,204.0,124,20,111,0.93,24,45,-21,-0.7,34.6,32.7,1.9,0.06,27,25.5,30,2700,90,100,30.0,330,82,203.0,126,23,130,1.73,45,24,21,0.7,32.7,34.6,-1.9,-0.06,2024-2025-femenino
Madrid CFF,26,26.5,30,2700,90,100,30.0,330,83,205.0,125,18,85,1.1,37,62,-25,-0.83,34.1,41.5,-7.4,-0.25,26,25.5,30,2700,90,100,30.0,330,83,198.0,131,20,120,1.7,62,37,25,0.83,41.5,34.1,7.4,0.25,2024-2025-femenino
Real Betis,26,27.1,30,2700,90,100,30.0,330,82,192.0,135,20,95,0.77,24,67,-43,-1.43,22.8,56.5,-33.6,-1.12,26,25.5,30,2700,90,100,30.0,330,82,194.0,136,23,120,2.07,67,24,43,1.43,56.5,22.8,33.6,1.12,2024-2025-femenino
Real Madrid,30,25.6,30,2700,90,100,30.0,330,78,183.0,147,26,156,2.53,87,28,59,1.97,76.1,22.1,54.0,1.8,30,25.4,30,2700,90,100,30.0,330,78,196.0,132,20,127,0.33,28,87,-59,-1.97,22.1,76.1,-54.0,-1.8,2024-2025-femenino
Real Sociedad,26,24.0,30,2700,90,100,30.0,330,78,187.0,142,28,126,1.37,40,45,-5,-0.17,37.1,38.4,-1.3,-0.04,26,25.6,30,2700,90,100,30.0,330,78,192.0,136,21,115,1.47,45,40,5,0.17,38.4,37.1,1.3,0.04,2024-2025-femenino
Sevilla,22,26.5,30,2700,90,100,30.0,330,81,192.0,135,20,81,1.2,32,47,-15,-0.5,32.2,38.4,-6.2,-0.21,22,25.4,30,2700,90,100,30.0,330,81,196.0,133,21,124,1.6,47,32,15,0.5,38.4,32.2,6.2,0.21,2024-2025-femenino
UDG Tenerife,28,27.5,30,2700,90,100,30.0,330,81,192.0,137,21,107,1.4,40,36,4,0.13,32.5,36.6,-4.1,-0.14,28,25.4,30,2700,90,100,30.0,330,81,200.0,130,22,113,1.3,36,40,-4,-0.13,36.6,32.5,4.1,0.14,2024-2025-femenino
Valencia,30,25.1,30,2700,90,100,30.0,330,81,197.0,134,22,78,0.77,24,47,-23,-0.77,25.4,44.0,-18.6,-0.62,30,25.5,30,2700,90,100,30.0,330,81,199.0,132,20,121,1.97,47,24,23,0.77,44.0,25.4,18.6,0.62,2024-2025-femenino
