Season,Squad,Unnamed: 2_level_0 Poss_for,Touches Def Pen_for,Touches Def 3rd_for,Touches Mid 3rd_for,Touches Att 3rd_for,Touches Att Pen_for,Touches Live_for,Take-Ons Att_for,Take-Ons Succ_for,Take-Ons Succ%_for,Take-Ons Tkld_for,Take-Ons Tkld%_for,Carries Carries_for,Carries PrgDist_for,Carries PrgC_for,Carries 1/3_for,Carries CPA_for,Carries Mis_for,Carries Dis_for,Receiving Rec_for,Receiving PrgR_for,Unnamed: 2_level_0 Poss_against,Touches Touches_against,Touches Def Pen_against,Touches Def 3rd_against,Touches Mid 3rd_against,Touches Att 3rd_against,Touches Att Pen_against,Take-Ons Att_against,Take-Ons Succ_against,Take-Ons Succ%_against,Take-Ons Tkld_against,Take-Ons Tkld%_against,Carries Carries_against,Carries TotDist_against,Carries PrgC_against,Carries 1/3_against,Carries CPA_against,Carries Mis_against,Carries Dis_against,Receiving Rec_against,Receiving PrgR_against
2024-2025 Premier League,Arsenal,56.9,1844,6064,10362,7808,1282,24054,726,320,44.1,316,43.5,14234,40246,852,540,286,483,382,16894,1801,43.1,19306,2948,7642,7501,4397,632,595,255,42.9,260,43.7,10350,57925,618,413,162,451,338,12077,927
2024-2025 Premier League,Aston Villa,50.5,2646,7301,9257,5362,951,21693,726,327,45.0,299,41.2,12334,36242,720,448,212,508,386,14423,1331,49.5,21614,2408,6804,9497,5515,886,617,236,38.2,310,50.2,12031,65638,688,462,205,491,327,14278,1292
2024-2025 Premier League,Bournemouth,48.5,2217,6444,9314,6128,1005,21611,672,294,43.8,300,44.6,11733,36709,754,534,228,597,350,12855,1474,51.5,22681,2841,8227,9246,5446,934,704,326,46.3,301,42.8,12104,65710,685,452,203,663,390,13911,1280
2024-2025 Premier League,Brentford,47.9,3282,8328,8055,5310,987,21485,627,265,42.3,293,46.7,11412,31661,598,380,213,549,300,13153,1339,52.1,23090,2608,7185,8991,7103,1189,661,282,42.7,314,47.5,12890,68221,835,579,294,507,319,14889,1547
2024-2025 Premier League,Brighton,52.3,2601,7503,10292,6153,1085,23670,797,338,42.4,382,47.9,13919,41746,816,576,263,583,344,15637,1522,47.7,22046,2949,8740,9148,4374,877,795,353,44.4,350,44.0,12304,64473,607,355,243,503,355,14102,1196
2024-2025 Premier League,Chelsea,57.1,2410,7564,11375,6497,1115,25212,783,326,41.6,336,42.9,14501,41394,861,493,317,466,297,17888,1576,42.9,20227,2916,8063,8175,4232,771,627,263,41.9,273,43.5,11048,60917,600,391,179,468,315,12876,1190
2024-2025 Premier League,Crystal Palace,42.8,2570,7689,8441,4456,797,20385,500,209,41.8,241,48.2,10275,25304,510,354,126,491,339,11783,1140,57.2,25561,2451,7644,11861,6291,904,733,319,43.5,324,44.2,14221,76019,686,501,175,582,443,17148,1566
2024-2025 Premier League,Everton,40.9,2462,6930,7927,4762,732,19406,636,283,44.5,305,48.0,9535,25414,486,364,119,525,390,11309,1023,59.1,25864,2401,8222,11641,6229,931,729,318,43.6,338,46.4,15106,79769,724,520,195,549,394,17776,1616
2024-2025 Premier League,Fulham,52.3,2641,8095,9787,6287,954,23922,637,288,45.2,254,39.9,14026,38440,786,544,213,515,281,16043,1544,47.7,22348,2568,7282,10037,5271,825,658,276,41.9,289,43.9,12382,68477,654,459,180,572,390,14544,1384
2024-2025 Premier League,Ipswich Town,40.6,3012,7764,7504,4032,605,19089,643,277,43.1,290,45.1,9384,26144,513,330,150,538,347,11405,920,59.4,25927,2229,7646,11051,7443,1168,674,323,47.9,281,41.7,15621,79646,812,547,286,498,308,18201,1703
2024-2025 Premier League,Leicester City,45.4,2881,8066,9845,4048,632,21745,638,264,41.4,304,47.6,12276,30421,576,365,143,500,336,13828,1072,54.6,25340,2098,7128,11349,7106,1214,782,359,45.9,336,43.0,14685,76672,735,534,236,518,392,17421,1736
2024-2025 Premier League,Liverpool,57.7,2422,7285,11575,7274,1315,25896,677,301,44.5,310,45.8,14931,41047,825,558,322,532,350,18113,1910,42.3,20431,3165,8090,8088,4492,779,740,316,42.7,340,45.9,10760,62080,683,407,241,541,302,12509,1074
2024-2025 Premier League,Manchester City,61.3,2092,6503,12076,9753,1348,28099,799,377,47.2,301,37.7,18077,56163,1146,863,404,476,395,21242,1920,38.7,19488,3154,8514,7370,3783,699,523,235,44.9,214,40.9,10841,55784,546,343,164,487,283,12560,904
2024-2025 Premier League,Manchester Utd,53.5,2553,8593,10460,5908,967,24730,621,252,40.6,323,52.0,15116,37992,697,475,230,521,353,16672,1433,46.5,22105,2507,7059,9848,5437,800,775,323,41.7,400,51.6,12263,65968,672,529,184,489,417,14134,1172
2024-2025 Premier League,Newcastle Utd,51.3,2284,7468,9671,6124,1082,23026,657,282,42.9,298,45.4,13016,36065,759,474,263,491,438,15294,1583,48.7,22228,2680,7157,9564,5732,888,687,298,43.4,306,44.5,12457,65304,667,474,223,543,297,14188,1260
2024-2025 Premier League,Nott'ham Forest,41.2,2463,6477,7689,5063,785,18993,581,259,44.6,233,40.1,8768,26563,633,384,187,563,324,10733,1117,58.8,24861,2141,6917,11116,7047,1068,755,327,43.3,343,45.4,14317,84446,966,599,245,588,355,16672,1868
2024-2025 Premier League,Southampton,48.5,3003,8424,9788,4766,688,22774,736,312,42.4,333,45.2,12656,34286,640,460,165,486,355,15394,1118,51.5,23778,2130,6772,9944,7291,1264,661,304,46.0,280,42.4,13724,72045,814,548,300,429,372,16411,1635
2024-2025 Premier League,Tottenham,54.7,2626,8159,10173,6223,1001,24311,812,308,37.9,425,52.3,15073,41758,840,566,249,538,426,16373,1582,45.3,21039,2561,7305,8457,5517,994,693,302,43.6,296,42.7,11514,60259,660,417,220,497,365,12992,1316
2024-2025 Premier League,West Ham,48.4,2942,8352,9852,4896,839,22884,793,347,43.8,360,45.4,11796,29684,632,394,175,492,392,14712,1214,51.6,23805,2423,7191,10213,6620,1094,605,242,40.0,290,47.9,13771,74244,832,510,242,512,364,15670,1610
2024-2025 Premier League,Wolves,48.1,2578,7797,10051,4750,729,22328,731,324,44.3,315,43.1,12486,34365,607,458,146,591,369,14358,1179,51.9,23658,2351,7218,10397,6274,982,778,296,38.0,373,47.9,13159,70747,767,520,234,557,428,15750,1522
2024-2025 Serie A,Atalanta,55.3,2035,6907,11325,7007,1076,25013,645,257,39.8,330,51.2,15076,42064,897,696,254,574,362,17329,1808,44.7,21205,2790,8216,9243,3956,555,573,234,40.8,272,47.5,11137,57758,510,355,115,603,299,13265,976
2024-2025 Serie A,Bologna,58.1,2070,6703,10984,5817,831,23297,555,221,39.8,266,47.9,13684,33468,639,422,167,598,361,15512,1457,41.9,18117,2704,7710,7369,3241,566,611,255,41.7,283,46.3,9049,46842,440,311,141,557,308,10342,869
2024-2025 Serie A,Cagliari,44.9,2531,7637,8203,4166,645,19799,552,228,41.3,274,49.6,10679,25903,506,339,115,585,294,11974,1140,55.1,23820,2217,7184,11262,5576,864,498,211,42.4,238,47.8,14003,76881,756,548,216,621,300,15925,1490
2024-2025 Serie A,Como,54.6,2359,7668,10461,5315,791,23244,622,264,42.4,288,46.3,14108,35128,658,463,202,577,360,15729,1371,45.4,20145,2452,7535,8695,4136,636,653,288,44.1,303,46.4,11073,57995,539,369,132,524,360,12668,1106
2024-2025 Serie A,Empoli,41.7,2279,6509,8088,3861,562,18252,505,212,42.0,238,47.1,8486,20518,428,284,102,594,349,9986,1004,58.3,24163,2469,7992,10874,5490,824,612,234,38.2,309,50.5,13687,70351,588,461,162,582,380,15959,1386
2024-2025 Serie A,Fiorentina,51.0,2419,7306,9857,4479,671,21423,600,270,45.0,254,42.3,12538,32278,620,479,164,535,306,14051,1226,49.0,21017,2165,6702,9865,4642,739,549,240,43.7,248,45.2,12226,66938,675,429,148,530,283,13680,1265
2024-2025 Serie A,Genoa,45.6,2523,7477,8829,3958,644,20078,505,187,37.0,260,51.5,10006,25471,470,343,112,593,289,11902,967,54.4,23029,2327,7364,10399,5459,832,650,283,43.5,283,43.5,13102,65300,609,484,166,587,389,14943,1359
2024-2025 Serie A,Hellas Verona,38.7,2055,5973,8025,3869,532,17657,508,228,44.9,233,45.9,8757,22203,449,338,100,533,254,9765,998,61.3,25434,2078,7310,12632,5689,799,665,281,42.3,311,46.8,14985,78285,665,502,158,567,361,17750,1582
2024-2025 Serie A,Inter,59.4,2510,7834,12203,6361,1048,26206,407,158,38.8,199,48.9,16253,40921,694,566,155,423,242,19251,1717,40.6,18906,2505,6651,8467,3974,604,492,213,43.3,239,48.6,10804,58866,631,416,153,521,266,12057,1058
2024-2025 Serie A,Juventus,57.2,2320,7729,11766,5913,856,25196,658,309,47.0,300,45.6,15347,45140,810,558,216,568,293,18089,1548,42.8,19571,2513,6795,8487,4493,608,525,208,39.6,263,50.1,10828,59104,540,459,134,486,343,12460,1087
2024-2025 Serie A,Lazio,55.1,2262,6760,11033,5654,928,23193,628,296,47.1,266,42.4,13530,39821,774,587,189,469,310,16281,1580,44.9,19987,2599,7206,8767,4204,661,546,250,45.8,251,46.0,11670,63272,548,381,124,437,269,12863,1124
2024-2025 Serie A,Lecce,43.8,2594,7211,8380,4085,605,19441,547,237,43.3,248,45.3,9704,25490,519,349,121,572,290,11350,1062,56.2,23576,2146,6501,11073,6205,899,644,283,43.9,301,46.7,13689,70792,654,510,165,594,326,15603,1668
2024-2025 Serie A,Milan,53.9,2115,7299,10263,5518,966,22841,721,343,47.6,309,42.9,14001,44096,915,648,269,513,288,16145,1572,46.1,20310,2550,7151,8891,4491,679,527,234,44.4,246,46.7,11742,65088,618,452,150,469,306,13610,1216
2024-2025 Serie A,Monza,48.5,2852,8271,9181,4056,480,21335,507,220,43.4,227,44.8,12954,31645,533,413,89,510,334,14106,1081,51.5,22691,1877,5883,11026,5982,904,554,229,41.3,272,49.1,12838,66921,699,542,186,545,290,15414,1581
2024-2025 Serie A,Napoli,54.6,2258,7471,11310,5295,869,23887,611,244,39.9,286,46.8,13244,35365,739,443,207,473,326,16735,1530,45.4,20770,2464,6906,9530,4543,584,519,211,40.7,258,49.7,11837,63353,537,445,103,499,277,13488,1132
2024-2025 Serie A,Parma,44.2,2706,7204,8455,4468,655,19896,587,249,42.4,276,47.0,11305,29684,578,416,168,548,297,12339,1049,55.8,23755,2179,7107,10907,5980,943,561,242,43.1,242,43.1,14164,77691,822,573,209,524,281,16290,1752
2024-2025 Serie A,Roma,53.9,2375,7151,11355,5819,861,24118,563,210,37.3,266,47.2,14077,36058,691,579,162,545,283,16857,1488,46.1,21195,2530,7476,9356,4564,677,487,215,44.1,224,46.0,11917,65549,668,479,161,538,327,14024,1266
2024-2025 Serie A,Torino,47.5,2400,6911,9482,4475,605,20693,452,169,37.4,236,52.2,12098,31118,529,389,107,490,272,13424,1103,52.5,22649,2383,7542,9869,5453,868,499,205,41.1,232,46.5,13393,67768,722,478,177,532,236,15221,1332
2024-2025 Serie A,Udinese,47.2,2410,6993,9142,4451,694,20347,623,281,45.1,294,47.2,11222,29910,566,424,127,558,295,12776,1140,52.8,22212,2520,7711,9803,4905,788,578,229,39.6,279,48.3,12421,64424,582,419,159,536,283,14666,1273
2024-2025 Serie A,Venezia,45.1,2614,7044,8341,4288,633,19445,601,248,41.3,290,48.3,10476,28256,507,383,124,621,398,11442,1057,54.9,22914,2219,7116,10168,5872,922,654,286,43.7,286,43.7,12980,66635,719,506,191,627,319,14815,1376
2024-2025 Ligue 1,Angers,41.2,2146,6594,7732,3813,512,17913,613,249,40.6,331,54.0,9398,26951,502,365,98,493,297,10991,943,58.8,24043,1747,5934,11764,6568,921,649,313,48.2,294,45.3,14633,79121,784,623,185,469,330,17198,1756
2024-2025 Ligue 1,Auxerre,42.5,2265,6744,7753,3877,614,18183,622,258,41.5,324,52.1,10101,24986,484,350,137,452,346,10927,1078,57.5,22989,1832,6490,11361,5341,772,649,290,44.7,316,48.7,13114,70683,645,441,159,508,341,15775,1510
2024-2025 Ligue 1,Brest,48.4,2240,6822,8962,4265,644,19875,490,209,42.7,245,50.0,10454,26772,470,348,117,509,246,12586,1084,51.6,21061,2098,6857,9665,4731,767,615,275,44.7,308,50.1,11648,59666,559,389,140,565,348,13948,1507
2024-2025 Ligue 1,Le Havre,43.1,2197,6737,7822,3637,581,17965,512,233,45.5,236,46.1,9506,26445,538,347,93,448,311,11013,1033,56.9,22664,1913,5983,11021,5860,832,605,258,42.6,304,50.2,13247,67565,633,469,140,535,317,15850,1632
2024-2025 Ligue 1,Lens,54.1,1929,6346,10186,5833,848,22162,582,249,42.8,297,51.0,12325,30074,570,479,122,576,341,14727,1440,45.9,19947,2360,6777,8799,4591,684,633,280,44.2,299,47.2,10605,55338,585,454,167,551,307,12410,1085
2024-2025 Ligue 1,Lille,57.6,1932,6099,11352,5991,854,23268,598,283,47.3,288,48.2,13642,37395,669,512,158,513,300,16614,1603,42.4,18455,2383,7264,7928,3473,601,594,243,40.9,311,52.4,10360,51946,503,318,147,485,315,11670,935
2024-2025 Ligue 1,Lyon,56.4,2155,6644,10377,5810,999,22626,546,238,43.6,277,50.7,13430,36807,709,483,201,456,281,15904,1600,43.6,18656,2259,6330,8014,4506,734,626,285,45.5,310,49.5,9503,52123,624,391,171,454,266,11808,1119
2024-2025 Ligue 1,Marseille,63.3,1928,6930,13580,6271,850,26592,607,278,45.8,300,49.4,16260,39382,664,499,197,471,313,20224,1703,36.7,16997,2207,6352,7403,3418,527,510,198,38.8,274,53.7,8945,45661,436,277,155,442,278,10556,867
2024-2025 Ligue 1,Monaco,55.0,1745,5633,10914,5558,969,21876,613,266,43.4,300,48.9,12485,34414,670,534,187,601,341,14447,1629,45.0,19030,2336,6789,8295,4152,588,666,285,42.8,339,50.9,9441,50276,549,389,133,578,331,11475,1198
2024-2025 Ligue 1,Montpellier,45.3,2072,6036,8263,4032,540,18129,609,262,43.0,302,49.6,9615,27149,529,362,138,478,296,11348,1030,54.7,21377,1891,5927,10462,5175,876,640,298,46.6,310,48.4,12486,64650,632,471,173,519,321,14631,1451
2024-2025 Ligue 1,Nantes,40.4,2137,6120,8089,3839,644,17869,525,227,43.2,278,53.0,9492,23741,502,344,141,485,286,10932,1044,59.6,24836,1972,6721,12086,6215,872,603,244,40.5,321,53.2,14536,73671,715,482,175,500,324,17820,1709
2024-2025 Ligue 1,Nice,47.5,2171,6488,9270,4693,843,20200,687,295,42.9,346,50.4,10937,32981,701,413,171,540,315,13013,1312,52.5,21769,2318,6781,10019,5194,738,568,237,41.7,297,52.3,12118,60988,618,468,149,499,336,14620,1305
2024-2025 Ligue 1,Paris S-G,68.0,1991,6704,14734,8262,1211,29495,802,364,45.4,393,49.0,18244,49950,936,702,347,488,329,23027,2114,32.0,15926,2513,6411,6303,3420,561,638,282,44.2,325,50.9,8255,43399,467,318,125,510,294,9268,868
2024-2025 Ligue 1,Reims,44.1,2437,6983,7699,4213,649,18661,629,279,44.4,312,49.6,9968,30711,586,420,139,576,304,11542,1140,55.9,22485,1994,6180,10380,6116,936,575,266,46.3,285,49.6,12935,67208,663,521,187,497,273,15499,1620
2024-2025 Ligue 1,Rennes,50.9,1999,6281,9624,4970,763,20680,643,270,42.0,327,50.9,11438,31644,663,429,186,508,344,13788,1421,49.1,20140,2247,6943,9019,4349,697,543,214,39.4,296,54.5,11095,55664,575,365,162,499,300,13134,1136
2024-2025 Ligue 1,Saint-Étienne,47.1,2437,6917,8493,4607,600,19844,558,239,42.8,294,52.7,10318,26053,529,334,138,550,309,12920,1254,52.9,21882,1767,6492,10179,5407,980,627,298,47.5,296,47.2,12700,64548,714,481,235,532,285,15019,1453
2024-2025 Ligue 1,Strasbourg,50.1,2567,8555,9120,3825,614,21305,629,282,44.8,304,48.3,12112,29750,563,365,170,514,263,14530,1191,49.9,20748,2028,6897,9204,4819,823,489,202,41.3,257,52.6,11921,59250,537,395,164,494,280,14145,1349
2024-2025 Ligue 1,Toulouse,45.0,1884,6030,8440,4363,789,18602,616,277,45.0,306,49.7,10414,26397,543,369,155,527,311,11568,1201,55.0,22354,2367,7535,10508,4524,615,651,290,44.5,318,48.8,12597,64349,589,403,128,548,287,15275,1320
2024-2025 Bundesliga,Augsburg,44.3,2215,6126,8404,4701,681,19034,555,228,41.1,280,50.5,10166,23696,450,356,97,587,297,11478,1149,55.7,22943,2360,7467,10398,5239,816,469,197,42.0,233,49.7,12814,62501,604,405,140,479,231,15364,1429
2024-2025 Bundesliga,Bayern Munich,67.9,1651,6130,14825,8664,1212,29425,791,383,48.4,354,44.8,18048,45625,831,683,265,495,264,22614,2125,32.1,16085,2998,7592,6086,2581,425,476,200,42.0,250,52.5,7861,36733,286,200,81,453,256,9050,664
2024-2025 Bundesliga,Bochum,45.5,2240,6257,8021,4198,683,18308,421,167,39.7,239,56.8,9051,19107,378,292,89,524,235,10164,1077,54.5,22119,2332,7245,9965,5100,898,619,266,43.0,306,49.4,11590,58190,599,420,182,526,294,13929,1435
2024-2025 Bundesliga,Dortmund,58.9,2170,6972,11525,5921,916,24208,747,341,45.6,334,44.7,14567,36951,701,522,219,502,307,16922,1555,41.1,18251,2382,6828,7494,4124,694,539,231,42.9,261,48.4,9340,47128,473,355,138,498,262,10851,1045
2024-2025 Bundesliga,Eint Frankfurt,49.7,2574,7332,9549,4619,871,21310,609,293,48.1,272,44.7,12239,29809,585,428,188,561,262,13804,1337,50.3,21445,2319,6565,9663,5361,799,544,228,41.9,280,51.5,11276,56986,547,422,143,447,286,14035,1273
2024-2025 Bundesliga,Freiburg,48.7,2220,6656,9166,4504,722,20174,486,215,44.2,237,48.8,10294,26564,442,319,119,456,259,12683,1120,51.3,21416,2280,7469,9517,4592,727,478,222,46.4,235,49.2,12223,56939,471,354,120,539,276,13965,1167
2024-2025 Bundesliga,Gladbach,49.6,2921,8283,9361,4035,702,21514,469,206,43.9,231,49.3,11672,29577,530,360,131,420,269,14002,1104,50.4,21784,2032,5968,9969,6055,1000,514,233,45.3,240,46.7,11945,60720,607,463,171,501,264,14355,1509
2024-2025 Bundesliga,Heidenheim,43.5,2427,7356,7915,3789,619,18831,532,232,43.6,250,47.0,10014,26117,516,347,94,537,240,11035,959,56.5,23335,1995,6152,11630,5773,847,607,264,43.5,294,48.4,13152,67306,643,489,154,523,320,15686,1610
2024-2025 Bundesliga,Hoffenheim,48.7,2338,6644,9219,4904,762,20588,505,234,46.3,238,47.1,10884,25062,481,391,124,451,293,12717,1208,51.3,21736,2361,6905,9596,5414,898,556,242,43.5,269,48.4,11712,57227,529,428,143,550,301,13877,1336
2024-2025 Bundesliga,Holstein Kiel,43.6,2860,7924,7386,3022,572,18167,424,184,43.4,200,47.2,8483,19640,359,261,81,504,242,10453,860,56.4,22214,1790,5535,10403,6454,987,589,253,43.0,277,47.0,12764,60246,549,409,172,548,264,14660,1558
2024-2025 Bundesliga,Leverkusen,59.2,1888,5876,12171,7188,918,25092,584,254,43.5,293,50.2,13865,35710,696,496,181,458,253,18137,1678,40.8,18556,2562,7087,7890,3728,560,384,173,45.1,184,47.9,10192,49152,403,333,99,438,211,11490,972
2024-2025 Bundesliga,Mainz 05,50.4,2193,6705,9124,5015,782,20671,496,214,43.1,252,50.8,10562,22087,466,334,119,593,295,12386,1272,49.6,20500,2395,7086,8870,4721,774,491,212,43.2,236,48.1,10118,47298,436,329,132,534,328,12192,1107
2024-2025 Bundesliga,RB Leipzig,52.2,2257,6793,10962,4856,757,22392,580,261,45.0,260,44.8,11429,27778,516,392,136,510,312,14621,1346,47.8,20820,2272,6842,9156,4982,889,574,267,46.5,258,44.9,10832,52648,530,354,154,510,285,12947,1256
2024-2025 Bundesliga,St. Pauli,44.2,2257,6816,8232,4244,648,19139,429,179,41.7,201,46.9,9105,22922,418,326,122,476,262,11611,1057,55.8,23319,2172,6856,12047,4560,704,554,245,44.2,266,48.0,12880,63001,484,352,117,554,271,15848,1374
2024-2025 Bundesliga,Stuttgart,57.2,2241,6719,11421,5572,945,23539,566,264,46.6,272,48.1,13416,32190,545,434,170,499,312,16334,1478,42.8,18607,2476,6977,7887,3903,669,515,222,43.1,254,49.3,9866,48935,443,320,128,464,223,11303,1014
2024-2025 Bundesliga,Union Berlin,40.0,2167,6285,7721,3997,688,17831,420,172,41.0,214,51.0,8875,20269,390,252,107,472,286,9874,1032,60.0,24274,2285,6987,12081,5341,764,553,237,42.9,270,48.8,13550,66402,595,435,123,486,267,16348,1484
2024-2025 Bundesliga,Werder Bremen,50.0,2477,7701,9226,4721,818,21488,477,195,40.9,240,50.3,12439,27735,495,347,126,493,256,13899,1343,50.1,21849,2259,6824,10158,5066,781,563,245,43.5,276,49.0,11625,56447,540,396,157,499,275,14179,1323
2024-2025 Bundesliga,Wolfsburg,46.1,2295,6603,8190,4491,725,19116,514,209,40.7,268,52.1,10180,23417,489,338,131,504,215,11456,1196,53.9,21657,2121,6793,9608,5447,789,580,294,50.7,246,42.4,11549,57655,549,414,145,493,245,14111,1340
2024-2025,Alavés,45.3,1876,5802,8634,4809,691,19059,478,185,38.7,245,51.3,9128,22946,449,346,90,598,307,10419,1148,54.7,22689,2367,7584,10446,4876,659,810,378,46.7,348,43.0,11958,63721,573,440,137,645,389,14127,1309
2024-2025,Athletic Club,48.4,1884,6255,10334,5382,760,21755,791,328,41.5,388,49.1,11368,32773,682,444,188,597,401,13522,1561,51.6,23225,2765,9110,10141,4156,588,633,283,44.7,296,46.8,12464,60243,468,345,111,608,281,14809,1168
2024-2025,Atlético Madrid,52.6,2335,8013,11493,6074,860,25380,639,276,43.2,305,47.7,15829,41305,760,579,167,541,275,17707,1553,47.4,23851,2405,6916,11439,5686,619,694,308,44.4,319,46.0,13506,67569,581,479,100,577,300,16092,1533
2024-2025,Barcelona,68.3,1857,6516,14966,8535,1208,29797,909,455,50.1,375,41.3,18077,49435,860,667,238,579,316,22187,2201,31.7,16221,2896,7293,6081,3011,566,572,249,43.5,271,47.4,7646,39978,406,246,147,545,267,8434,769
2024-2025,Betis,52.4,2253,7466,10545,6088,921,23862,722,312,43.2,344,47.6,13910,36269,679,532,228,676,378,15627,1468,47.6,22048,2459,7355,9895,5002,750,702,302,43.0,342,48.7,11838,60140,611,421,165,564,303,13770,1394
2024-2025,Celta Vigo,53.6,2232,7618,12133,5574,831,25114,628,254,40.4,312,49.7,15010,39392,709,500,218,558,296,17691,1649,46.4,22435,2437,7311,10538,4807,676,638,290,45.5,286,44.8,12857,65278,564,463,144,527,269,14814,1209
2024-2025,Espanyol,39.8,2655,7408,7625,3582,548,18401,546,221,40.5,266,48.7,9361,28280,497,359,109,561,241,10490,991,60.2,25692,1881,6559,12682,6675,1016,686,300,43.7,310,45.2,15118,83083,838,604,195,585,330,17827,1808
2024-2025,Getafe,41.8,1770,5183,7998,4646,675,17600,631,265,42.0,312,49.4,7825,19034,368,311,105,719,357,8611,966,58.2,22942,2431,8144,10481,4497,630,740,332,44.9,333,45.0,11645,58255,499,343,123,641,312,13820,1269
2024-2025,Girona,56.3,2516,7829,11533,5912,795,25083,634,291,45.9,276,43.5,15275,44108,765,553,180,522,312,18040,1684,43.7,20788,2333,7034,8948,5006,779,620,265,42.7,292,47.1,11640,59568,582,402,202,476,277,13689,1174
2024-2025,Las Palmas,50.7,2561,7809,10353,4511,669,22493,571,239,41.9,288,50.4,11365,28603,499,346,113,547,275,14222,1197,49.3,22205,2110,6608,10200,5612,931,654,285,43.6,307,46.9,11832,64867,684,471,197,638,312,13983,1457
2024-2025,Leganés,42.6,2448,7029,8720,3764,482,19305,627,302,48.2,263,41.9,9782,24033,417,364,105,575,314,11128,1023,57.4,24252,1859,6747,11160,6562,957,683,304,44.5,295,43.2,13277,70117,754,561,191,609,338,16152,1661
2024-2025,Mallorca,46.8,2598,7168,9299,4391,635,20644,583,255,43.7,260,44.6,10945,26760,479,409,85,567,377,12481,1169,53.2,22970,2030,6645,10519,6025,901,549,243,44.3,257,46.8,12758,66974,693,462,189,577,327,14846,1572
2024-2025,Osasuna,46.1,2263,6318,8904,5007,737,20027,592,260,43.9,279,47.1,10439,27022,567,424,134,532,293,12053,1204,53.9,23180,2310,7397,10374,5622,821,671,307,45.8,311,46.3,12868,68588,647,491,168,675,303,15079,1535
2024-2025,Rayo Vallecano,51.7,2557,7799,9339,5455,711,22371,647,286,44.2,304,47.0,12068,29156,589,431,143,630,327,13833,1346,48.3,21249,2413,7416,9160,4906,774,740,355,48.0,309,41.8,10729,60783,613,434,161,630,318,12661,1318
2024-2025,Real Madrid,60.4,2392,7662,12794,8048,1181,28238,878,412,46.9,384,43.7,17893,50356,983,696,364,528,290,21223,1953,39.6,19910,2621,7172,8356,4578,643,521,222,42.6,264,50.7,11509,60630,648,470,160,476,322,12876,1155
2024-2025,Real Sociedad,53.8,2275,7208,10770,5243,747,23023,659,295,44.8,307,46.6,12533,34084,645,417,163,603,297,14716,1325,46.2,20816,2394,7200,8796,5046,752,643,271,42.1,308,47.9,10345,51781,538,384,168,618,341,12516,1128
2024-2025,Sevilla,50.5,2404,8057,9800,4813,669,22462,720,339,47.1,320,44.4,11147,29786,594,397,161,624,331,14288,1186,49.5,22206,2259,7100,10193,5095,670,637,251,39.4,312,49.0,12283,61270,551,423,139,527,336,14188,1249
2024-2025,Valencia,48.4,2290,7206,9840,5033,653,21871,625,236,37.8,321,51.4,11347,30877,572,414,122,535,340,13802,1328,51.6,23232,2269,7471,10614,5323,743,633,252,39.8,321,50.7,12610,64537,589,414,156,581,326,15181,1403
2024-2025,Valladolid,42.8,2681,8158,8153,3393,523,19502,624,289,46.3,266,42.6,9680,27524,476,316,120,513,268,11933,976,57.2,24328,1805,5842,11908,6783,982,616,290,47.1,276,44.8,14005,73671,724,592,199,547,320,16996,1741
2024-2025,Villarreal,47.6,2612,7831,9120,5352,983,22105,627,279,44.5,278,44.3,12034,34540,693,503,202,560,289,14383,1510,52.4,23983,2415,7431,10422,6344,822,689,292,42.4,336,48.8,14128,70607,720,563,183,519,313,16496,1586
2023-2024,Alavés,41.8,2162,6122,7564,4706,764,18172,625,310,49.6,254,40.6,8574,25494,550,364,138,572,299,9972,1252,58.2,24410,2398,7446,11388,5787,818,698,339,48.6,290,41.5,13762,75816,744,542,187,663,288,16187,1487
2023-2024,Almería,46.4,2654,7711,9323,4094,614,20900,667,299,44.8,314,47.1,11128,30444,590,424,132,550,269,12660,1082,53.6,23390,2099,6542,10880,6169,1003,641,302,47.1,280,43.7,13182,69802,751,563,204,518,353,15316,1620
2023-2024,Athletic Club,49.8,1965,6376,10617,6083,901,22839,743,338,45.5,349,47.0,12487,34507,735,528,193,571,366,14367,1596,50.2,23484,2691,8965,10228,4515,674,707,330,46.7,305,43.1,12385,62315,521,413,127,636,276,14757,1281
2023-2024,Atlético Madrid,50.8,2368,7880,11405,5662,954,24743,567,297,52.4,227,40.0,14402,38491,758,546,181,533,303,16931,1580,49.2,24093,2473,7087,11377,5862,780,734,344,46.9,327,44.6,13383,68637,648,485,140,585,327,16293,1533
2023-2024,Barcelona,64.3,2191,7360,14262,7313,1077,28710,826,384,46.5,338,40.9,17768,54148,964,728,262,605,305,21296,1911,35.7,17756,2590,6676,7139,4146,710,583,280,48.0,243,41.7,8889,47244,487,364,162,466,328,10372,982
2023-2024,Betis,50.4,2339,7497,10512,5555,886,23332,793,386,48.7,329,41.5,13053,34142,676,495,186,626,427,15184,1424,49.6,23260,2492,7590,10639,5269,717,744,325,43.7,358,48.1,12459,67077,649,532,144,556,334,15032,1440
2023-2024,Cádiz,43.3,2242,6375,8425,4551,570,19163,537,230,42.8,263,49.0,9664,25428,456,422,76,571,343,10662,996,56.7,24061,2102,7017,10887,6383,796,807,387,48.0,342,42.4,13220,72327,787,604,170,628,330,15630,1662
2023-2024,Celta Vigo,46.1,2314,7084,9675,5538,818,22057,646,295,45.7,291,45.0,12540,32693,660,489,162,600,336,13773,1332,53.9,25210,2323,7202,12448,5778,865,726,354,48.8,308,42.4,14322,73397,651,474,161,604,319,16825,1517
2023-2024,Getafe,44.8,2020,5619,8971,4848,684,19236,552,239,43.3,261,47.3,9360,24618,439,385,122,576,281,10603,1124,55.2,22993,2488,8205,10305,4717,750,640,286,44.7,291,45.5,12328,64824,599,404,146,629,317,14334,1309
2023-2024,Girona,56.9,2695,8432,11583,5985,977,25772,745,353,47.4,297,39.9,16055,46626,894,599,234,584,376,18610,1673,43.1,20464,2336,6616,8688,5391,863,575,247,43.0,274,47.7,11743,61564,610,486,160,492,270,13251,1269
2023-2024,Granada,45.6,2413,7720,8677,3997,667,20144,658,303,46.0,296,45.0,10969,28813,512,379,112,600,305,12010,1030,54.4,23519,2136,6926,10791,6025,843,687,334,48.6,289,42.1,13379,71262,728,542,175,598,348,15349,1478
2023-2024,Las Palmas,59.2,2667,9077,12876,5282,614,27036,680,316,46.5,308,45.3,15544,36286,577,459,116,645,365,18955,1573,40.8,19855,2120,6381,8981,4703,833,687,328,47.7,305,44.4,10333,56743,584,379,190,566,357,11762,1191
2023-2024,Mallorca,45.0,2279,6620,8961,4390,672,19764,511,251,49.1,219,42.9,9848,26398,498,377,108,566,313,11353,1155,55.0,23564,2063,6405,11512,5867,711,718,317,44.2,340,47.4,13445,72039,663,580,151,616,346,15209,1386
2023-2024,Osasuna,47.5,2147,6244,9526,5586,720,21176,530,237,44.7,247,46.6,10522,25894,501,408,97,540,283,12730,1306,52.5,23425,2440,7860,10580,5164,768,589,274,46.5,243,41.3,13001,66811,646,459,171,692,282,14838,1414
2023-2024,Rayo Vallecano,49.4,2306,7210,9672,5091,669,21751,653,283,43.3,306,46.9,10906,26844,506,368,116,634,373,13171,1327,50.6,21917,2382,7287,9837,5015,770,673,338,50.2,270,40.1,11508,64079,658,446,165,621,360,13403,1351
2023-2024,Real Madrid,59.2,2455,7880,13241,7813,1156,28665,889,401,45.1,393,44.2,18483,52448,950,802,315,480,312,21642,1923,40.8,20983,2668,7335,9155,4702,615,504,236,46.8,225,44.6,12788,66462,583,460,127,502,332,13956,1247
2023-2024,Real Sociedad,55.3,2214,6934,11207,5377,769,23317,681,321,47.1,284,41.7,12972,36540,685,465,175,612,351,15092,1402,44.7,19722,2455,7311,8526,4089,603,619,269,43.5,283,45.7,9987,50358,405,318,99,578,368,11578,936
2023-2024,Sevilla,50.3,2261,7429,10033,5652,746,22877,632,292,46.2,278,44.0,12225,32942,635,447,146,620,280,14506,1406,49.7,22884,2402,7397,10296,5374,787,692,291,42.1,335,48.4,12098,66048,693,492,188,536,362,14675,1469
2023-2024,Valencia,44.3,2323,7222,9012,4440,593,20435,644,276,42.9,294,45.7,10723,28187,522,399,136,582,318,12130,1151,55.7,24786,2064,7654,11522,5816,801,698,309,44.3,309,44.3,14210,70919,621,459,147,635,348,16546,1575
2023-2024,Villarreal,49.6,2879,8003,9685,5250,848,22722,723,351,48.5,329,45.5,12248,34560,654,491,189,570,356,15179,1548,50.4,23143,2172,6893,10048,6441,992,580,272,46.9,260,44.8,13049,69618,734,573,182,516,316,15513,1644
2022-2023,Almería,45.1,2715,7746,8468,4071,631,20067,666,296,44.4,310,46.5,10792,29135,569,433,131,580,281,12047,1080,54.9,23165,1977,6271,10606,6490,1018,711,343,48.2,280,39.4,13816,75540,860,626,236,483,277,15280,1692
2022-2023,Athletic Club,51.6,1978,6159,10166,6645,931,22730,734,347,47.3,305,41.6,12898,39297,864,587,217,554,351,14284,1801,48.4,21997,2875,8384,9237,4606,626,719,320,44.5,322,44.8,12125,62047,549,410,135,600,286,13412,1202
2022-2023,Atlético Madrid,50.6,2414,7790,11103,5714,934,24415,656,322,49.1,262,39.9,13701,35788,730,473,200,486,277,16706,1557,49.4,24043,2425,7018,11697,5530,691,764,351,45.9,334,43.7,14819,75451,729,515,146,540,333,16237,1617
2022-2023,Barcelona,64.3,2020,6759,14000,7894,1154,28422,803,396,49.3,321,40.0,18802,55616,961,785,279,546,326,21144,2169,35.7,17707,2714,6971,7319,3601,547,567,271,47.8,227,40.0,9553,51042,475,342,130,517,295,10227,952
2022-2023,Betis,50.6,2330,7276,10222,5226,718,22473,773,365,47.2,311,40.2,12640,31076,621,492,156,564,353,14568,1259,49.4,21956,2101,6663,9684,5849,785,774,363,46.9,338,43.7,12654,68196,749,606,146,492,327,14098,1553
2022-2023,Cádiz,41.9,2374,6497,7769,4091,579,18151,569,246,43.2,249,43.8,9031,24623,475,350,89,567,354,9839,960,58.1,23666,2154,6661,10803,6401,957,746,351,47.1,320,42.9,13832,75623,823,601,187,596,303,15488,1728
2022-2023,Celta Vigo,50.2,2214,7194,10099,5553,734,22605,700,323,46.1,295,42.1,13546,36623,704,558,161,566,298,14591,1393,49.8,22441,2271,6852,10804,4993,631,747,381,51.0,295,39.5,13039,64525,536,393,137,617,369,14469,1277
2022-2023,Elche,45.5,2416,7058,8743,4363,619,19943,708,342,48.3,311,43.9,11273,29395,561,408,107,577,345,11950,1185,54.5,23458,2067,6449,10874,6360,932,695,323,46.5,280,40.3,13420,72977,737,555,204,588,353,15458,1597
2022-2023,Espanyol,43.1,2216,6173,8355,4471,688,18800,575,257,44.7,260,45.2,9604,25085,528,385,111,526,245,10712,1135,56.9,23635,2324,7122,10596,6153,936,680,299,44.0,301,44.3,13382,73050,748,549,223,539,351,15672,1619
2022-2023,Getafe,39.9,1980,5769,8366,3993,589,17940,456,217,47.6,189,41.4,8695,20506,365,292,78,504,268,9605,989,60.1,25414,2202,7691,12149,5823,670,714,334,46.8,285,39.9,14672,76145,688,544,138,556,256,16902,1504
2022-2023,Girona,51.3,2619,7919,9753,4932,761,22389,728,341,46.8,311,42.7,13365,38669,725,497,167,467,330,15020,1364,48.7,21779,2166,6541,9479,5968,808,623,288,46.2,244,39.2,12609,66110,677,507,166,467,307,14270,1425
2022-2023,Mallorca,41.1,2351,6553,8032,3792,524,18166,556,293,52.7,198,35.6,9509,24564,476,341,94,498,302,10356,935,58.9,24505,1788,5800,12118,6813,758,652,298,45.7,283,43.4,15033,80117,795,569,132,561,300,16791,1695
2022-2023,Osasuna,48.0,2287,6397,9352,5331,709,20883,626,313,50.0,247,39.5,11200,28888,545,416,128,590,316,12580,1338,52.0,22253,2493,7751,9410,5318,786,673,322,47.8,266,39.5,12906,68441,680,486,170,586,268,14007,1357
2022-2023,Rayo Vallecano,51.2,2061,6266,9706,6029,699,21765,660,296,44.8,290,43.9,12216,33507,703,547,131,554,374,13384,1377,48.8,21335,2445,7779,8961,4840,738,765,383,50.1,281,36.7,11197,60030,589,432,165,594,355,12797,1222
2022-2023,Real Madrid,60.9,2415,7782,12859,8463,1151,28872,971,475,48.9,379,39.0,19026,53191,1008,734,338,490,297,21956,2000,39.1,19963,2604,6935,8542,4678,640,617,306,49.6,259,42.0,11794,62135,631,505,140,470,283,12901,1178
2022-2023,Real Sociedad,54.6,2283,6890,10794,5762,798,23227,680,307,45.1,293,43.1,13362,36738,692,499,187,607,368,15101,1463,45.4,20064,2400,7172,8271,4812,654,681,328,48.2,285,41.9,10456,56751,575,450,130,558,375,12005,1017
2022-2023,Sevilla,52.6,2284,7140,10069,5984,741,22994,604,269,44.5,257,42.5,13544,32550,558,520,122,515,312,15243,1497,47.4,21296,2448,6961,9372,5172,750,661,310,46.9,281,42.5,12175,64880,643,489,160,532,306,13536,1265
2022-2023,Valencia,52.0,2061,6446,9155,6255,822,21612,747,352,47.1,307,41.1,12240,37665,786,630,165,555,338,13469,1457,48.0,20602,2406,7019,9022,4748,680,712,334,46.9,311,43.7,11308,59636,480,378,117,545,367,12455,1209
2022-2023,Valladolid,48.7,2571,7370,9027,4583,638,20744,718,309,43.0,318,44.3,11499,32319,610,451,147,589,316,12521,1233,51.3,21570,2128,6441,9260,6084,980,712,332,46.6,296,41.6,11974,64300,723,531,215,533,375,13506,1474
2022-2023,Villarreal,56.9,2621,7659,10215,6181,911,23811,880,435,49.4,345,39.2,14393,45453,846,570,239,552,343,16363,1617,43.1,19276,2222,6362,8049,5094,744,597,264,44.2,270,45.2,10572,57622,640,480,170,513,308,11928,1226
2021-2022,Alavés,42.0,2222,6215,8104,4235,605,18364,504,271,53.8,233,46.2,8699,20539,420,310,102,616,278,9576,969,58.2,24006,2263,7419,10974,5796,897,638,375,58.8,262,41.1,13155,67162,656,466,159,632,288,15266,1558
2021-2022,Athletic Club,48.1,2066,6214,9532,5722,799,21247,530,297,56.0,232,43.8,10777,30509,653,461,146,569,341,12839,1559,51.9,23145,2686,8299,9724,5338,738,582,358,61.5,224,38.5,13233,61552,586,413,154,626,284,14558,1356
2021-2022,Atlético Madrid,50.6,2006,6787,10729,5702,868,23033,600,383,63.8,217,36.2,12629,34800,705,531,164,555,353,14978,1456,49.4,22840,2520,7416,10829,4797,518,619,326,52.7,293,47.3,12320,62922,495,430,78,587,343,14731,1304
2021-2022,Barcelona,64.2,2236,7093,14319,7567,1055,28771,747,474,63.5,273,36.5,18228,52508,961,704,280,623,358,21334,2059,35.2,18008,2652,7090,7453,3639,576,493,249,50.5,244,49.5,9266,49398,448,287,136,569,343,10357,931
2021-2022,Betis,53.7,2299,7311,10969,5603,826,23685,655,372,56.8,283,43.2,13042,33876,666,482,187,588,364,15573,1501,45.9,21018,2221,6760,9187,5302,736,695,371,53.4,324,46.6,11051,61249,686,469,160,562,338,12921,1356
2021-2022,Cádiz,41.3,2215,6501,7898,4374,646,18568,519,281,54.1,238,45.9,9062,26751,571,382,106,576,291,10039,1063,59.1,24939,2196,6771,12031,6336,803,712,410,57.6,302,42.4,14139,77242,735,581,139,672,345,16592,1789
2021-2022,Celta Vigo,55.2,2272,7479,11772,5737,719,24783,591,346,58.5,244,41.3,13606,38568,665,544,125,572,310,15869,1434,44.4,21082,2265,6965,9473,4873,676,762,476,62.5,286,37.5,10464,53122,547,395,133,679,410,12239,1241
2021-2022,Elche,48.4,2493,7657,9086,4313,498,20888,597,339,56.8,258,43.2,11059,26247,531,403,89,650,330,12844,1087,51.6,22214,1764,6198,10589,5631,834,623,354,56.8,268,43.0,12291,66584,657,488,163,567,321,14181,1463
2021-2022,Espanyol,46.9,2604,7525,9167,4471,581,20965,616,373,60.6,243,39.4,11191,30222,610,468,119,563,331,13239,1196,52.9,23110,1938,6189,10593,6526,976,646,371,57.4,275,42.6,12859,72070,800,567,194,533,282,15370,1679
2021-2022,Getafe,41.5,2003,5988,8734,4125,551,18653,452,242,53.5,210,46.5,9326,20748,399,328,92,603,301,10197,910,58.8,25022,2099,7619,12389,5225,653,594,346,58.2,248,41.8,14196,68698,612,505,111,621,339,16581,1509
2021-2022,Granada,44.7,2401,6704,8239,4287,600,19050,495,270,54.5,225,45.5,9255,24761,435,354,96,588,321,10466,1036,66.0,22987,2120,6813,10236,6130,960,632,358,56.6,274,43.4,12410,63240,706,505,190,644,337,14472,1594
2021-2022,Levante,47.2,2377,7382,8840,4535,719,20487,683,348,51.0,335,49.0,10842,29187,569,405,154,614,302,12487,1334,53.1,22619,2204,6680,10519,5639,842,611,374,61.2,237,38.8,12819,67914,716,561,187,554,321,14569,1437
2021-2022,Mallorca,45.3,2231,6593,8320,4619,647,19298,612,368,60.1,244,39.9,10034,27611,575,449,112,613,404,10923,1110,54.9,22593,2165,6846,10513,5434,804,551,303,55.0,248,45.0,12229,64575,650,495,141,622,359,14251,1358
2021-2022,Osasuna,46.9,2013,6066,9272,5397,697,20557,467,261,55.9,206,44.1,10211,23279,417,358,76,597,309,11775,1313,53.3,23306,2463,7877,10125,5520,747,598,347,58.0,251,42.0,12658,67449,722,527,182,603,326,14488,1309
2021-2022,Rayo Vallecano,49.9,2161,6591,9702,5241,734,21275,639,357,55.9,282,44.1,10829,32089,697,497,151,696,371,12632,1299,50.1,21403,2364,7202,9223,5218,723,688,408,59.3,280,40.7,11305,58159,603,470,154,614,341,12807,1315
2021-2022,Real Madrid,59.9,2399,8154,12038,8430,1198,28377,780,456,58.5,324,41.5,18562,51714,1029,757,330,495,277,21234,2061,34.0,20331,2591,6738,8722,5040,681,502,291,58.0,211,42.0,11747,60712,632,509,147,507,349,13167,1250
2021-2022,Real Sociedad,54.3,2574,7504,10671,5504,851,23442,670,360,53.7,310,46.3,13290,36038,667,546,178,626,391,15188,1447,45.3,20488,2362,6990,8514,5184,665,546,286,52.4,260,47.6,11269,57819,587,471,149,625,326,12202,1191
2021-2022,Sevilla,59.4,2692,8904,11372,5872,742,25977,588,305,51.9,283,48.1,15097,34977,625,517,139,589,326,18197,1580,40.2,19020,2220,6221,8288,4698,685,542,306,56.5,236,43.5,9919,52159,521,423,124,558,298,11202,1174
2021-2022,Valencia,43.6,1994,5790,7525,4822,630,17896,642,360,56.1,282,43.9,9186,27482,554,449,109,656,294,9503,1187,56.4,21974,2234,7262,9584,5338,726,623,357,57.3,266,42.7,11943,61183,597,444,133,663,325,13584,1383
2021-2022,Villarreal,56.8,2439,7743,10778,5950,974,24252,746,450,60.3,296,39.7,14622,42169,790,483,240,570,332,16415,1683,43.0,19595,2370,6846,8101,4842,700,476,247,51.9,229,48.1,10274,56171,583,422,161,521,309,11770,1087
2020-2021,Alavés,42.8,2104,6503,8087,3788,575,18188,468,255,54.5,214,45.7,8984,20934,404,315,104,557,256,10113,926,57.3,23128,2076,6655,10894,5762,716,565,368,65.1,197,34.9,12586,68276,632,488,139,564,302,15191,1461
2020-2021,Athletic Club,49.9,1919,5860,10254,5480,675,21400,501,304,60.7,197,39.3,11148,35153,685,508,147,496,335,13474,1477,50.2,22249,2418,7574,9636,5255,664,515,348,67.6,167,32.4,12503,63220,589,465,121,557,294,14174,1366
2020-2021,Atlético Madrid,52.3,1967,6777,12025,5937,894,24555,588,374,63.6,214,36.4,13675,36112,694,483,190,503,342,16649,1598,47.6,22889,2326,6949,10656,5476,577,631,335,53.1,296,46.9,12371,66054,557,531,89,516,326,15032,1371
2020-2021,Barcelona,65.5,2240,7299,14908,9965,1217,31967,770,513,66.6,257,33.4,21041,56171,972,930,276,477,341,25054,2144,45.0,18887,2541,6990,8060,4070,606,522,298,57.1,224,42.9,10362,57617,529,402,127,534,275,11631,1027
2020-2021,Betis,53.6,2102,6948,11168,5736,790,23631,638,420,65.8,218,34.2,13276,34503,694,547,172,591,368,15686,1428,46.1,20972,2314,7011,9392,4770,658,556,345,62.1,211,37.9,11164,59828,551,399,127,505,345,13078,1297
2020-2021,Cádiz,34.8,2120,5874,6716,3598,438,15975,513,321,62.6,192,37.4,7259,20745,455,357,79,561,294,7859,838,65.7,26777,1848,6813,13118,7046,835,607,360,59.3,247,40.7,15858,87187,820,700,146,569,326,18861,1876
2020-2021,Celta Vigo,53.3,2443,7999,10717,4742,593,23264,465,276,59.4,189,40.6,13151,31160,514,431,109,533,279,15060,1299,46.3,20854,1927,6118,9489,5453,714,694,456,65.7,238,34.3,10960,56851,578,430,139,637,424,12701,1231
2020-2021,Eibar,49.3,1764,5553,9563,5924,671,20819,519,320,61.7,199,38.3,10428,24386,507,373,102,657,320,11685,1282,50.4,21668,2897,9306,8407,4147,603,519,315,60.7,203,39.1,10485,51893,446,317,125,544,311,12449,1036
2020-2021,Elche,47.5,2572,8345,9141,3560,417,20846,618,365,59.1,253,40.9,11794,28514,501,368,73,614,345,13378,922,52.4,22919,1668,5637,11438,6060,824,578,368,63.7,210,36.3,14099,73905,702,575,158,526,341,15541,1630
2020-2021,Getafe,43.3,1589,4689,7849,5367,669,17673,483,263,54.5,220,45.5,8137,21035,443,390,116,607,354,8882,1076,57.2,22842,2309,8032,10578,4424,496,619,378,61.1,241,38.9,11476,56925,454,333,87,600,338,13875,1180
2020-2021,Granada,41.4,2133,6002,7387,3948,532,17149,516,312,60.5,204,39.5,8122,21461,411,288,105,526,346,8979,961,59.0,23132,1938,6784,10742,5793,792,468,283,60.5,186,39.7,12755,66716,636,503,146,590,314,14910,1431
2020-2021,Huesca,48.3,2396,7960,9099,4469,594,21267,653,426,65.2,227,34.8,11737,34054,617,452,113,539,305,13397,1173,51.7,23054,2166,6647,10739,5873,741,579,340,58.7,239,41.3,13402,66411,657,474,141,563,317,15249,1433
2020-2021,Levante,52.2,2407,7652,9504,4931,679,21876,615,366,59.5,249,40.5,12435,33417,621,446,136,548,326,14069,1526,47.6,20773,2104,6440,9282,5282,800,543,335,61.7,209,38.5,11550,61623,625,486,175,505,304,12942,1284
2020-2021,Osasuna,43.2,2103,6010,8686,4447,623,18959,441,245,55.6,195,44.2,8688,19734,345,315,64,588,310,10118,1200,56.9,24102,2239,7544,11030,5720,776,553,328,59.3,224,40.5,12972,68706,678,529,178,594,300,15223,1510
2020-2021,Real Madrid,59.3,2279,7913,12359,7814,1021,27853,646,429,66.4,216,33.4,17126,49939,963,739,242,546,315,20538,1909,40.3,20377,2548,6876,8894,4799,573,532,340,63.9,192,36.1,11436,58738,545,467,117,499,339,13087,1148
2020-2021,Real Sociedad,54.9,2089,6527,10724,5581,823,22611,550,330,60.0,220,40.0,12816,37154,626,492,125,518,311,14729,1530,44.9,19586,2348,6984,8569,4222,579,480,280,58.3,200,41.7,10251,50970,436,319,115,525,347,11770,1002
2020-2021,Sevilla,60.9,2495,8190,12249,6228,784,26478,599,392,65.4,207,34.6,15794,38933,691,552,151,516,309,19128,1606,55.0,18445,2148,6138,8069,4430,579,510,326,63.9,184,36.1,9885,51392,544,445,118,569,308,11114,1089
2020-2021,Valencia,46.9,2575,7195,8736,4520,560,20229,553,341,61.7,212,38.3,11500,32815,576,468,102,498,268,12660,1168,53.1,22473,1899,5948,10051,6697,894,592,394,66.6,198,33.4,12591,65616,713,563,163,465,265,14936,1630
2020-2021,Valladolid,45.2,2227,6559,8418,4627,558,19395,504,291,57.7,214,42.5,9720,25666,564,423,112,524,328,11055,1089,54.9,22763,2003,6612,10553,5815,818,681,434,63.7,247,36.3,12690,65770,693,528,152,577,312,14474,1539
2020-2021,Villarreal,55.2,2442,7838,11470,5730,819,24803,692,437,63.2,255,36.8,14443,41859,737,558,185,545,336,17313,1608,44.4,21190,2249,6635,9463,5298,687,588,349,59.4,239,40.6,11878,62594,635,481,140,505,300,13588,1219
2019-2020,Alavés,41.5,2032,6060,8359,3622,508,17859,497,251,50.5,246,49.5,9373,20855,403,307,100,535,309,9525,936,58.5,23863,1842,6718,11873,5477,739,619,364,58.8,255,41.2,13268,69567,656,492,146,600,324,15540,1535
2019-2020,Athletic Club,48.7,2064,6212,9835,5031,594,20847,587,337,57.4,250,42.6,10354,30842,604,493,110,576,299,12422,1273,51.3,21884,2203,7001,9816,5267,651,614,396,64.5,217,35.3,12428,65062,615,488,106,549,316,13538,1382
2019-2020,Atlético Madrid,48.6,1918,6182,10585,5274,807,21852,543,348,64.1,195,35.9,11872,30072,598,516,156,586,377,13506,1323,51.4,23174,2256,6949,11021,5427,606,640,357,55.8,283,44.2,13247,68033,619,569,105,545,375,14793,1508
2019-2020,Barcelona,66.4,2419,7683,15606,8628,1066,31707,793,524,66.1,269,33.9,20416,57254,923,864,243,444,354,24606,2036,33.6,18087,2241,6429,7656,4201,619,501,290,57.9,211,42.1,9797,54159,576,416,170,470,325,10825,996
2019-2020,Betis,56.7,2485,7853,10431,5665,845,23707,713,445,62.4,268,37.6,14024,41021,834,634,200,548,355,16065,1463,43.3,19236,2164,6191,8320,4907,793,511,290,56.8,221,43.2,10260,56375,613,438,180,466,280,11524,1250
2019-2020,Celta Vigo,51.7,2291,7505,10374,4906,585,22567,610,370,60.7,240,39.3,12921,33492,670,521,133,541,375,14460,1358,48.4,21488,1911,5845,9854,6026,745,615,364,59.2,251,40.8,11897,65184,679,537,148,511,338,13334,1423
2019-2020,Eibar,46.3,1777,5164,9086,5479,633,19491,458,260,56.8,198,43.2,9587,21965,424,409,110,564,355,10333,1246,53.7,22447,2798,9373,8818,4454,662,607,343,56.5,264,43.5,11837,59571,561,412,148,608,303,13149,1168
2019-2020,Espanyol,47.4,2092,6860,9234,4417,604,20278,489,281,57.5,208,42.5,10645,29721,561,405,103,576,331,11783,1222,52.6,22320,2161,6637,10437,5498,696,701,444,63.3,257,36.7,12409,68225,688,552,151,536,371,13875,1444
2019-2020,Getafe,45.0,1484,4842,7903,5206,650,17730,476,274,57.6,202,42.4,7551,18906,416,330,82,635,318,8211,1179,55.0,21102,2227,7906,9625,3758,464,574,338,58.9,235,40.9,10240,51878,376,315,89,686,345,11648,1073
2019-2020,Granada,43.8,2226,6282,7633,4377,585,18066,553,300,54.2,253,45.8,9792,25249,511,381,111,486,290,9720,994,56.2,22510,1937,6931,10446,5317,703,570,332,58.2,238,41.8,12484,66692,672,492,180,575,346,14259,1386
2019-2020,Leganés,43.9,1764,5798,8465,4791,636,18836,581,342,58.9,239,41.1,9273,24609,498,412,122,544,291,10246,1145,56.1,23472,2199,7106,11477,5069,588,610,356,58.4,254,41.6,12902,69099,632,562,114,588,349,14940,1407
2019-2020,Levante,48.3,2479,7642,8291,4454,632,20205,637,386,60.6,251,39.4,10797,32153,711,417,157,537,302,12313,1350,51.7,21696,2115,6333,9561,6022,959,532,328,61.7,204,38.3,12480,66807,741,557,219,549,303,13726,1485
2019-2020,Mallorca,45.0,2340,6588,8406,4870,686,19616,709,392,55.3,317,44.7,11405,34539,740,527,201,625,353,11691,1201,55.0,23484,2066,6696,10996,6017,930,602,375,62.3,227,37.7,13556,74203,774,565,203,545,318,15485,1663
2019-2020,Osasuna,47.4,2002,6073,9400,4869,661,20114,525,315,60.0,210,40.0,9935,25607,562,428,124,611,306,10840,1346,52.6,22151,2230,7171,10223,4984,686,617,350,56.7,267,43.3,11357,59766,581,427,143,620,346,12918,1293
2019-2020,Real Madrid,58.8,2234,7711,12551,7671,1038,27682,769,484,62.9,285,37.1,17146,47544,951,727,302,518,315,19981,1951,41.2,20543,2583,7110,9207,4451,530,595,369,62.0,226,38.0,11264,60819,604,473,131,498,360,12905,1199
2019-2020,Real Sociedad,56.2,2340,7553,11352,5327,778,24032,591,355,60.1,234,39.6,14006,40635,737,523,149,552,357,15827,1573,43.8,19876,2210,6594,8777,4746,694,573,321,56.0,252,44.0,10620,55968,546,441,158,539,299,11562,1117
2019-2020,Sevilla,57.9,2229,7794,11678,6387,920,25643,667,413,61.9,254,38.1,14440,39085,803,571,211,541,352,17430,1804,42.1,19982,2400,6615,8833,4755,552,661,400,60.5,261,39.5,10431,55937,552,452,124,573,326,11679,1123
2019-2020,Valencia,49.0,2592,7697,9694,4654,638,21839,549,345,62.8,203,37.0,12893,36309,671,491,114,521,283,14386,1367,51.0,23063,1945,6033,10538,6712,902,590,357,60.5,232,39.3,13600,74649,863,648,204,460,268,15626,1681
2019-2020,Valladolid,44.7,2162,6607,9057,3980,480,19404,569,338,59.4,231,40.6,9985,27378,510,403,110,537,324,11102,1096,55.3,23568,1868,5973,11723,6085,787,672,433,64.4,239,35.6,13197,74264,797,568,158,652,329,15342,1750
2019-2020,Villarreal,52.9,2532,7874,11259,5231,772,24126,690,431,62.5,259,37.5,13189,37620,694,518,209,601,310,16111,1472,47.1,21804,2106,6369,9998,5666,812,602,384,63.8,218,36.2,12330,64811,676,473,170,508,335,13890,1452
2018-2019,Alavés,42.7,2174,6367,8264,4063,609,18472,489,276,56.4,213,43.6,8348,24646,511,366,103,587,341,9540,1102,57.3,23524,2023,6609,11133,6010,864,595,341,57.3,254,42.7,12837,71687,714,535,173,587,392,14794,1825
2018-2019,Athletic Club,50.0,1935,6265,10194,5320,703,21546,542,288,53.1,254,46.9,10781,31442,626,533,124,522,344,13087,1434,50.0,21677,2176,6972,9852,5095,657,646,401,62.1,245,37.9,11399,64793,677,536,124,525,398,13185,1309
2018-2019,Atlético Madrid,49.2,1928,6339,10785,6196,765,23119,572,366,64.0,205,35.8,12778,34534,677,581,169,497,412,14831,1369,50.8,23808,2256,7066,11384,5594,638,701,381,54.4,319,45.5,12723,68078,662,596,112,531,465,15622,1645
2018-2019,Barcelona,64.4,2182,7325,14901,8400,1045,30385,753,446,59.2,307,40.8,19443,52422,851,840,266,456,435,23143,2095,35.6,18710,2299,6567,8133,4232,651,492,266,54.1,226,45.9,9990,55948,558,431,149,488,311,11102,1081
2018-2019,Betis,61.8,2351,7748,12726,6515,826,26755,717,449,62.6,267,37.2,16024,48124,887,705,218,569,392,19278,1622,38.2,17994,2061,5784,7874,4579,698,544,325,59.7,219,40.3,9473,53519,577,460,176,483,396,10516,1139
2018-2019,Celta Vigo,51.6,2297,7252,10891,4967,670,22882,626,380,60.7,246,39.3,12743,34962,673,588,141,499,371,14866,1278,48.4,21502,1931,6001,10013,5698,818,563,304,54.0,258,45.8,11699,65154,721,507,179,497,376,13520,1488
2018-2019,Eibar,54.0,1611,4998,10759,6998,907,22520,592,344,58.1,248,41.9,11159,28489,565,523,135,576,387,12814,1596,46.0,20644,2765,8817,8410,3621,574,564,323,57.3,240,42.6,9346,48705,459,292,143,614,397,10819,1058
2018-2019,Espanyol,49.4,2499,7590,9658,4910,689,21899,523,318,60.8,204,39.0,12023,34689,642,500,139,565,374,13752,1482,50.6,22224,2083,6393,10123,5959,842,684,421,61.5,263,38.5,12180,70682,799,670,201,511,392,14132,1572
2018-2019,Getafe,40.7,1810,5155,7727,4688,688,17351,576,299,51.9,277,48.1,7394,20707,448,383,117,589,366,8009,1121,59.3,23942,2119,7657,11542,4958,653,617,362,58.7,255,41.3,12434,64651,525,427,114,644,349,14591,1373
2018-2019,Girona,48.0,2422,7551,9834,4221,633,21357,537,316,58.8,221,41.2,11343,31729,634,487,102,502,370,13037,1303,52.0,22861,2037,6445,10613,6045,878,636,372,58.5,264,41.5,13030,73146,809,633,221,529,349,14575,1602
2018-2019,Huesca,44.5,2109,6288,8630,4582,723,19263,592,314,53.0,278,47.0,9347,28071,653,484,127,557,356,10474,1201,55.5,23013,2157,6857,10824,5607,817,694,391,56.3,303,43.7,12510,72482,768,545,180,560,409,14442,1562
2018-2019,Leganés,43.1,1976,6160,8726,4496,632,19159,469,253,53.9,216,46.1,9754,24360,447,367,98,476,304,10646,1141,56.9,24519,2052,7018,11921,5784,621,581,354,60.9,227,39.1,13630,72819,705,584,117,553,382,16119,1585
2018-2019,Levante,45.7,2262,6322,8319,4541,688,18917,738,402,54.5,336,45.5,9156,32056,709,451,175,535,429,10747,1284,54.3,22279,2097,6482,9992,6067,1055,722,458,63.4,264,36.6,12412,70897,868,675,239,503,308,13867,1542
2018-2019,Rayo Vallecano,48.7,2337,7145,9307,4597,620,20756,848,534,63.0,314,37.0,11826,37033,831,551,150,644,495,12385,1316,51.3,21765,1997,6057,10258,5680,878,594,335,56.4,257,43.3,11743,64755,660,480,178,540,394,13334,1543
2018-2019,Real Madrid,60.1,2035,7389,13413,7527,1076,28070,756,460,60.8,295,39.0,17576,47867,1009,748,301,493,356,20515,2081,39.9,20119,2534,7038,8853,4451,600,629,384,61.0,245,39.0,10572,59592,615,469,146,479,381,12379,1150
2018-2019,Real Sociedad,51.7,2466,7645,10663,4646,660,22704,679,411,60.5,267,39.3,12418,39771,695,523,134,571,466,14458,1367,48.3,21608,1970,6395,9916,5513,793,584,336,57.5,248,42.5,11225,60435,657,491,188,548,331,13244,1393
2018-2019,Sevilla,52.3,2154,7148,9945,5989,953,22823,606,357,58.9,249,41.1,12731,38134,828,590,199,486,391,14442,1792,47.7,21477,2377,6907,9765,5034,668,513,310,60.4,203,39.6,11828,65430,696,566,148,491,395,13106,1400
2018-2019,Valencia,47.1,2095,6684,9870,5366,835,21673,589,343,58.2,246,41.8,11323,34907,751,498,177,501,337,13565,1547,52.9,24319,2201,7084,11322,6165,769,588,350,59.5,238,40.5,14035,74539,791,590,159,482,360,16278,1621
2018-2019,Valladolid,46.8,2292,6916,9021,4660,592,20379,477,294,61.6,183,38.4,10474,32563,662,473,149,507,347,11933,1294,53.2,22717,1949,6123,11039,5804,786,678,398,58.7,280,41.3,12553,71910,800,607,128,569,434,14502,1631
2018-2019,Villarreal,48.3,2184,6753,10048,5230,804,21789,603,348,57.7,255,42.3,11752,34419,715,478,209,503,340,13666,1643,51.7,23247,2035,6768,10714,6016,858,659,386,58.6,273,41.4,12774,71386,753,575,158,501,394,15061,1549
2017-2018,Alavés,40.3,2197,6320,8026,3879,560,17985,577,330,57.2,244,42.3,9107,24165,454,347,118,534,403,9603,1030,59.7,24801,1933,6576,12237,6263,848,663,396,59.7,267,40.3,14524,76253,751,592,183,571,435,16638,1828
2017-2018,Athletic Club,49.6,2134,6390,10289,5239,761,21645,611,350,57.3,261,42.7,11930,33853,652,522,136,501,409,13091,1507,50.4,22085,2299,7360,10091,4901,693,735,439,59.7,296,40.3,12401,63932,666,492,152,505,444,13605,1302
2017-2018,Atlético Madrid,47.5,2103,7018,10691,5490,740,22950,693,426,61.5,267,38.5,12659,34201,703,498,169,548,448,14408,1449,52.5,24824,2087,6980,12139,5934,715,847,470,55.5,377,44.5,14996,74627,737,639,137,505,540,16461,1660
2017-2018,Barcelona,62.8,2230,7352,14187,8054,1224,29321,973,619,63.6,354,36.4,19047,53040,1025,797,312,486,465,22019,2133,37.2,19311,2416,6707,8561,4292,623,552,323,58.5,229,41.5,10796,58913,632,480,169,479,400,11689,1179
2017-2018,Betis,56.9,2520,8051,12473,5147,585,25432,681,439,64.5,240,35.2,16808,42791,736,557,177,520,381,17825,1500,43.1,19804,1729,5593,9351,5115,825,537,324,60.3,213,39.7,11043,59758,622,469,193,486,422,12328,1349
2017-2018,Celta Vigo,55.7,2455,8023,11901,5073,708,24748,603,376,62.4,227,37.6,14630,38089,724,568,165,501,428,16844,1576,44.3,20658,1951,6194,9486,5185,762,556,338,60.8,218,39.2,11574,59881,611,507,151,563,371,12694,1346
2017-2018,Eibar,52.0,1647,5339,10665,6169,709,21925,649,352,54.2,297,45.8,11543,28436,635,532,129,621,374,12591,1450,48.0,21036,2620,8787,8648,3822,539,613,355,57.9,258,42.1,10432,51631,488,296,140,559,385,11652,1040
2017-2018,Espanyol,46.9,2154,7119,9852,4461,590,21231,596,323,54.2,272,45.6,11608,28646,532,387,124,534,388,12654,1267,53.1,23788,2175,7081,11396,5592,702,700,429,61.3,271,38.7,14203,74088,706,586,144,533,445,15340,1606
2017-2018,Getafe,40.2,1860,5642,7420,4341,572,17199,584,296,50.7,289,49.5,8099,19639,374,315,104,540,408,8445,1083,59.8,24108,1876,7098,11953,5279,648,732,456,62.3,276,37.7,13658,70037,660,494,126,620,439,15350,1567
2017-2018,Girona,46.8,1983,6509,9126,4530,658,19922,644,360,55.9,284,44.1,10354,26849,590,416,119,475,369,11736,1199,53.2,22066,2040,6783,10770,4781,688,606,366,60.4,240,39.6,12215,67430,721,477,161,564,371,13933,1423
2017-2018,La Coruña,46.8,2107,6802,9416,5051,736,21023,622,375,60.3,246,39.5,10832,28899,640,451,170,461,378,12682,1463,53.2,23566,2138,6682,10977,6137,830,679,387,57.0,292,43.0,13518,70442,774,591,198,529,436,15385,1697
2017-2018,Las Palmas,54.7,2378,7676,11346,4861,618,23597,714,449,62.9,264,37.0,14246,38695,726,577,133,569,458,15716,1318,45.3,20457,1983,6103,9636,4967,846,649,379,58.4,268,41.3,11329,61697,766,504,251,513,385,12478,1391
2017-2018,Leganés,43.0,1888,6390,8493,4251,569,18876,608,341,56.1,267,43.9,9590,23931,534,389,107,559,453,10298,1099,57.0,24248,2008,7755,11461,5283,650,698,374,53.6,323,46.3,14398,72805,645,469,150,569,398,15580,1455
2017-2018,Levante,42.8,2160,6122,8198,4610,658,18690,685,375,54.7,310,45.3,9982,30528,676,459,175,572,445,10628,1276,57.2,24072,2019,6952,11478,5855,911,626,386,61.7,239,38.2,14379,73094,758,561,192,521,377,15996,1649
2017-2018,Málaga,44.1,2074,6485,9190,4454,549,19893,586,308,52.6,278,47.4,10572,23656,463,407,104,576,470,11346,1151,55.9,24275,2108,7265,11522,5776,757,708,435,61.4,270,38.1,13805,74949,777,562,164,521,472,15784,1760
2017-2018,Real Madrid,60.2,1889,6969,13215,8217,1223,28106,752,501,66.6,251,33.4,18912,50530,1131,779,312,460,394,20847,2370,39.8,20298,2717,7190,8806,4516,581,621,369,59.4,252,40.6,11790,61940,598,464,134,467,435,12807,1219
2017-2018,Real Sociedad,56.5,2378,7539,11407,5873,827,24568,623,362,58.1,261,41.9,15068,44860,883,644,183,553,447,16851,1595,43.5,19991,2234,6356,9349,4504,644,537,309,57.5,228,42.5,11389,60562,577,431,144,478,319,12127,1224
2017-2018,Sevilla,54.3,2087,7217,11662,5987,949,24586,661,392,59.3,269,40.7,14721,38333,817,592,257,499,430,16249,1805,45.7,21424,2295,6920,9620,5152,758,685,389,56.8,296,43.2,12126,66081,731,490,197,528,472,13130,1396
2017-2018,Valencia,48.6,2141,7061,10314,5068,746,22171,699,428,61.2,271,38.8,13199,36726,739,516,188,539,475,14202,1549,51.4,23360,2052,6732,10783,6110,773,692,383,55.3,309,44.7,13821,71346,728,576,178,491,436,15302,1601
2017-2018,Villarreal,50.4,2292,7613,10767,4789,691,22936,575,328,57.0,247,43.0,12496,34220,719,486,181,464,393,14905,1442,49.6,22743,1997,6523,10374,6080,880,700,423,60.4,277,39.6,13006,68647,805,559,199,510,434,14661,1570
2024-2025-femenino,Athletic Club,52.6,1948,6765,7703,3543,468,17860,406,169,41.6,236,58.1,9576,22571,302,217,87,461,350,11710,1099,47.4,16578,1634,5576,7007,4124,594,310,174,56.1,133,42.9,9014,42622,382,259,104,470,311,10237,1100
2024-2025-femenino,Atlético Madrid,59.1,1859,5876,8824,5026,671,19590,414,189,45.7,219,52.9,11135,28575,494,341,148,483,371,13386,1577,40.9,14789,1949,6031,5669,3224,502,280,134,47.9,145,51.8,7167,35332,339,221,117,416,311,8549,803
2024-2025-femenino,Barcelona,74.4,807,3561,10864,11172,1585,25458,487,251,51.5,234,48.0,15949,34221,765,542,300,413,289,19501,2581,25.6,11299,3145,7149,3230,1003,161,241,90,37.3,151,62.7,4273,21945,154,94,53,402,284,5101,268
2024-2025-femenino,Dep La Coruña,45.0,2287,6341,6082,2535,383,14811,424,235,55.4,189,44.6,7331,20634,349,205,97,506,309,8214,747,55.0,17361,1267,4632,7597,5298,881,401,214,53.4,184,45.9,9488,48222,525,341,181,481,319,10799,1483
2024-2025-femenino,Eibar,34.4,1843,4979,4595,2576,341,12039,302,150,49.7,150,49.7,4295,9719,185,164,75,481,318,4875,576,65.6,20059,1483,5390,9269,5574,691,448,220,49.1,223,49.8,9558,50675,555,356,131,506,291,13005,1637
2024-2025-femenino,Espanyol,35.2,1762,4790,4447,2755,441,11812,331,153,46.2,177,53.5,4671,13216,303,212,97,553,312,5017,610,64.8,18820,1596,5923,8451,4598,658,433,234,54.0,197,45.5,10321,48770,419,261,136,526,384,12212,1342
2024-2025-femenino,Granada,53.7,1650,5735,7263,3884,584,16716,381,195,51.2,183,48.0,8360,19574,425,236,94,426,296,10072,1074,46.3,15325,1855,5785,6243,3445,539,440,206,46.8,233,53.0,7412,39047,368,218,123,500,315,8790,1012
2024-2025-femenino,Levante,51.1,1947,6660,6946,3678,485,17154,412,217,52.7,193,46.8,8567,20220,363,203,100,540,349,10503,1070,48.9,16838,1579,5315,7280,4403,683,501,227,45.3,271,54.1,8758,46619,426,265,130,478,329,10205,1206
2024-2025-femenino,Levante Planas,50.7,1672,5463,7052,4351,547,16679,457,241,52.7,214,46.8,8750,22422,447,319,156,580,424,10112,1153,49.3,16629,1876,6187,7042,3549,510,373,185,49.6,187,50.1,8368,39806,339,212,106,531,317,9930,907
2024-2025-femenino,Madrid CFF,49.4,2005,6762,6223,3031,546,15866,297,145,48.8,151,50.8,7634,20352,410,202,127,456,276,9199,877,50.6,16637,1522,4781,7445,4585,608,374,176,47.1,198,52.9,8957,42418,374,310,129,570,331,9976,1140
2024-2025-femenino,Real Betis,46.9,2086,6178,6018,2957,402,15024,390,177,45.4,213,54.6,6913,15324,271,226,78,507,388,8378,869,53.1,17106,1481,5366,7003,4919,825,447,226,50.6,221,49.4,8880,45010,464,307,198,503,351,10399,1274
2024-2025-femenino,Real Madrid,60.6,1371,4908,8919,6171,1095,19809,540,305,56.5,234,43.3,11573,32207,682,412,248,485,332,13699,1823,39.4,14373,2477,6479,5449,2594,376,286,131,45.8,154,53.8,6798,33527,266,196,75,445,296,8062,697
2024-2025-femenino,Real Sociedad,58.4,1572,5751,8618,4492,615,18704,338,175,51.8,161,47.6,10186,24705,416,307,117,467,385,12527,1331,41.6,14709,1967,6043,5426,3407,537,415,202,48.7,210,50.6,7344,36995,331,216,116,513,363,8371,911
2024-2025-femenino,Sevilla,43.2,1804,5867,6035,2490,333,14222,389,188,48.3,199,51.2,6724,15955,298,204,84,470,306,7560,713,56.8,17828,1460,5597,8073,4316,586,433,244,56.4,189,43.6,9553,44526,430,265,135,521,355,11318,1234
2024-2025-femenino,UDG Tenerife,44.6,2005,5957,5763,2976,476,14540,362,178,49.2,184,50.8,6519,16365,309,172,101,459,319,7697,834,55.4,17503,1525,5557,7593,4484,551,354,189,53.4,164,46.3,8733,45822,465,309,124,471,336,10754,1205
2024-2025-femenino,Valencia,40.8,1759,5494,5364,2838,398,13508,318,146,45.9,171,53.8,6251,17041,335,225,78,483,291,6802,778,59.2,17993,1561,5276,7939,4952,668,512,262,51.2,248,48.4,9810,50023,517,357,129,437,422,11544,1493
