Season,Squad,Total Cmp_for,Total Att_for,Total Cmp%_for,Short Cmp_for,Short Att_for,Short Cmp%_for,Medium Cmp_for,Medium Att_for,Medium Cmp%_for,Long Cmp_for,Long Att_for,Long Cmp%_for,Unnamed: 17_level_0 Ast_for,Unnamed: 18_level_0 xAG_for,Expected xA_for,Expected A-xAG_for,Unnamed: 21_level_0 KP_for,Unnamed: 22_level_0 1/3_for,Unnamed: 23_level_0 PPA_for,Unnamed: 24_level_0 CrsPA_for,Unnamed: 25_level_0 PrgP_for,Total Cmp_against,Total Cmp%_against,Total PrgDist_against,Short Cmp_against,Short Att_against,Short Cmp%_against,Medium Cmp_against,Medium Att_against,Medium Cmp%_against,Long Cmp_against,Long Att_against,Long Cmp%_against,Unnamed: 17_level_0 Ast_against,Unnamed: 18_level_0 xAG_against,Expected xA_against,Expected A-xAG_against,Unnamed: 21_level_0 KP_against,Unnamed: 22_level_0 1/3_against,Unnamed: 23_level_0 PPA_against,Unnamed: 24_level_0 CrsPA_against,Unnamed: 25_level_0 PrgP_against
2024-2025 Premier League,Arsenal,17066,20241,84.3,8591,9363,91.8,7129,7999,89.1,1031,2022,51.0,55,45.3,45.7,9.7,428,1397,437,75,1826,12192,79.9,73593,5573,6249,89.2,5271,6035,87.3,1095,2295,47.7,24,24.5,24.6,-0.5,263,905,197,60,938
2024-2025 Premier League,Aston Villa,14701,17797,82.6,6778,7510,90.3,6555,7386,88.7,1088,2065,52.7,45,41.7,36.9,3.3,358,1137,319,56,1344,14438,83.1,83992,6870,7487,91.8,5962,6755,88.3,1278,2286,55.9,36,36.4,35.8,-0.4,336,1189,295,81,1315
2024-2025 Premier League,Bournemouth,12977,16900,76.8,5648,6514,86.7,5659,6670,84.8,1365,2819,48.4,41,43.8,36.5,-2.8,437,1242,339,106,1489,14072,78.0,94618,6832,7804,87.5,5701,6768,84.2,1179,2500,47.2,36,36.5,36.3,-0.5,369,1012,334,66,1295
2024-2025 Premier League,Brentford,13358,17100,78.1,5849,6739,86.8,5826,6875,84.7,1449,2741,52.9,44,42.4,38.1,1.6,330,1104,325,91,1356,15047,80.4,89605,7373,8191,90.0,6137,7122,86.2,1248,2566,48.6,42,43.3,41.8,-1.3,501,1279,430,92,1562
2024-2025 Premier League,Brighton,15820,19188,82.4,7629,8443,90.4,6541,7472,87.5,1313,2397,54.8,41,40.4,39.1,0.6,377,1189,339,87,1539,14240,80.7,87854,6260,6967,89.9,6537,7370,88.7,1220,2475,49.3,39,41.3,30.2,-2.3,333,1004,248,44,1209
2024-2025 Premier League,Chelsea,18033,21320,84.6,8067,8802,91.6,8244,9120,90.4,1369,2547,53.7,47,52.7,41.8,-5.7,457,1488,346,73,1595,13008,80.1,83133,6079,6788,89.6,5545,6338,87.5,1116,2317,48.2,33,35.3,29.4,-2.3,283,929,255,62,1206
2024-2025 Premier League,Crystal Palace,11875,15754,75.4,5198,6077,85.5,5285,6317,83.7,1137,2545,44.7,38,46.4,36.6,-8.4,379,886,272,69,1158,17325,81.6,101974,7542,8554,88.2,7895,8939,88.3,1520,2707,56.2,39,38.5,34.4,0.5,373,1360,301,73,1578
2024-2025 Premier League,Everton,11405,14953,76.3,5039,5809,86.7,4604,5451,84.5,1526,2901,52.6,27,32.2,27.2,-5.2,298,1003,261,92,1041,17944,83.0,100829,8349,9200,90.8,7862,8874,88.6,1365,2627,52.0,35,34.6,34.2,0.4,361,1368,331,76,1627
2024-2025 Premier League,Fulham,16199,19753,82.0,7195,8007,89.9,7222,8198,88.1,1504,2703,55.6,44,37.5,35.0,6.5,398,1346,343,108,1558,14692,81.3,87331,6948,7706,90.2,6126,7060,86.8,1212,2371,51.1,40,34.4,30.0,5.6,304,1144,279,65,1396
2024-2025 Premier League,Ipswich Town,11524,14775,78.0,5157,5835,88.4,5115,5988,85.4,1021,2184,46.7,26,24.2,21.2,1.8,283,865,173,54,935,18380,83.8,97353,8645,9483,91.2,8006,8968,89.3,1365,2612,52.3,55,53.5,47.9,1.5,456,1449,417,97,1726
2024-2025 Premier League,Leicester City,13945,17486,79.7,6703,7482,89.6,5797,6664,87.0,1073,2370,45.3,25,25.1,24.1,-0.1,252,953,216,67,1082,17576,83.4,99007,8208,9124,90.0,7627,8620,88.5,1431,2419,59.2,57,52.2,51.2,4.8,490,1418,435,109,1755
2024-2025 Premier League,Liverpool,18303,21758,84.1,8615,9382,91.8,7893,8905,88.6,1412,2550,55.4,65,61.6,54.3,3.4,509,1583,430,83,1924,12622,79.1,79156,5991,6722,89.1,5211,6052,86.1,1078,2250,47.9,28,29.4,25.2,-1.4,283,842,210,49,1091
2024-2025 Premier League,Manchester City,21531,24443,88.1,11071,11923,92.9,8884,9710,91.5,1281,2040,62.8,51,54.2,53.8,-3.2,472,1685,440,62,1944,12668,81.9,77112,5940,6537,90.9,5254,5900,89.1,1184,2251,52.6,32,37.2,29.4,-5.2,277,784,248,78,912
2024-2025 Premier League,Manchester Utd,16837,20415,82.5,8233,9125,90.2,6855,7768,88.2,1257,2438,51.6,29,39.7,35.6,-10.7,406,1141,335,73,1448,14277,80.3,82285,6938,7804,88.9,5842,6729,86.8,1071,2230,48.0,36,38.4,32.2,-2.4,309,1064,239,59,1184
2024-2025 Premier League,Newcastle Utd,15416,18898,81.6,7416,8283,89.5,6475,7373,87.8,1193,2313,51.6,50,46.0,42.2,4.0,399,1149,399,70,1595,14333,80.3,85080,7047,7756,90.9,5735,6620,86.6,1213,2556,47.5,41,35.9,31.6,5.1,364,1170,276,65,1273
2024-2025 Premier League,Nott'ham Forest,10822,14366,75.3,5322,6094,87.3,4065,5011,81.1,1038,2339,44.4,42,33.0,29.9,9.0,333,974,241,64,1125,16965,82.2,96915,7747,8667,89.4,7609,8672,87.7,1251,2387,52.4,35,35.2,36.5,-0.2,396,1483,375,92,1886
2024-2025 Premier League,Southampton,15530,18561,83.7,7279,7996,91.0,6699,7455,89.9,1175,2271,51.7,16,24.8,23.9,-8.8,269,989,218,60,1127,16575,84.2,92382,7944,8739,90.9,7112,7939,89.6,1153,2153,53.6,61,63.0,50.1,-2.0,521,1359,421,86,1647
2024-2025 Premier League,Tottenham,16513,19960,82.7,7576,8440,89.8,7372,8289,88.9,1101,2084,52.8,47,44.4,36.3,2.6,375,1254,369,83,1593,13104,79.3,83331,6060,6844,88.5,5408,6248,86.6,1301,2506,51.9,43,46.3,37.6,-3.3,381,1057,331,95,1330
2024-2025 Premier League,West Ham,14820,18363,80.7,6989,7831,89.2,6245,7153,87.3,1346,2580,52.2,29,33.9,32.0,-4.9,331,1075,267,72,1222,15814,81.1,91982,7440,8388,88.7,6663,7690,86.6,1367,2532,54.0,45,47.6,43.0,-2.6,456,1386,392,97,1622
2024-2025 Premier League,Wolves,14472,17884,80.9,6855,7612,90.1,5909,6712,88.0,1251,2503,50.0,42,35.4,26.6,6.6,323,1011,276,72,1185,15875,82.1,93838,7424,8257,89.9,6871,7817,87.9,1283,2372,54.1,47,41.5,35.5,5.5,358,1269,331,71,1534
2024-2025 Serie A,Atalanta,17454,20998,83.1,7796,8669,89.9,7832,8892,88.1,1506,2528,59.6,54,46.9,46.4,7.1,425,1382,395,113,1824,13516,79.7,92365,5825,6592,88.4,6097,6980,87.3,1293,2541,50.9,26,27.5,23.7,-1.5,282,897,199,60,988
2024-2025 Serie A,Bologna,15681,19336,81.1,6113,6881,88.8,7530,8561,88.0,1765,3072,57.5,43,35.2,30.7,7.8,384,1351,293,109,1468,10464,74.6,77127,4277,5049,84.7,4732,5601,84.5,1160,2491,46.6,32,25.4,22.5,6.6,249,646,166,36,876
2024-2025 Serie A,Cagliari,12092,15802,76.5,5258,6076,86.5,5403,6411,84.3,1218,2515,48.4,31,32.0,29.3,-1.0,301,907,234,89,1150,16100,81.9,98240,7324,8136,90.0,7025,8006,87.7,1399,2631,53.2,40,40.2,34.3,-0.2,383,1228,315,90,1504
2024-2025 Serie A,Como,15917,19183,83.0,7607,8351,91.1,6561,7392,88.8,1286,2359,54.5,39,36.6,30.8,2.4,405,1150,279,60,1377,12785,79.5,83289,5140,5832,88.1,5950,6818,87.3,1418,2626,54.0,35,28.9,25.1,6.1,270,885,217,61,1116
2024-2025 Serie A,Empoli,10093,13916,72.5,4015,4844,82.9,4558,5549,82.1,1180,2624,45.0,21,22.9,19.4,-1.9,269,799,214,71,1013,16105,80.8,101211,6767,7646,88.5,7254,8317,87.2,1703,3016,56.5,48,37.2,33.4,10.8,391,1191,305,101,1402
2024-2025 Serie A,Fiorentina,14193,17510,81.1,5771,6478,89.1,6566,7504,87.5,1565,2733,57.3,37,35.1,27.4,1.9,336,984,244,74,1240,13849,80.4,87199,6068,6877,88.2,6133,7047,87.0,1359,2527,53.8,29,30.5,30.2,-1.5,340,1034,256,89,1277
2024-2025 Serie A,Genoa,12025,15727,76.5,4811,5621,85.6,5664,6683,84.8,1243,2515,49.4,27,26.8,22.6,0.2,285,737,201,78,980,15111,80.3,92356,6398,7265,88.1,6966,7986,87.2,1456,2682,54.3,31,33.9,33.2,-2.9,370,1084,314,79,1375
2024-2025 Serie A,Hellas Verona,9854,13457,73.2,4411,5150,85.7,4092,4944,82.8,1079,2569,42.0,20,24.8,20.6,-4.8,276,824,189,61,1011,17933,83.2,105498,7656,8526,89.8,8215,9257,88.7,1657,2784,59.5,48,39.1,32.9,8.9,371,1306,287,69,1593
2024-2025 Serie A,Inter,19412,22592,85.9,8329,9108,91.4,8987,9926,90.5,1751,2661,65.8,57,48.3,49.0,8.7,434,1353,410,119,1730,12179,80.6,76932,5411,6058,89.3,5149,5932,86.8,1335,2386,56.0,20,25.5,24.2,-5.5,303,868,214,77,1064
2024-2025 Serie A,Juventus,18259,21231,86.0,8378,9109,92.0,8078,8869,91.1,1473,2432,60.6,40,35.9,33.2,4.1,393,1390,305,67,1561,12602,80.5,80304,5176,5826,88.8,5815,6627,87.7,1323,2389,55.4,22,21.4,24.0,0.6,284,914,198,63,1097
2024-2025 Serie A,Lazio,16400,19521,84.0,6959,7646,91.0,7447,8298,89.7,1670,2729,61.2,43,38.5,34.7,4.5,403,1374,323,102,1588,13007,81.0,83373,5396,6106,88.4,6085,6918,88.0,1257,2284,55.0,34,28.2,25.7,5.8,281,931,242,100,1133
2024-2025 Serie A,Lecce,11490,15087,76.2,4757,5501,86.5,5029,5971,84.2,1465,2862,51.2,21,24.5,20.5,-3.5,322,852,222,93,1071,15740,80.9,94151,7020,7850,89.4,6974,8018,87.0,1395,2590,53.9,37,37.8,37.1,-0.8,386,1317,358,107,1685
2024-2025 Serie A,Milan,16335,19101,85.5,6939,7660,90.6,7732,8519,90.8,1389,2238,62.1,43,46.8,39.3,-3.8,442,1198,342,77,1589,13716,83.0,85222,5936,6512,91.2,6145,6886,89.2,1330,2375,56.0,35,33.5,28.1,1.5,343,1010,253,80,1228
2024-2025 Serie A,Monza,14248,17515,81.3,5982,6697,89.3,6561,7422,88.4,1412,2561,55.1,18,20.9,18.2,-2.9,245,895,196,72,1096,15588,82.9,94234,6693,7487,89.4,7045,7911,89.1,1509,2589,58.3,54,41.7,36.2,12.3,454,1363,326,86,1599
2024-2025 Serie A,Napoli,16894,20033,84.3,7296,8074,90.4,7665,8530,89.9,1582,2497,63.4,42,39.1,35.4,2.9,391,1235,318,76,1546,13635,81.0,77499,5916,6608,89.5,6133,7005,87.6,1303,2490,52.3,18,21.7,24.1,-3.7,263,990,224,60,1142
2024-2025 Serie A,Parma,12509,15805,79.1,5238,5993,87.4,5643,6511,86.7,1289,2504,51.5,31,29.3,24.5,1.7,316,890,217,59,1059,16404,82.3,98437,7039,7856,89.6,7622,8561,89.0,1435,2574,55.7,42,41.7,34.5,0.3,414,1337,364,124,1761
2024-2025 Serie A,Roma,17016,20265,84.0,7364,8133,90.5,7726,8590,89.9,1535,2676,57.4,35,35.0,32.8,0.0,391,1302,314,81,1501,14165,81.7,88124,5861,6621,88.5,6692,7578,88.3,1355,2425,55.9,21,26.7,24.5,-5.7,323,1065,259,83,1278
2024-2025 Serie A,Torino,13578,17008,79.8,5650,6464,87.4,6225,7103,87.6,1445,2696,53.6,21,22.5,25.9,-1.5,276,980,250,86,1113,15347,82.0,95303,6533,7277,89.8,6923,7856,88.1,1587,2836,56.0,30,34.7,31.3,-4.7,395,1207,317,107,1346
2024-2025 Serie A,Udinese,12945,16279,79.5,5322,6027,88.3,5751,6676,86.1,1552,2764,56.2,28,27.2,24.8,0.8,313,969,242,103,1160,14788,81.2,86699,5990,6768,88.5,6925,7850,88.2,1531,2709,56.5,30,35.6,28.3,-5.6,365,956,274,88,1282
2024-2025 Serie A,Venezia,11573,15155,76.4,5144,5977,86.1,5103,6078,84.0,1002,2218,45.2,16,22.2,22.3,-6.2,282,813,215,58,1066,14934,80.3,96544,6714,7567,88.7,6273,7275,86.2,1602,2808,57.1,35,39.3,34.2,-4.3,422,1156,315,88,1397
2024-2025 Ligue 1,Angers,11082,14057,78.8,4970,5624,88.4,4828,5656,85.4,1022,2043,50.0,17,23.5,22.7,-6.5,216,777,200,63,953,17341,84.9,95868,8061,8942,90.1,7513,8436,89.1,1314,2102,62.5,40,42.2,46.5,-2.2,365,1390,352,77,1776
2024-2025 Ligue 1,Auxerre,11002,14162,77.7,4812,5517,87.2,4576,5349,85.5,1301,2498,52.1,35,32.0,24.3,3.0,296,804,212,68,1084,15891,82.8,93956,7333,8152,90.0,7068,7979,88.6,1159,2173,53.3,36,43.9,43.8,-7.9,348,1272,301,79,1522
2024-2025 Ligue 1,Brest,12678,16021,79.1,5284,6055,87.3,5575,6467,86.2,1526,2732,55.9,32,29.4,30.3,2.6,302,929,189,64,1096,14071,81.5,90246,6084,6890,88.3,6299,7130,88.3,1345,2330,57.7,39,38.5,37.2,0.5,309,1098,310,72,1521
2024-2025 Ligue 1,Le Havre,11125,14115,78.8,4445,5095,87.2,5289,6120,86.4,1156,2182,53.0,21,24.4,25.8,-3.4,230,786,201,85,1051,15963,84.5,91610,7062,7824,90.3,7334,8131,90.2,1227,2109,58.2,50,45.3,42.8,4.7,356,1381,332,81,1639
2024-2025 Ligue 1,Lens,14837,18173,81.6,7330,8209,89.3,5806,6685,86.9,1219,2163,56.4,26,36.2,41.1,-10.2,365,1117,354,100,1451,12550,79.9,78352,5800,6604,87.8,5360,6157,87.1,1062,2124,50.0,25,29.7,29.0,-4.7,279,886,237,55,1095
2024-2025 Ligue 1,Lille,16765,19728,85.0,7248,8031,90.3,7757,8568,90.5,1382,2203,62.7,29,35.1,40.0,-6.1,318,1393,345,70,1616,11769,80.4,72017,5204,5852,88.9,5188,5921,87.6,1116,2179,51.2,23,29.0,29.5,-6.0,245,696,184,48,945
2024-2025 Ligue 1,Lyon,16061,19063,84.3,7944,8738,90.9,6605,7372,89.6,1102,1978,55.7,46,44.4,52.5,1.6,350,1215,371,58,1615,11925,80.9,75383,5510,6209,88.7,4982,5749,86.7,1128,2031,55.5,32,33.0,30.0,-1.0,329,882,249,58,1135
2024-2025 Ligue 1,Marseille,20427,23240,87.9,10229,10983,93.1,8543,9350,91.4,1062,1793,59.2,49,44.6,43.4,4.4,381,1513,325,69,1714,10643,79.8,66087,4796,5416,88.6,4565,5253,86.9,1024,1968,52.0,35,31.5,25.0,3.5,235,805,151,45,872
2024-2025 Ligue 1,Monaco,14561,17916,81.3,6877,7784,88.3,6192,7109,87.1,1143,2134,53.6,49,55.3,54.1,-6.3,390,1232,391,59,1638,11573,77.6,78560,5574,6358,87.7,4552,5515,82.5,1135,2175,52.2,30,26.4,24.0,3.6,260,862,224,57,1218
2024-2025 Ligue 1,Montpellier,11442,14420,79.3,4844,5530,87.6,4897,5675,86.3,1384,2425,57.1,13,23.0,23.6,-10.0,255,875,169,75,1039,14766,84.5,88576,7001,7694,91.0,6243,7038,88.7,1132,1897,59.7,58,44.1,43.4,13.9,401,1104,309,75,1461
2024-2025 Ligue 1,Nantes,10999,13956,78.8,4741,5379,88.1,4886,5607,87.1,1116,2236,49.9,27,27.8,26.3,-0.8,257,878,216,85,1053,17979,85.4,99413,8261,9051,91.3,7932,8778,90.4,1355,2267,59.8,33,39.3,47.8,-6.3,321,1412,336,76,1728
2024-2025 Ligue 1,Nice,13129,16103,81.5,6345,7100,89.4,5509,6336,86.9,1015,1909,53.2,43,42.9,40.6,0.1,353,951,321,65,1320,14744,82.6,86373,6652,7365,90.3,6581,7396,89.0,1196,2270,52.7,30,31.2,33.6,-1.2,351,1131,282,65,1314
2024-2025 Ligue 1,Paris S-G,23156,25781,89.8,10887,11622,93.7,10098,10815,93.4,1623,2267,71.6,69,70.8,61.3,-1.8,521,1849,450,71,2123,9330,77.6,67171,4500,5171,87.0,3518,4163,84.5,963,1851,52.0,22,22.7,22.0,-0.7,232,651,196,41,874
2024-2025 Ligue 1,Reims,11657,14602,79.8,5338,6018,88.7,4868,5628,86.5,1110,2150,51.6,19,26.5,28.4,-7.5,276,861,224,80,1156,15620,83.4,88621,7076,7779,91.0,6968,7833,89.0,1181,2202,53.6,32,40.5,41.6,-8.5,366,1338,360,86,1636
2024-2025 Ligue 1,Rennes,13914,16913,82.3,6055,6811,88.9,6276,7138,87.9,1246,2132,58.4,32,29.6,32.5,2.4,318,1083,265,62,1440,13238,81.1,80233,5958,6681,89.2,5754,6546,87.9,1217,2273,53.5,37,33.7,32.5,3.3,291,894,257,67,1144
2024-2025 Ligue 1,Saint-Étienne,13001,15954,81.5,6224,6913,90.0,5489,6265,87.6,973,1997,48.7,28,24.6,26.5,3.4,269,1024,237,34,1262,15120,83.4,92489,7107,7856,90.5,6180,7024,88.0,1405,2283,61.5,41,47.2,46.1,-6.2,390,1117,335,85,1467
2024-2025 Ligue 1,Strasbourg,14667,17462,84.0,6434,7096,90.7,6989,7831,89.2,998,1882,53.0,43,38.5,32.5,4.5,273,896,216,50,1204,14255,82.3,86979,6261,6940,90.2,6372,7160,89.0,1305,2353,55.5,21,39.1,40.9,-18.1,338,1068,308,92,1361
2024-2025 Ligue 1,Toulouse,11674,14867,78.5,5182,5953,87.0,5259,6118,86.0,964,2027,47.6,34,34.7,38.0,-0.7,297,879,284,65,1219,15399,83.2,86745,6949,7674,90.6,7033,7880,89.3,1078,2164,49.8,28,26.0,28.1,2.0,251,1075,247,64,1326
2024-2025 Bundesliga,Augsburg,11577,14936,77.5,4900,5714,85.8,5187,6033,86.0,1267,2377,53.3,26,25.1,33.1,0.9,296,905,248,77,1162,15484,81.3,94371,7005,7819,89.6,6730,7782,86.5,1435,2550,56.3,31,35.0,41.4,-4.0,339,1201,323,95,1438
2024-2025 Bundesliga,Bayern Munich,22755,25733,88.4,11338,12153,93.3,9489,10320,91.9,1548,2329,66.5,66,59.7,75.9,6.3,511,2131,464,67,2138,9140,75.6,67192,3892,4478,86.9,3959,4689,84.4,1027,2206,46.6,25,18.1,20.4,6.9,174,579,156,36,669
2024-2025 Bundesliga,Bochum,10281,14230,72.2,3889,4696,82.8,4761,5852,81.4,1433,2841,50.4,23,30.0,35.5,-7.0,308,865,235,76,1090,14057,79.0,93752,6403,7293,87.8,5999,7045,85.2,1331,2488,53.5,52,49.1,49.6,2.9,374,1121,304,62,1447
2024-2025 Bundesliga,Dortmund,17077,20321,84.0,7783,8536,91.2,7542,8376,90.0,1403,2463,57.0,56,47.4,50.4,8.6,372,1348,324,86,1563,10934,76.9,77129,4948,5650,87.6,4591,5486,83.7,1108,2219,49.9,39,30.9,35.6,8.1,275,780,265,75,1058
2024-2025 Bundesliga,Eint Frankfurt,13925,17138,81.3,6627,7329,90.4,5810,6682,87.0,1094,2198,49.8,47,45.2,43.6,1.8,354,1033,308,55,1347,14160,80.2,90416,6684,7472,89.5,5871,6806,86.3,1328,2508,53.0,28,35.6,40.0,-7.6,348,1198,291,87,1289
2024-2025 Bundesliga,Freiburg,12892,16460,78.3,5552,6386,86.9,5789,6731,86.0,1209,2417,50.0,35,30.5,36.3,4.5,285,981,253,74,1129,14111,80.6,92325,6283,7139,88.0,6186,7067,87.5,1336,2445,54.6,39,30.7,36.4,8.3,314,1060,288,82,1182
2024-2025 Bundesliga,Gladbach,14148,17507,80.8,6502,7257,89.6,6076,7009,86.7,1261,2322,54.3,39,37.7,34.9,1.3,308,848,278,93,1112,14473,81.1,89898,6579,7410,88.8,6307,7286,86.6,1235,2247,55.0,34,45.2,51.9,-11.2,437,1151,373,113,1520
2024-2025 Bundesliga,Heidenheim,11127,14684,75.8,4145,4986,83.1,5303,6225,85.2,1428,2682,53.2,26,28.6,31.4,-2.6,294,806,231,84,974,15818,81.6,102087,7266,8148,89.2,6849,7849,87.3,1348,2454,54.9,50,43.1,46.5,6.9,350,1319,303,58,1620
2024-2025 Bundesliga,Hoffenheim,12827,16506,77.7,5746,6593,87.2,5461,6522,83.7,1221,2444,50.0,30,32.7,38.9,-2.7,324,1041,298,108,1218,14007,80.2,93244,6350,7134,89.0,5860,6816,86.0,1479,2601,56.9,51,41.4,48.9,9.6,356,1178,338,89,1347
2024-2025 Bundesliga,Holstein Kiel,10537,13961,75.5,4072,4768,85.4,5038,5991,84.1,1261,2558,49.3,29,26.7,27.8,2.3,266,676,181,69,875,14775,80.6,92440,6586,7379,89.3,6421,7467,86.0,1395,2553,54.6,52,44.5,53.6,7.5,418,1350,360,126,1572
2024-2025 Bundesliga,Leverkusen,18301,21589,84.8,9397,10227,91.9,7044,7969,88.4,1397,2377,58.8,53,41.9,52.1,11.1,387,1610,319,83,1692,11597,78.5,74281,5341,6051,88.3,4827,5642,85.6,1109,2247,49.4,25,22.8,28.3,2.2,241,862,203,46,984
2024-2025 Bundesliga,Mainz 05,12478,16434,75.9,5681,6560,86.6,5218,6226,83.8,1280,2671,47.9,37,37.5,45.0,-0.5,319,1038,309,93,1286,12368,76.2,83971,5321,6220,85.5,5441,6465,84.2,1276,2660,48.0,28,31.2,39.5,-3.2,328,1061,265,86,1123
2024-2025 Bundesliga,RB Leipzig,14698,18207,80.7,6822,7749,88.0,6428,7472,86.0,1090,2013,54.1,36,35.6,40.0,0.4,313,1138,306,52,1353,13082,78.4,87124,5968,6842,87.2,5425,6330,85.7,1308,2485,52.6,35,38.8,49.2,-3.8,367,1007,302,93,1275
2024-2025 Bundesliga,St. Pauli,11751,15300,76.8,5086,5835,87.2,5248,6213,84.5,1110,2391,46.4,22,26.3,28.7,-4.3,278,892,201,72,1073,16017,82.1,94838,6968,7806,89.3,7301,8280,88.2,1407,2474,56.9,30,35.0,37.8,-5.0,300,1241,275,66,1388
2024-2025 Bundesliga,Stuttgart,16513,19767,83.5,8302,9120,91.0,6590,7479,88.1,1230,2270,54.2,45,45.3,52.7,-0.3,370,1291,372,90,1493,11408,77.4,78239,4970,5734,86.7,4936,5782,85.4,1179,2335,50.5,34,33.8,35.2,0.2,284,811,237,56,1023
2024-2025 Bundesliga,Union Berlin,9960,13705,72.7,4467,5296,84.3,3994,4998,79.9,1156,2400,48.2,25,23.5,31.6,1.5,292,792,239,75,1049,16465,81.3,98135,6966,7921,87.9,7697,8708,88.4,1456,2714,53.6,36,32.4,41.9,3.6,295,1264,306,88,1491
2024-2025 Bundesliga,Werder Bremen,13999,17550,79.8,5827,6663,87.5,6247,7263,86.0,1455,2530,57.5,38,37.4,44.0,0.6,327,954,335,91,1351,14300,80.3,90286,6723,7496,89.7,6054,7014,86.3,1217,2399,50.7,39,36.3,42.7,2.7,353,1067,274,59,1336
2024-2025 Bundesliga,Wolfsburg,11590,15088,76.8,4735,5598,84.6,5178,6041,85.7,1421,2665,53.3,38,33.0,36.5,5.0,316,999,247,53,1205,14240,80.3,92107,6618,7474,88.5,5949,6888,86.4,1290,2363,54.6,43,40.5,39.7,2.5,367,1098,285,81,1348
2024-2025,Alavés,10534,14746,71.4,4546,5494,82.7,4441,5542,80.1,1312,2838,46.2,20,25.4,25.9,-5.4,284,963,229,99,1160,14251,78.6,94982,6140,6970,88.1,6230,7338,84.9,1563,2925,53.4,28,33.3,32.3,-5.3,306,1034,245,97,1323
2024-2025,Athletic Club,13665,17375,78.6,5552,6396,86.8,6520,7522,86.7,1395,2733,51.0,40,36.7,33.1,3.3,351,1283,274,90,1579,14953,79.2,95206,6402,7284,87.9,6730,7799,86.3,1481,2854,51.9,11,22.9,21.5,-11.9,242,911,205,69,1177
2024-2025,Atlético Madrid,17826,21418,83.2,8814,9752,90.4,6993,7984,87.6,1486,2519,59.0,51,47.9,45.3,3.1,348,1233,365,96,1559,16246,83.2,95937,7097,7859,90.3,7307,8119,90.0,1542,2749,56.1,17,23.9,29.8,-6.9,286,1462,282,84,1543
2024-2025,Barcelona,22321,25721,86.8,10452,11341,92.2,9674,10643,90.9,1577,2424,65.1,72,67.5,64.7,4.5,500,2020,479,77,2212,8511,71.6,69199,3752,4435,84.6,3313,4086,81.1,1208,2491,48.5,31,32.6,21.8,-1.6,222,595,166,59,780
2024-2025,Betis,15770,19284,81.8,7583,8423,90.0,6318,7291,86.7,1341,2443,54.9,37,37.5,34.8,-0.5,417,1127,329,75,1486,13910,78.9,92271,6224,7089,87.8,6031,7022,85.9,1341,2578,52.0,32,38.4,32.4,-6.4,309,1110,251,69,1411
2024-2025,Celta Vigo,17798,21253,83.7,7549,8367,90.2,8368,9325,89.7,1480,2521,58.7,40,38.4,36.9,1.6,339,1424,300,53,1659,14946,81.0,89590,6617,7382,89.6,6584,7411,88.8,1433,2809,51.0,45,33.3,31.9,11.7,308,1103,243,85,1222
2024-2025,Espanyol,10580,13996,75.6,4245,4942,85.9,4814,5678,84.8,1297,2629,49.3,27,24.5,23.4,2.5,256,772,204,81,1000,17987,83.4,106771,8341,9165,91.0,7778,8804,88.3,1534,2689,57.0,39,39.6,41.3,-0.6,431,1501,381,103,1821
2024-2025,Getafe,8695,12922,67.3,3711,4579,81.0,3515,4628,76.0,1250,2951,42.4,21,23.9,23.8,-2.9,296,958,226,104,981,13966,76.4,92537,6043,6962,86.8,6205,7399,83.9,1371,2889,47.5,21,31.3,28.0,-10.3,259,997,227,66,1284
2024-2025,Girona,18273,21401,85.4,8002,8697,92.0,8458,9319,90.8,1526,2565,59.5,31,31.6,37.4,-0.6,308,1494,302,87,1691,13798,82.0,83228,6108,6712,91.0,6052,6873,88.1,1281,2411,53.1,46,36.5,33.6,9.5,348,1070,254,74,1183
2024-2025,Las Palmas,14352,18209,78.8,6396,7255,88.2,6214,7269,85.5,1395,2776,50.3,27,26.3,26.5,0.7,304,1059,246,79,1210,14104,79.0,90659,6398,7238,88.4,6069,7135,85.1,1278,2493,51.3,43,47.5,42.7,-4.5,387,1190,306,96,1470
2024-2025,Leganés,11207,14840,75.5,5038,5734,87.9,4716,5600,84.2,1169,2735,42.7,27,23.3,21.8,3.7,241,796,187,45,1030,16312,80.7,102752,7566,8514,88.9,6971,8047,86.6,1403,2710,51.8,34,40.9,42.8,-6.9,426,1363,325,109,1675
2024-2025,Mallorca,12613,16224,77.7,5538,6293,88.0,5349,6310,84.8,1466,2803,52.3,24,26.5,28.3,-2.5,282,973,239,112,1184,14980,80.3,92330,6786,7634,88.9,6376,7462,85.4,1438,2695,53.4,31,36.0,38.6,-5.0,423,1233,330,94,1587
2024-2025,Osasuna,12184,16028,76.0,5022,5858,85.7,5403,6487,83.3,1489,2835,52.5,28,29.8,33.4,-1.8,300,963,265,127,1221,15229,80.7,97445,6895,7684,89.7,6578,7586,86.7,1433,2702,53.0,38,40.6,43.2,-2.6,349,1251,349,83,1546
2024-2025,Rayo Vallecano,13936,17861,78.0,6459,7310,88.4,5793,6748,85.8,1401,2920,48.0,27,36.2,32.2,-9.2,374,1081,242,85,1362,12793,76.5,91987,5660,6481,87.3,5397,6418,84.1,1412,2884,49.0,33,33.0,33.7,0.0,346,1064,274,81,1326
2024-2025,Real Madrid,21356,24221,88.2,10517,11248,93.5,8566,9311,92.0,1723,2595,66.4,55,54.6,52.2,0.4,501,1773,359,34,1967,12981,81.7,81881,6427,7066,91.0,4989,5720,87.2,1218,2278,53.5,27,32.0,27.3,-5.0,309,1034,223,56,1168
2024-2025,Real Sociedad,14880,18759,79.3,6750,7619,88.6,6360,7434,85.6,1421,2687,52.9,22,30.9,30.7,-8.9,284,1087,242,64,1341,12635,77.0,84576,5620,6418,87.6,5326,6305,84.5,1400,2797,50.1,32,29.0,31.9,3.0,321,1061,236,68,1141
2024-2025,Sevilla,14432,18057,79.9,6743,7466,90.3,6146,7086,86.7,1267,2706,46.8,32,30.8,24.4,1.2,357,1072,210,60,1193,14301,79.5,88615,6318,7161,88.2,6361,7373,86.3,1337,2634,50.8,37,34.0,31.7,3.0,309,1122,235,72,1262
2024-2025,Valencia,13938,17708,78.7,6341,7094,89.4,6081,7066,86.1,1284,2634,48.7,26,30.0,33.4,-4.0,283,1109,254,91,1340,15307,80.6,96683,6744,7559,89.2,6698,7661,87.4,1513,2779,54.4,38,37.2,37.8,0.8,321,1184,291,92,1419
2024-2025,Valladolid,12052,15387,78.3,4795,5456,87.9,5607,6494,86.3,1410,2699,52.2,15,25.7,24.3,-10.7,256,752,176,93,991,17117,83.5,99282,7740,8497,91.1,7685,8589,89.5,1328,2457,54.0,62,46.8,44.4,15.2,449,1475,381,103,1753
2024-2025,Villarreal,14532,17825,81.5,6234,6978,89.3,6564,7485,87.7,1463,2559,57.2,51,49.7,48.0,1.3,427,1146,371,102,1522,16617,83.4,99699,7409,8192,90.4,7220,8075,89.4,1638,2748,59.6,28,28.5,33.8,-0.5,357,1325,295,94,1597
2023-2024,Alavés,10091,14116,71.5,4443,5283,84.1,4011,5052,79.4,1375,2889,47.6,28,32.4,30.6,-4.4,341,937,273,105,1260,16352,80.7,101637,7545,8460,89.2,6916,7981,86.7,1491,2870,52.0,29,29.8,34.6,-0.8,346,1223,282,76,1502
2023-2024,Almería,12774,16540,77.2,5654,6480,87.3,5476,6405,85.5,1322,2747,48.1,25,34.2,24.6,-9.2,349,870,212,86,1097,15460,79.8,101064,7325,8212,89.2,6187,7240,85.5,1518,2848,53.3,56,45.3,45.1,10.7,467,1293,355,102,1644
2023-2024,Athletic Club,14509,18724,77.5,6598,7600,86.8,6186,7288,84.9,1393,2832,49.2,41,37.0,40.3,4.0,355,1205,343,113,1610,14887,78.0,97964,6516,7486,87.0,6412,7514,85.3,1562,3003,52.0,27,32.0,29.0,-5.0,301,999,254,78,1298
2023-2024,Atlético Madrid,17064,20709,82.4,8654,9535,90.8,6433,7422,86.7,1442,2542,56.7,48,47.4,44.0,0.6,359,1226,380,68,1597,16440,82.2,98965,7460,8271,90.2,7083,7986,88.7,1555,2770,56.1,33,29.7,32.7,3.3,342,1392,303,79,1544
2023-2024,Barcelona,21506,24761,86.9,10598,11481,92.3,8724,9617,90.7,1717,2604,65.9,55,57.4,57.9,-2.4,457,1702,405,83,1925,10455,75.9,77373,4978,5702,87.3,3966,4699,84.4,1202,2489,48.3,35,30.9,30.0,4.1,316,806,254,79,992
2023-2024,Betis,15310,18979,80.7,7398,8260,89.6,5944,6913,86.0,1383,2561,54.0,31,32.7,33.8,-1.7,368,1037,327,53,1441,15171,80.1,96763,7430,8311,89.4,6063,6998,86.6,1368,2619,52.2,23,32.6,32.7,-9.6,314,1142,277,88,1457
2023-2024,Cádiz,10763,14990,71.8,4837,5694,84.9,4144,5163,80.3,1455,3198,45.5,17,25.2,26.3,-8.2,292,899,219,106,1017,15783,79.3,103062,7651,8676,88.2,6204,7335,84.6,1515,2819,53.7,37,40.2,38.1,-3.2,375,1375,310,92,1679
2023-2024,Celta Vigo,13890,17776,78.1,6703,7631,87.8,5538,6545,84.6,1223,2495,49.0,35,38.2,39.1,-3.2,367,1129,293,71,1345,16975,80.8,102419,7874,8770,89.8,7062,8158,86.6,1598,2993,53.4,32,35.9,37.3,-3.9,355,1256,297,95,1535
2023-2024,Getafe,10713,15193,70.5,4641,5528,84.0,4142,5344,77.5,1625,3436,47.3,27,27.9,27.4,-0.9,324,1037,220,103,1141,14502,76.9,97400,6843,7786,87.9,5798,6956,83.4,1413,2993,47.2,37,38.0,34.2,-1.0,341,1051,276,71,1325
2023-2024,Girona,18793,21914,85.8,8986,9734,92.3,7878,8692,90.6,1460,2446,59.7,64,54.0,52.4,10.0,377,1431,362,88,1685,13335,80.4,89769,6162,6892,89.4,5439,6294,86.4,1405,2570,54.7,30,37.7,38.0,-7.7,374,1074,310,95,1277
2023-2024,Granada,12127,15976,75.9,5270,6031,87.4,5127,6099,84.1,1458,2965,49.2,27,31.1,30.4,-4.1,283,834,263,94,1044,15485,79.7,100227,7146,7984,89.5,6433,7443,86.4,1530,2949,51.9,54,43.8,39.8,10.2,355,1276,317,82,1490
2023-2024,Las Palmas,19105,22882,83.5,10201,11174,91.3,7170,8097,88.6,1145,2312,49.5,23,23.3,28.2,-0.3,295,1295,271,54,1596,11893,75.4,85461,5555,6417,86.6,4659,5572,83.6,1355,2736,49.5,33,41.8,36.0,-8.8,327,1019,240,80,1207
2023-2024,Mallorca,11476,15645,73.4,4934,5790,85.2,4717,5815,81.1,1549,3119,49.7,27,30.8,29.1,-3.8,308,978,235,103,1174,15384,79.6,94062,7559,8492,89.0,5999,7074,84.8,1408,2781,50.6,29,28.5,32.9,0.5,348,1230,277,78,1399
2023-2024,Osasuna,12874,17335,74.3,5474,6420,85.3,5487,6696,81.9,1666,3277,50.8,32,28.5,31.6,3.5,301,1128,263,104,1322,14977,78.2,97973,7066,7947,88.9,6054,7238,83.6,1442,2865,50.3,44,38.3,36.0,5.7,315,1147,288,89,1427
2023-2024,Rayo Vallecano,13282,17459,76.1,5918,6783,87.2,5584,6657,83.9,1436,3063,46.9,12,24.6,25.3,-12.6,314,1082,255,81,1335,13590,76.5,96172,6551,7515,87.2,5230,6299,83.0,1406,2883,48.8,36,36.3,34.7,-0.3,354,1043,292,77,1371
2023-2024,Real Madrid,21794,24691,88.3,11641,12391,93.9,7949,8734,91.0,1624,2474,65.6,66,52.5,50.5,13.5,476,1701,391,59,1935,14072,82.2,88878,6723,7390,91.0,5703,6439,88.6,1325,2385,55.6,17,26.4,28.4,-9.4,299,995,259,92,1261
2023-2024,Real Sociedad,15263,19249,79.3,6489,7461,87.0,6923,8022,86.3,1553,2800,55.5,36,30.7,32.9,5.3,320,1133,246,63,1414,11674,74.8,80731,5319,6162,86.3,4658,5623,82.8,1358,2891,47.0,24,24.6,26.7,-0.6,263,787,207,60,941
2023-2024,Sevilla,14628,18599,78.6,6501,7367,88.2,6128,7177,85.4,1667,3111,53.6,30,31.7,32.7,-1.7,363,1207,286,134,1416,14795,79.3,97812,6814,7694,88.6,6091,7147,85.2,1505,2803,53.7,40,42.0,36.5,-2.0,382,1173,293,97,1483
2023-2024,Valencia,12233,16255,75.3,5491,6436,85.3,5177,6140,84.3,1226,2710,45.2,24,27.0,24.2,-3.0,267,886,218,72,1162,16672,80.4,108756,7313,8278,88.3,7237,8324,86.9,1754,3119,56.2,31,32.8,34.4,-1.8,299,1382,318,93,1587
2023-2024,Villarreal,15349,18637,82.4,6662,7409,89.9,6931,7828,88.5,1525,2599,58.7,47,40.5,40.4,6.5,365,1160,339,88,1558,15642,81.7,95593,7263,8043,90.3,6475,7386,87.7,1534,2794,54.9,48,40.6,44.6,7.4,408,1214,392,125,1655
2022-2023,Almería,12151,15855,76.6,5232,6003,87.2,5084,6022,84.4,1512,2911,51.9,33,32.5,28.1,0.5,316,846,218,81,1090,15420,79.5,96958,7336,8173,89.8,6009,7055,85.2,1644,2972,55.3,49,49.5,49.2,-0.5,423,1406,370,91,1707
2022-2023,Athletic Club,14440,18630,77.5,6451,7431,86.8,6030,7262,83.0,1634,2878,56.8,33,38.9,35.7,-5.9,413,1385,341,107,1816,13537,77.0,92725,6176,7079,87.2,5335,6384,83.6,1644,3105,52.9,28,26.9,27.7,1.1,286,913,253,70,1212
2022-2023,Atlético Madrid,16814,20488,82.1,8616,9432,91.3,6028,7038,85.6,1549,2765,56.0,51,48.0,40.0,3.0,418,1200,335,68,1571,16384,81.8,100162,6990,7841,89.1,7186,8112,88.6,1852,3099,59.8,22,31.3,31.5,-9.3,331,1304,267,93,1634
2022-2023,Barcelona,21298,24733,86.1,10267,11175,91.9,8599,9543,90.1,1990,2923,68.1,56,60.1,66.6,-4.1,449,1859,482,104,2182,10316,75.0,78390,4734,5458,86.7,3903,4724,82.6,1358,2606,52.1,10,23.0,21.6,-13.0,244,747,198,61,955
2022-2023,Betis,14678,18249,80.4,7288,8070,90.3,5334,6273,85.0,1432,2667,53.7,26,34.6,31.7,-8.6,310,988,270,54,1272,14220,79.2,95359,6584,7458,88.3,5828,6839,85.2,1478,2672,55.3,28,37.0,35.7,-9.0,326,1182,302,86,1571
2022-2023,Cádiz,9940,13952,71.2,4341,5147,84.3,3874,4864,79.6,1452,3117,46.6,20,27.7,24.7,-7.7,269,830,192,93,969,15630,79.9,103054,7208,8097,89.0,6172,7272,84.9,1772,3099,57.2,32,38.4,40.0,-6.4,393,1364,339,96,1739
2022-2023,Celta Vigo,14700,18499,79.5,6259,7148,87.6,6536,7569,86.4,1565,2844,55.0,31,30.8,31.6,0.2,353,1143,274,77,1403,14618,79.4,95274,6485,7336,88.4,6036,7073,85.3,1704,2985,57.1,35,30.5,29.2,4.5,279,1132,218,89,1297
2022-2023,Elche,12051,15758,76.5,5427,6202,87.5,4762,5677,83.9,1477,2793,52.9,21,27.1,26.2,-6.1,313,941,211,82,1197,15598,81.1,100384,7007,7840,89.4,6508,7501,86.8,1682,2859,58.8,44,48.7,43.7,-4.7,416,1340,325,92,1615
2022-2023,Espanyol,10827,14698,73.7,4483,5312,84.4,4607,5640,81.7,1483,2971,49.9,31,35.0,30.2,-4.0,319,906,233,83,1146,15807,80.6,101521,7448,8318,89.5,6120,7171,85.3,1742,3004,58.0,47,44.6,40.9,2.4,426,1297,324,92,1634
2022-2023,Getafe,9690,14126,68.6,4104,5044,81.4,3760,4936,76.2,1502,3175,47.3,21,22.5,24.0,-1.5,248,844,214,94,1003,17070,79.4,104475,7505,8488,88.4,7300,8503,85.9,1833,3374,54.3,29,31.0,32.4,-2.0,360,1296,254,86,1519
2022-2023,Girona,15146,18604,81.4,7006,7806,89.8,6295,7222,87.2,1449,2560,56.6,41,37.5,35.4,3.5,366,1086,265,91,1378,14391,80.3,90467,6386,7118,89.7,6021,6982,86.2,1573,2822,55.7,39,38.6,38.5,0.4,377,1220,296,95,1439
2022-2023,Mallorca,10451,14261,73.3,4575,5313,86.1,4184,5157,81.1,1424,2932,48.6,27,26.5,23.1,0.5,252,815,182,69,948,16934,81.6,97924,7875,8733,90.2,7059,8172,86.4,1588,2872,55.3,31,31.8,35.9,-0.8,378,1539,332,115,1706
2022-2023,Osasuna,12725,16835,75.6,5565,6377,87.3,5130,6255,82.0,1759,3323,52.9,30,28.4,31.7,1.6,322,1140,271,114,1356,14139,77.7,94725,6318,7230,87.4,5956,7018,84.9,1573,2988,52.6,29,34.8,34.3,-5.8,326,1049,277,77,1371
2022-2023,Rayo Vallecano,13497,17666,76.4,5811,6629,87.7,5654,6716,84.2,1717,3329,51.6,29,30.0,29.7,-1.0,386,1247,269,102,1390,12926,75.9,93838,6099,6948,87.8,4988,6083,82.0,1497,2986,50.1,34,36.8,30.9,-2.8,330,963,252,70,1231
2022-2023,Real Madrid,22082,25012,88.3,11462,12245,93.6,8069,8810,91.6,1812,2595,69.8,56,56.8,56.6,-0.8,522,1880,384,50,2017,13004,81.3,85520,6326,6960,90.9,4976,5716,87.1,1292,2373,54.4,21,27.8,26.3,-6.8,317,1013,248,63,1189
2022-2023,Real Sociedad,15324,19134,80.1,6955,7910,87.9,6451,7502,86.0,1505,2659,56.6,36,39.7,36.4,-3.7,346,1145,290,65,1483,12130,75.4,81534,5571,6377,87.4,4694,5669,82.8,1456,3002,48.5,26,24.8,26.4,1.2,300,873,222,78,1025
2022-2023,Sevilla,15379,19193,80.1,7106,7918,89.7,6324,7354,86.0,1599,2958,54.1,31,32.0,34.0,-1.0,341,1230,302,95,1513,13660,78.9,89019,6107,6903,88.5,5592,6545,85.4,1572,2903,54.2,40,42.0,34.1,-2.0,397,1136,274,101,1275
2022-2023,Valencia,13592,17492,77.7,6320,7184,88.0,5505,6588,83.6,1420,2753,51.6,23,32.5,35.8,-9.5,355,1155,302,111,1472,12580,76.9,88530,5588,6399,87.3,5099,6072,84.0,1540,2918,52.8,34,32.3,32.3,1.7,289,986,232,51,1225
2022-2023,Valladolid,12627,16425,76.9,5273,6049,87.2,5251,6199,84.7,1734,3141,55.2,24,28.4,24.4,-4.4,324,969,223,92,1244,13635,78.1,96442,6612,7546,87.6,5113,6088,84.0,1511,2794,54.1,46,46.7,43.0,-0.7,455,1184,346,94,1486
2022-2023,Villarreal,16634,19862,83.7,7381,8147,90.6,7101,7924,89.6,1743,2737,63.7,33,43.2,38.3,-10.2,374,1304,349,52,1622,12047,78.6,84062,5567,6240,89.2,4683,5572,84.0,1447,2598,55.7,29,35.7,30.5,-6.7,343,969,278,84,1242
2021-2022,Alavés,9676,14175,68.3,4158,5174,80.4,3774,4954,76.2,1524,3158,48.3,20,25.5,22.8,-5.5,260,835,199,84,984,15404,77.4,102045,7074,8103,87.3,5979,7189,83.2,1768,3310,53.4,48,42.0,47.0,6.0,384,1127,342,92,1568
2021-2022,Athletic Club,12947,17283,74.9,5845,6826,85.6,5198,6434,80.8,1437,2830,50.8,34,37.5,36.0,-3.5,351,1056,306,82,1572,14696,77.6,100413,6260,7140,87.7,5962,7115,83.8,2048,3642,56.2,26,27.7,31.5,-1.7,332,1026,253,82,1379
2021-2022,Atlético Madrid,15076,19098,78.9,7378,8289,89.0,5269,6266,84.1,1640,3060,53.6,45,40.2,39.6,4.8,347,989,325,66,1463,14882,79.1,93187,6571,7450,88.2,6101,7135,85.5,1763,3155,55.9,28,20.8,21.6,7.2,250,1068,187,47,1320
2021-2022,Barcelona,21489,25006,85.9,10207,11109,91.9,8433,9401,89.7,1949,2912,66.9,52,47.6,54.7,4.4,402,1698,390,99,2079,10460,75.2,80066,4733,5441,87.0,3959,4789,82.7,1381,2671,51.7,27,24.7,23.3,2.3,265,750,214,60,938
2021-2022,Betis,15702,19444,80.8,7360,8284,88.8,6318,7309,86.4,1583,2873,55.1,45,37.7,35.1,7.3,395,1136,294,51,1518,13052,77.1,89082,5986,6800,88.0,5058,6097,83.0,1531,2849,53.7,29,30.2,31.0,-1.2,308,1011,253,79,1375
2021-2022,Cádiz,10136,14415,70.3,4254,5031,84.6,3979,5054,78.7,1552,3292,47.1,21,24.6,28.9,-3.6,277,829,233,120,1080,16729,80.5,107898,7875,8901,88.5,6714,7838,85.7,1663,2923,56.9,31,30.4,35.0,0.6,357,1481,336,92,1805
2021-2022,Celta Vigo,16007,20591,77.7,6936,7982,86.9,6579,7795,84.4,1837,3366,54.6,29,28.8,31.6,0.2,286,1105,285,84,1447,12362,74.0,91488,5369,6407,83.8,4961,6088,81.5,1613,3048,52.9,29,28.7,27.2,0.3,293,989,257,80,1251
2021-2022,Elche,12948,16836,76.9,5745,6572,87.4,5080,6020,84.4,1676,3129,53.6,29,27.6,24.8,1.4,261,861,204,78,1102,14329,78.7,92494,6340,7186,88.2,5813,6829,85.1,1633,2988,54.7,41,41.7,38.2,-0.7,372,1095,327,109,1477
2021-2022,Espanyol,13360,16919,79.0,6031,6763,89.2,5391,6281,85.8,1475,2817,52.4,25,25.8,24.8,-0.8,300,993,212,59,1212,15516,80.3,98608,7112,7983,89.1,6148,7212,85.2,1748,2957,59.1,39,36.7,43.5,2.3,367,1282,378,102,1705
2021-2022,Getafe,10278,14607,70.4,4550,5489,82.9,3938,5092,77.3,1516,3176,47.7,26,19.4,19.7,6.6,288,808,166,73,917,16725,79.1,104030,7102,8082,87.9,6938,8090,85.8,2111,3622,58.3,30,27.4,29.1,2.6,299,1096,270,78,1521
2021-2022,Granada,10582,14889,71.1,4550,5400,84.3,4234,5295,80.0,1460,3218,45.4,28,26.7,25.9,1.3,306,840,205,82,1047,14611,77.5,98808,6498,7472,87.0,5971,7050,84.7,1731,3199,54.1,46,44.6,41.8,1.4,426,1217,347,111,1611
2021-2022,Levante,12584,16422,76.6,5742,6544,87.7,4982,5929,84.0,1501,2917,51.5,34,31.7,25.8,2.3,318,968,254,63,1343,14699,79.0,93473,7006,7884,88.9,5539,6557,84.5,1615,3015,53.6,59,41.2,41.1,17.8,393,1056,300,69,1448
2021-2022,Mallorca,11046,15023,73.5,5149,6054,85.1,4101,5153,79.6,1312,2691,48.8,23,25.7,28.3,-2.7,303,806,235,64,1129,14388,77.9,94635,6448,7397,87.2,5850,6917,84.6,1606,3001,53.5,40,33.8,36.9,6.2,329,1078,316,107,1379
2021-2022,Osasuna,11904,16522,72.0,5076,6144,82.6,4756,6063,78.4,1702,3278,51.9,23,22.9,27.6,0.1,297,1099,298,124,1328,14630,76.4,91704,6586,7550,87.2,5894,7112,82.9,1602,3263,49.1,37,32.5,31.0,4.5,335,1016,271,70,1330
2021-2022,Rayo Vallecano,12747,16933,75.3,5524,6408,86.2,5119,6188,82.7,1719,3277,52.5,28,30.7,35.8,-2.7,359,1012,267,109,1312,12928,74.9,96786,5832,6766,86.2,5108,6181,82.6,1591,3174,50.1,33,34.7,33.7,-1.7,313,1058,267,63,1330
2021-2022,Real Madrid,21373,24517,87.2,10630,11395,93.3,7948,8751,90.8,1987,2902,68.5,59,50.7,55.1,8.3,526,1694,455,57,2078,13258,80.6,88823,6260,6951,90.1,5038,5817,86.6,1529,2706,56.5,20,32.2,33.4,-12.2,319,1027,246,77,1257
2021-2022,Real Sociedad,15403,19304,79.8,6964,7887,88.3,6383,7429,85.9,1569,2800,56.0,22,32.9,35.0,-10.9,313,1067,315,69,1462,12311,75.6,82705,5444,6285,86.6,4887,5872,83.2,1509,2989,50.5,28,28.1,29.8,-0.1,318,949,246,75,1206
2021-2022,Sevilla,18327,22234,82.4,7686,8529,90.1,7941,8940,88.8,2275,3745,60.7,40,32.5,34.6,7.5,342,1207,305,112,1596,11300,74.9,79517,5021,5924,84.8,4475,5445,82.2,1367,2778,49.2,19,25.0,29.4,-6.0,298,900,239,67,1182
2021-2022,Valencia,9627,13777,69.9,3923,4782,82.0,3835,4951,77.5,1506,3098,48.6,30,25.4,27.4,4.6,288,900,256,75,1202,13730,76.6,96311,6345,7234,87.7,5254,6418,81.9,1618,3095,52.3,34,32.3,30.7,1.7,330,1061,275,77,1392
2021-2022,Villarreal,16679,20401,81.8,7388,8290,89.1,7135,8109,88.0,1669,2743,60.8,51,50.9,49.9,0.1,363,1278,349,66,1698,11881,76.0,79444,5234,5996,87.3,4744,5663,83.8,1462,2897,50.5,20,30.2,28.2,-10.2,294,894,229,80,1095
2020-2021,Alavés,10217,14390,71.0,4465,5486,81.4,4015,5139,78.1,1482,2923,50.7,21,27.4,21.0,-6.4,256,789,189,82,939,15323,78.1,93122,6945,7955,87.3,6055,7146,84.7,1778,3256,54.6,44,37.1,34.2,6.9,292,1086,299,78,1479
2020-2021,Athletic Club,13577,17841,76.1,5872,6901,85.1,5484,6607,83.0,1791,3120,57.4,31,31.0,27.9,0.0,303,1054,284,79,1496,14283,78.0,93431,6622,7507,88.2,5355,6400,83.7,1797,3229,55.7,29,27.1,30.0,1.9,282,1022,280,94,1380
2020-2021,Atlético Madrid,16757,20680,81.0,8278,9219,89.8,5931,6995,84.8,1653,2869,57.6,54,40.6,38.8,13.4,347,1144,370,53,1604,15160,79.6,90693,6763,7647,88.4,5993,6942,86.3,1807,3152,57.3,15,27.7,28.9,-12.7,271,1175,243,77,1394
2020-2021,Barcelona,25192,28488,88.4,13304,14257,93.3,9056,9893,91.5,1599,2287,69.9,51,53.2,63.6,-2.2,452,1874,517,52,2157,11743,78.2,80182,5511,6256,88.1,4485,5238,85.6,1354,2515,53.8,20,25.4,25.7,-5.4,234,806,223,56,1038
2020-2021,Betis,15816,19679,80.4,7406,8310,89.1,6094,7035,86.6,1673,3002,55.7,35,33.4,30.5,1.6,335,1048,297,80,1442,13194,76.6,88022,5750,6649,86.5,5379,6415,83.9,1595,2971,53.7,31,30.1,29.1,0.9,259,928,245,68,1311
2020-2021,Cádiz,7949,12067,65.9,3244,4091,79.3,3064,4071,75.3,1319,2992,44.1,16,20.4,16.9,-4.4,196,653,152,73,854,18990,82.1,109780,8929,9933,89.9,7698,8790,87.6,1736,2988,58.1,41,39.3,44.2,1.7,340,1523,367,100,1881
2020-2021,Celta Vigo,15176,19318,78.6,6912,7946,87.0,6117,7188,85.1,1552,2914,53.3,39,36.7,32.0,2.3,267,978,248,48,1308,12833,75.7,90752,5767,6732,85.7,4864,5911,82.3,1703,3093,55.1,37,35.7,33.2,1.3,285,965,248,79,1249
2020-2021,Eibar,11810,16890,69.9,4840,5844,82.8,4584,5965,76.8,2002,4026,49.7,20,29.9,28.5,-9.9,309,1119,254,118,1295,12572,71.2,96981,5489,6648,82.6,4928,6296,78.3,1719,3524,48.8,40,35.2,26.3,4.8,264,842,230,62,1056
2020-2021,Elche,13481,17054,79.0,6024,6751,89.2,5311,6194,85.7,1653,3001,55.1,25,21.8,19.8,3.2,190,785,148,79,929,15678,81.5,94332,6907,7794,88.6,6608,7543,87.6,1700,2817,60.3,43,44.0,42.8,-1.0,369,1247,346,84,1647
2020-2021,Getafe,8977,13863,64.8,4043,5155,78.4,3111,4340,71.7,1417,3219,44.0,14,23.6,24.0,-9.6,261,863,225,102,1090,14007,74.6,98526,6282,7408,84.8,5491,6728,81.6,1739,3372,51.6,26,25.8,23.2,0.2,223,935,204,58,1195
2020-2021,Granada,9083,13336,68.1,3915,4776,82.0,3574,4629,77.2,1288,2951,43.6,30,26.8,22.6,3.2,224,813,173,58,975,15039,78.0,97780,6817,7821,87.2,5922,7064,83.8,1751,3151,55.6,41,38.2,36.5,2.8,363,1126,324,96,1449
2020-2021,Huesca,13511,17483,77.3,5695,6489,87.8,5786,6819,84.9,1679,3199,52.5,23,26.6,25.3,-3.6,295,898,221,113,1185,15344,79.7,98942,6855,7746,88.5,6087,7054,86.3,1841,3242,56.8,37,35.6,32.8,1.4,324,1211,298,93,1447
2020-2021,Levante,14189,18113,78.3,6357,7201,88.3,5757,6801,84.6,1695,3077,55.1,35,29.6,30.0,5.4,286,1087,306,83,1537,13052,76.9,89708,5779,6636,87.1,5179,6169,84.0,1628,3057,53.3,42,40.0,33.1,2.0,356,966,304,80,1299
2020-2021,Osasuna,10233,15031,68.1,4401,5541,79.4,3869,5149,75.1,1649,3329,49.5,25,24.9,27.9,0.1,259,968,261,101,1220,15379,76.1,95911,7198,8271,87.0,5912,7233,81.7,1696,3425,49.5,31,33.2,35.8,-2.2,322,1070,321,89,1525
2020-2021,Real Madrid,20652,24119,85.6,9790,10620,92.2,7728,8593,89.9,2214,3224,68.7,53,47.4,48.8,5.6,438,1525,401,77,1920,13187,79.1,87915,6262,7020,89.2,4926,5792,85.0,1484,2710,54.8,17,24.4,24.5,-7.4,269,956,250,85,1157
2020-2021,Real Sociedad,14915,18995,78.5,6592,7589,86.9,6282,7368,85.3,1582,2840,55.7,39,39.6,39.7,-0.6,308,1100,343,64,1554,11867,75.0,82039,5271,6122,86.1,4510,5447,82.8,1613,3088,52.2,24,26.1,25.4,-2.1,251,805,213,65,1011
2020-2021,Sevilla,19248,22873,84.2,8654,9471,91.4,7775,8720,89.2,2190,3442,63.6,36,41.0,40.1,-5.0,387,1234,346,122,1627,11221,75.5,81513,5104,5905,86.4,4222,5116,82.5,1428,2771,51.5,20,22.5,21.7,-2.5,244,839,209,62,1103
2020-2021,Valencia,12755,16480,77.4,5332,6142,86.8,5304,6236,85.1,1735,3073,56.5,35,27.2,24.8,7.8,283,926,239,62,1180,15047,79.4,91502,7083,7920,89.4,5712,6772,84.3,1694,3074,55.1,29,33.8,37.1,-4.8,392,1295,342,91,1644
2020-2021,Valladolid,11145,15385,72.4,4972,5863,84.8,4299,5283,81.4,1489,3187,46.7,21,24.2,25.7,-3.2,263,873,213,90,1101,14587,77.5,100052,6525,7550,86.4,5667,6782,83.6,1826,3220,56.7,44,38.3,37.0,5.7,346,1153,326,94,1549
2020-2021,Villarreal,17508,21129,82.9,8074,8963,90.1,7097,8015,88.5,1788,2857,62.6,33,40.5,40.7,-7.5,317,1175,358,81,1628,13685,78.6,86192,6311,7095,88.9,5245,6202,84.6,1561,2877,54.3,25,26.2,27.2,-1.2,290,956,273,106,1227
2019-2020,Alavés,9612,13973,68.8,4283,5328,80.4,3614,4788,75.5,1385,2920,47.4,20,26.9,22.0,-6.9,236,723,171,56,944,15671,77.9,97858,6754,7797,86.6,6374,7561,84.3,1942,3427,56.7,36,37.1,32.4,-1.1,332,1139,283,72,1548
2019-2020,Athletic Club,12533,16915,74.1,5521,6494,85.0,4692,5831,80.5,1830,3367,54.4,23,26.2,25.2,-3.2,277,967,217,85,1291,13649,75.5,93027,6206,7231,85.8,5280,6511,81.1,1666,3162,52.7,26,34.6,32.0,-8.6,288,1019,267,84,1390
2019-2020,Atlético Madrid,13595,17765,76.5,6783,7777,87.2,4581,5696,80.4,1344,2676,50.2,35,39.4,37.1,-4.4,330,904,289,49,1333,14900,77.9,93423,6444,7434,86.7,5943,7046,84.3,2007,3500,57.3,15,22.9,25.5,-7.9,299,1203,225,68,1523
2019-2020,Barcelona,24758,28227,87.7,12607,13663,92.3,9115,9972,91.4,1889,2618,72.2,62,49.5,51.2,12.5,384,1827,417,31,2042,10889,76.1,73922,5128,5926,86.5,4001,4816,83.1,1301,2487,52.3,21,23.6,23.3,-2.6,257,753,210,68,1003
2019-2020,Betis,16182,19823,81.6,7354,8220,89.5,6504,7416,87.7,1774,2986,59.4,35,36.9,33.8,-1.9,360,1015,322,84,1475,11625,75.2,82200,5043,5816,86.7,4579,5561,82.3,1552,2976,52.2,40,36.1,32.5,3.9,330,915,270,77,1263
2019-2020,Celta Vigo,14552,18557,78.4,6742,7687,87.7,5746,6750,85.1,1422,2704,52.6,26,26.2,26.2,-0.2,279,970,253,60,1364,13456,76.7,86488,6243,7168,87.1,5045,6092,82.8,1611,3054,52.8,31,33.4,33.9,-2.4,327,1116,286,83,1436
2019-2020,Eibar,10439,15551,67.1,4422,5456,81.0,4008,5354,74.9,1713,3829,44.7,24,26.0,26.3,-2.0,292,1007,224,108,1265,13273,72.6,99810,5931,7081,83.8,5059,6351,79.7,1801,3578,50.3,38,40.0,28.7,-2.0,278,810,272,79,1177
2019-2020,Espanyol,11881,16363,72.6,4830,5791,83.4,5174,6369,81.2,1528,3235,47.2,17,27.3,26.7,-10.3,283,962,222,86,1240,13993,76.3,92695,6503,7537,86.3,5361,6468,82.9,1645,3189,51.6,35,34.9,30.5,0.1,317,1122,262,73,1452
2019-2020,Getafe,8319,13715,60.7,3535,4713,75.0,2977,4408,67.5,1466,3508,41.8,31,27.9,26.6,3.1,284,970,275,130,1196,11770,69.6,93019,5239,6390,82.0,4359,5709,76.4,1621,3378,48.0,21,29.5,24.4,-8.5,193,817,150,50,1089
2019-2020,Granada,9810,14105,69.5,3970,4840,82.0,3979,5089,78.2,1486,3136,47.4,34,30.5,26.2,3.5,275,822,176,69,1009,14365,77.2,95022,6722,7662,87.7,5544,6693,82.8,1632,3098,52.7,37,33.1,29.0,3.9,341,992,258,71,1397
2019-2020,Leganés,10336,14838,69.7,4801,5718,84.0,3782,4953,76.4,1390,3161,44.0,19,27.7,25.4,-8.7,292,890,223,95,1165,15049,77.0,96360,6509,7555,86.2,6127,7287,84.1,1834,3433,53.4,34,29.7,30.5,4.3,262,1092,238,92,1423
2019-2020,Levante,12415,16332,76.0,5677,6494,87.4,4771,5765,82.8,1611,3073,52.4,28,36.3,27.2,-8.3,326,983,253,75,1358,13838,77.8,95933,6315,7179,88.0,5298,6393,82.9,1721,3132,54.9,40,47.2,45.6,-7.2,436,1102,340,110,1499
2019-2020,Mallorca,11782,15636,75.4,5648,6558,86.1,4220,5197,81.2,1275,2576,49.5,21,25.4,26.6,-4.4,309,831,211,73,1210,15595,80.0,102283,6807,7785,87.4,6476,7483,86.5,1796,3065,58.6,39,43.2,39.5,-4.2,390,1254,386,97,1681
2019-2020,Osasuna,10959,15904,68.9,4772,5858,81.5,4189,5547,75.5,1654,3435,48.2,26,34.4,29.5,-8.4,341,946,267,94,1359,13039,72.5,91634,6047,7118,85.0,4939,6217,79.4,1608,3434,46.8,39,35.9,30.8,3.1,303,952,257,81,1311
2019-2020,Real Madrid,20107,23733,84.7,9829,10697,91.9,7274,8243,88.2,2405,3556,67.6,52,49.9,47.3,2.1,438,1548,400,100,1972,12998,77.8,88106,6010,6812,88.2,5025,5948,84.5,1433,2719,52.7,21,23.9,22.0,-2.9,249,899,185,46,1211
2019-2020,Real Sociedad,15989,20229,79.0,6898,7968,86.6,7100,8250,86.1,1568,2851,55.0,38,35.4,34.4,2.6,323,1136,327,86,1588,11671,73.6,80029,5293,6157,86.0,4408,5497,80.2,1526,3060,49.9,33,27.7,29.4,5.3,296,837,223,66,1133
2019-2020,Sevilla,17525,21733,80.6,7645,8604,88.9,7011,8197,85.5,2222,3526,63.0,35,38.4,39.4,-3.4,359,1272,343,110,1823,11772,74.3,82999,5296,6178,85.7,4555,5583,81.6,1403,2908,48.2,21,24.4,22.4,-3.4,255,906,195,55,1138
2019-2020,Valencia,14490,18258,79.4,6320,7145,88.5,5926,6878,86.2,1705,3096,55.1,34,31.7,29.7,2.3,253,974,273,59,1378,15727,80.9,95683,7636,8502,89.8,5900,6868,85.9,1662,2975,55.9,31,35.3,36.5,-4.3,410,1367,363,112,1698
2019-2020,Valladolid,11187,15457,72.4,4901,5779,84.8,4401,5426,81.1,1531,3230,47.4,19,24.0,20.5,-5.0,254,841,155,57,1106,15445,78.5,100058,7076,8132,87.0,6084,7219,84.3,1705,3024,56.4,26,38.7,36.9,-12.7,345,1315,328,94,1764
2019-2020,Villarreal,16218,20045,80.9,7011,7907,88.7,6626,7599,87.2,2025,3322,61.0,40,43.1,37.4,-3.1,368,1112,276,75,1483,13964,77.4,92332,6347,7237,87.7,5333,6425,83.0,1757,3206,54.8,35,31.9,32.8,3.1,355,1090,296,104,1465
2018-2019,Alavés,9631,14061,68.5,4155,5125,81.1,3682,4818,76.4,1514,3235,46.8,27,29.0,24.9,-2.0,298,831,224,117,1113,14913,76.8,101430,6535,7568,86.4,6103,7324,83.3,1898,3487,54.4,31,36.6,36.4,-5.6,362,1307,365,88,1843
2018-2019,Athletic Club,13195,17584,75.0,6013,7036,85.5,5053,6188,81.7,1662,3197,52.0,26,30.7,34.5,-4.7,299,1069,288,86,1452,13325,75.4,94220,5998,6949,86.3,5161,6360,81.1,1696,3219,52.7,32,33.9,31.0,-1.9,279,1026,239,82,1317
2018-2019,Atlético Madrid,14943,19014,78.6,7677,8649,88.8,4958,6062,81.8,1494,2809,53.2,36,35.3,37.2,0.7,350,1128,288,47,1386,15714,80.0,101682,6809,7753,87.8,6480,7601,85.3,2028,3316,61.2,15,29.2,26.7,-14.2,315,1273,279,77,1651
2018-2019,Barcelona,23263,26691,87.2,11437,12414,92.1,8986,9977,90.1,2097,2877,72.9,61,55.8,54.3,5.2,405,1807,438,37,2110,11210,76.4,79040,5320,6078,87.5,4168,5053,82.5,1370,2612,52.5,25,34.3,29.6,-9.3,299,760,237,70,1092
2018-2019,Betis,19411,22871,84.9,9076,9940,91.3,7937,8845,89.7,1761,2815,62.6,30,32.9,35.9,-2.9,326,1279,304,61,1631,10604,75.3,75862,4788,5470,87.5,4120,4963,83.0,1321,2635,50.1,42,37.2,33.6,4.8,321,819,259,67,1153
2018-2019,Celta Vigo,14955,18808,79.5,6600,7448,88.6,6152,7186,85.6,1693,3042,55.7,37,33.6,29.7,3.4,343,959,245,67,1288,13631,77.4,91783,6380,7294,87.5,5145,6195,83.1,1698,3087,55.0,41,43.5,39.6,-2.5,370,1177,330,102,1503
2018-2019,Eibar,12976,18501,70.1,5205,6395,81.4,5155,6570,78.5,2179,4285,50.9,26,36.7,38.9,-10.7,374,1359,353,152,1619,10922,68.5,91696,4921,6084,80.9,4070,5435,74.9,1622,3380,48.0,39,37.2,29.7,1.8,252,744,215,60,1070
2018-2019,Espanyol,13855,17740,78.1,5888,6755,87.2,5853,6979,83.9,1783,3044,58.6,26,33.8,32.7,-7.8,332,1060,306,60,1495,14249,78.0,94116,6331,7221,87.7,5614,6736,83.3,1833,3261,56.2,26,35.9,35.0,-9.9,386,1163,301,93,1585
2018-2019,Getafe,8108,13021,62.3,3280,4305,76.2,3027,4335,69.8,1505,3376,44.6,34,32.9,28.7,1.1,294,842,272,86,1131,14702,74.9,103844,6604,7765,85.0,5767,7067,81.6,1846,3533,52.3,18,29.8,29.8,-11.8,267,1107,245,66,1385
2018-2019,Girona,13136,17212,76.3,5279,6114,86.3,5722,6882,83.1,1791,3324,53.9,23,29.3,31.2,-6.3,280,869,256,92,1316,14706,77.9,99598,6716,7699,87.2,5958,7040,84.6,1656,3129,52.9,34,38.0,35.6,-4.0,386,1183,325,80,1624
2018-2019,Huesca,10586,14891,71.1,4641,5565,83.4,3976,5151,77.2,1575,3157,49.9,28,34.6,31.3,-6.6,336,873,272,111,1209,14546,77.3,98493,6398,7342,87.1,5951,7078,84.1,1749,3270,53.5,46,43.1,40.1,2.9,334,1207,300,66,1576
2018-2019,Leganés,10733,15210,70.6,4636,5593,82.9,4186,5407,77.4,1727,3486,49.5,25,28.1,26.9,-3.1,306,933,234,121,1153,16214,78.6,100295,6836,7826,87.3,6835,8045,85.0,2025,3622,55.9,27,28.6,30.4,-1.6,285,1277,278,89,1596
2018-2019,Levante,10824,14765,73.3,4880,5718,85.3,4064,5049,80.5,1458,2927,49.8,39,38.5,28.5,0.5,307,932,250,63,1295,13968,78.1,96118,6354,7213,88.1,5483,6551,83.7,1724,3121,55.2,41,51.4,47.4,-10.4,521,1068,374,103,1553
2018-2019,Rayo Vallecano,12469,16307,76.5,5658,6496,87.1,4841,5856,82.7,1534,2945,52.1,24,33.0,29.2,-9.0,334,904,224,80,1326,13416,76.2,95976,5813,6721,86.5,5391,6499,83.0,1830,3275,55.9,51,41.0,38.1,10.0,326,1203,327,94,1557
2018-2019,Real Madrid,20625,24198,85.2,9972,10890,91.6,7745,8656,89.5,2465,3521,70.0,39,49.9,44.8,-10.9,464,1628,386,87,2094,12483,77.9,86266,5911,6674,88.6,4727,5617,84.2,1436,2676,53.7,32,33.0,27.3,-1.0,282,902,209,60,1158
2018-2019,Real Sociedad,14565,18547,78.5,6175,7064,87.4,6300,7372,85.5,1729,3062,56.5,27,33.0,31.3,-6.0,316,1016,252,89,1381,13338,75.9,91628,5876,6814,86.2,5123,6225,82.3,1863,3370,55.3,30,34.2,34.2,-4.2,316,1063,284,94,1407
2018-2019,Sevilla,14555,18806,77.4,6592,7512,87.8,5816,6932,83.9,1752,3230,54.2,47,49.3,45.6,-2.3,390,1165,392,103,1804,13190,76.4,94681,5859,6810,86.0,5203,6303,82.5,1734,3144,55.2,29,31.2,30.9,-2.2,354,1041,263,68,1407
2018-2019,Valencia,13679,17639,77.5,6044,6956,86.9,5503,6585,83.6,1731,3065,56.5,38,46.7,45.2,-8.7,369,1184,325,89,1561,16386,80.2,97984,7695,8578,89.7,6417,7494,85.6,1751,3189,54.9,19,26.7,33.2,-7.7,339,1258,300,96,1632
2018-2019,Valladolid,12015,16279,73.8,5157,5989,86.1,4872,5901,82.6,1664,3425,48.6,19,26.7,24.2,-7.7,293,981,193,73,1299,14608,78.5,101842,6432,7351,87.5,5897,6994,84.3,1872,3193,58.6,36,43.1,41.4,-7.1,369,1263,314,109,1642
2018-2019,Villarreal,13758,17648,78.0,5946,6834,87.0,5697,6759,84.3,1829,3142,58.2,34,39.0,33.8,-5.0,364,1206,294,67,1648,15157,79.4,98016,6735,7588,88.8,5912,6930,85.3,1991,3445,57.8,32,41.0,38.7,-9.0,417,1184,352,124,1560
2017-2018,Alavés,9696,13876,69.9,4360,5314,82.0,3564,4667,76.4,1462,3022,48.4,31,27.7,22.0,3.3,277,835,176,62,1045,16759,79.9,108909,7415,8450,87.8,6737,7898,85.3,2235,3701,60.4,28,38.8,37.7,-10.8,392,1459,345,106,1842
2017-2018,Athletic Club,13195,17614,74.9,5337,6361,83.9,5378,6581,81.7,2185,3745,58.3,25,33.7,33.3,-8.7,304,1214,292,104,1519,13708,76.1,93926,6277,7277,86.3,5162,6313,81.8,1874,3382,55.4,33,37.1,30.1,-4.1,331,996,254,80,1311
2017-2018,Atlético Madrid,14484,18580,78.0,7240,8251,87.7,5003,6032,82.9,1640,3052,53.7,41,36.6,30.9,4.4,295,1168,259,34,1460,16583,80.1,103147,7860,8856,88.8,6372,7510,84.8,1911,3252,58.8,17,27.6,28.0,-10.6,321,1362,303,85,1677
2017-2018,Barcelona,22147,25740,86.0,11075,12080,91.7,8023,8966,89.5,2132,3013,70.8,74,64.6,62.9,9.4,418,1728,475,30,2151,11775,77.0,82874,5689,6506,87.4,4190,5098,82.2,1544,2794,55.3,22,32.3,26.9,-10.3,340,918,233,65,1190
2017-2018,Betis,17953,21622,83.0,8266,9140,90.4,7380,8393,87.9,1914,3161,60.6,43,35.2,31.5,7.8,317,1228,234,64,1506,12416,76.1,87704,5760,6619,87.0,4672,5666,82.5,1592,3021,52.7,45,35.9,33.3,9.1,332,1057,314,106,1354
2017-2018,Celta Vigo,16981,21071,80.6,7248,8226,88.1,7245,8294,87.4,2110,3577,59.0,45,43.0,36.8,2.0,332,1239,309,87,1595,12810,75.8,89598,6167,7099,86.9,4658,5797,80.4,1617,3120,51.8,48,41.5,38.2,6.5,335,1118,314,79,1361
2017-2018,Eibar,12725,17961,70.8,5088,6219,81.8,4938,6299,78.4,2360,4474,52.7,31,30.2,29.0,0.8,333,1287,257,138,1468,11768,70.1,92849,5394,6582,82.0,4405,5681,77.5,1591,3451,46.1,36,34.4,26.6,1.6,242,803,204,68,1056
2017-2018,Espanyol,12753,17192,74.2,5919,6877,86.1,4810,5905,81.5,1687,3420,49.3,24,27.8,28.2,-3.8,290,1036,232,85,1276,15453,77.9,101627,6700,7675,87.3,6260,7442,84.1,2105,3753,56.1,26,35.9,35.2,-9.9,343,1266,272,79,1615
2017-2018,Getafe,8531,13193,64.7,3726,4705,79.2,2960,4155,71.2,1522,3394,44.8,27,29.6,25.5,-2.6,255,884,257,67,1092,15456,76.9,106393,7065,8195,86.2,5972,7265,82.2,2027,3614,56.1,28,29.9,28.6,-1.9,283,1289,270,75,1580
2017-2018,Girona,11843,16037,73.8,5017,5865,85.5,4565,5639,81.0,1992,3751,53.1,31,34.4,34.8,-3.4,326,982,223,113,1215,14053,76.8,94942,6491,7441,87.2,5632,6765,83.3,1510,3075,49.1,39,34.6,30.8,4.4,299,1114,272,54,1436
2017-2018,La Coruña,12784,16975,75.3,5792,6770,85.6,4835,5966,81.0,1822,3322,54.8,30,40.0,35.1,-10.0,343,1090,272,85,1477,15475,79.0,105558,7187,8175,87.9,5796,6870,84.4,2019,3449,58.5,53,43.3,37.8,9.7,406,1332,320,86,1709
2017-2018,Las Palmas,15824,19788,80.0,7765,8727,89.0,5854,6917,84.6,1657,2998,55.3,15,24.8,27.8,-9.8,293,1030,255,61,1332,12571,76.3,93028,5998,6942,86.4,4622,5585,82.8,1558,2966,52.5,53,55.5,40.0,-2.5,415,1091,277,77,1410
2017-2018,Leganés,10383,14887,69.7,4971,5989,83.0,3631,4767,76.2,1500,3243,46.3,23,30.0,27.0,-7.0,291,926,190,75,1111,15687,77.6,105585,6745,7802,86.5,6397,7656,83.6,2119,3694,57.4,28,31.5,30.8,-3.5,302,1219,276,89,1468
2017-2018,Levante,10715,14768,72.6,4844,5740,84.4,4091,5116,80.0,1493,3025,49.4,28,31.8,22.5,-3.8,287,979,272,87,1286,16099,80.0,107215,7111,8028,88.6,6437,7503,85.8,2084,3485,59.8,41,45.3,42.1,-4.3,410,1333,349,88,1661
2017-2018,Málaga,11424,15769,72.4,5144,6089,84.5,4252,5405,78.7,1693,3361,50.4,15,26.3,23.6,-11.3,291,949,213,97,1169,15890,78.6,106437,6910,7997,86.4,6539,7682,85.1,2107,3572,59.0,44,43.1,36.4,0.9,333,1389,299,76,1777
2017-2018,Real Madrid,20954,24496,85.5,10538,11420,92.3,7559,8541,88.5,2276,3309,68.8,65,62.8,58.8,2.2,550,1845,512,122,2383,12894,79.4,94199,6185,6886,89.8,4693,5552,84.5,1626,2872,56.6,34,31.5,28.6,2.5,282,1061,226,57,1229
2017-2018,Real Sociedad,16973,20838,81.5,7580,8448,89.7,6886,7927,86.9,2025,3358,60.3,47,38.9,35.6,8.1,389,1253,313,103,1605,12215,75.9,87842,5812,6667,87.2,4378,5374,81.5,1651,3075,53.7,41,35.5,30.2,5.5,292,988,236,62,1244
2017-2018,Sevilla,16366,20571,79.6,8012,9022,88.8,6227,7403,84.1,1648,2973,55.4,35,42.8,36.9,-7.8,395,1304,343,56,1824,13236,76.3,94007,6031,6923,87.1,5068,6128,82.7,1726,3286,52.5,39,36.6,31.4,2.4,330,1064,262,76,1410
2017-2018,Valencia,14289,18004,79.4,6215,7101,87.5,6045,7114,85.0,1688,2915,57.9,45,39.9,33.5,5.1,354,1223,307,75,1563,15392,79.2,99429,7404,8249,89.8,5680,6758,84.0,1856,3333,55.7,28,35.2,36.8,-7.2,347,1292,301,91,1613
2017-2018,Villarreal,14995,18797,79.8,6901,7805,88.4,5966,7033,84.8,1827,3099,59.0,45,42.0,31.8,3.0,372,1157,246,60,1453,14775,78.4,97909,6837,7780,87.9,5542,6577,84.3,1881,3317,56.7,37,36.2,37.6,0.8,377,1206,310,106,1587
2024-2025-femenino,Athletic Club,11822,14972,79.0,4498,5269,85.4,5997,6915,86.7,1163,2168,53.6,24,22.4,20.9,1.6,190,899,180,60,1110,10347,76.4,73430,4502,5299,85.0,4445,5378,82.7,1161,2161,53.7,18,22.8,24.8,-4.8,258,950,233,79,1117
2024-2025-femenino,Atlético Madrid,13559,16594,81.7,6206,7030,88.3,5960,6931,86.0,1119,1917,58.4,35,30.8,33.5,4.2,297,1305,273,55,1603,8644,73.8,65767,3796,4448,85.3,3710,4519,82.1,959,2104,45.6,15,19.6,18.6,-4.6,246,697,171,61,814
2024-2025-femenino,Barcelona,19651,22664,86.7,11161,12116,92.1,6890,7781,88.5,1107,1756,63.0,90,81.8,91.3,8.2,705,2333,662,136,2601,5159,65.6,45055,2258,2833,79.7,2133,2798,76.2,654,1788,36.6,9,7.8,5.4,1.2,86,239,54,16,273
2024-2025-femenino,Dep La Coruña,8316,11499,72.3,3126,3887,80.4,4019,4918,81.7,1006,2116,47.5,18,17.6,14.0,0.4,207,592,138,39,762,10950,76.1,76989,4903,5787,84.7,4763,5748,82.9,1073,2111,50.8,32,37.7,41.6,-5.7,363,1106,307,105,1513
2024-2025-femenino,Eibar,4956,8728,56.8,1777,2582,68.8,2150,3157,68.1,908,2468,36.8,16,12.3,12.6,3.7,144,496,102,46,589,13183,76.6,89259,5640,6679,84.4,5986,7135,83.9,1331,2633,50.6,33,31.9,35.5,1.1,306,1382,282,64,1660
2024-2025-femenino,Espanyol,5124,8382,61.1,1951,2649,73.7,2234,3149,70.9,806,2032,39.7,20,17.8,18.4,2.2,185,502,138,58,626,12345,78.1,89076,4881,5770,84.6,5949,6977,85.3,1344,2455,54.7,29,33.1,36.9,-4.1,297,1146,252,62,1356
2024-2025-femenino,Granada,10208,13827,73.8,3433,4229,81.2,5071,6092,83.2,1566,2883,54.3,26,26.0,28.8,0.0,274,869,219,100,1094,8910,73.1,72318,3744,4509,83.0,3843,4827,79.6,1060,2149,49.3,31,29.5,27.5,1.5,237,797,205,42,1030
2024-2025-femenino,Levante,10610,13927,76.2,4554,5365,84.9,4796,5739,83.6,1057,2156,49.0,18,20.0,22.6,-2.0,215,862,176,47,1083,10305,76.0,77240,4208,5031,83.6,4719,5611,84.1,1135,2174,52.2,33,33.9,37.4,-0.9,291,934,215,64,1216
2024-2025-femenino,Levante Planas,10244,13597,75.3,4404,5223,84.3,4591,5581,82.3,1012,2080,48.7,11,21.9,24.5,-10.9,223,964,169,32,1175,10044,74.7,74226,4422,5244,84.3,4394,5333,82.4,1021,2166,47.1,34,24.8,25.5,9.2,212,877,187,62,919
2024-2025-femenino,Madrid CFF,9332,12849,72.6,3985,4904,81.3,4008,5010,80.0,1094,2197,49.8,27,25.3,20.4,1.7,259,697,181,60,884,10086,74.9,78042,4074,4915,82.9,4799,5779,83.0,1027,2198,46.7,42,30.5,28.4,11.5,291,1005,208,49,1159
2024-2025-femenino,Real Betis,8460,11853,71.4,3504,4344,80.7,3721,4612,80.7,1028,2184,47.1,14,15.4,16.4,-1.4,178,644,164,35,877,10529,76.1,79557,4360,5167,84.4,4823,5719,84.3,1123,2212,50.8,39,37.4,34.2,1.6,373,1013,289,90,1300
2024-2025-femenino,Real Madrid,13859,16851,82.2,5763,6574,87.7,6391,7270,87.9,1450,2261,64.1,57,53.6,53.4,3.4,440,1552,389,99,1858,8146,72.8,61995,3616,4254,85.0,3506,4308,81.4,859,2083,41.2,12,12.8,14.1,-0.8,147,575,135,36,704
2024-2025-femenino,Real Sociedad,12654,15838,79.9,5354,6146,87.1,5959,6832,87.2,1121,2134,52.5,28,28.2,27.6,-0.2,277,1161,237,54,1357,8461,73.7,71798,3658,4435,82.5,3540,4386,80.7,1108,2096,52.9,30,28.8,28.0,1.2,256,738,199,56,921
2024-2025-femenino,Sevilla,7661,11070,69.2,3086,3864,79.9,3601,4559,79.0,867,2138,40.6,17,20.8,17.0,-3.8,183,601,108,45,721,11451,76.6,82313,4687,5554,84.4,5341,6370,83.8,1225,2339,52.4,29,26.4,25.3,2.6,269,1058,206,64,1260
2024-2025-femenino,UDG Tenerife,7808,11368,68.7,2785,3615,77.0,3797,4762,79.7,1134,2485,45.6,26,21.7,22.4,4.3,209,688,169,58,851,10917,75.3,78298,4593,5506,83.4,4961,6018,82.4,1133,2279,49.7,25,24.1,26.0,0.9,275,1080,202,49,1224
2024-2025-femenino,Valencia,6881,10188,67.5,2579,3342,77.2,3115,4005,77.8,1014,2218,45.7,16,15.4,18.4,0.6,214,657,136,58,793,11668,77.4,86243,4824,5708,84.5,5388,6407,84.1,1239,2245,55.2,32,29.8,33.0,2.2,293,1225,296,83,1518
