Season,Squad,Goals GA_for,Goals PKA_for,Goals FK_for,Goals CK_for,Goals OG_for,Expected PSxG_for,Expected PSxG/SoT_for,Expected PSxG+/-_for,Launched Cmp_for,Launched Att_for,Launched Cmp%_for,Passes Att (GK)_for,Passes Thr_for,Passes Launch%_for,Passes AvgLen_for,Goal Kicks Att_for,Goal Kicks Launch%_for,Goal Kicks AvgLen_for,Crosses Opp_for,Crosses Stp_for,Crosses Stp%_for,Sweeper #OPA_for,Sweeper AvgDist_for,Goals GA_against,Goals PKA_against,Goals FK_against,Goals CK_against,Goals OG_against,Expected PSxG_against,Expected PSxG/SoT_against,Expected PSxG+/-_against,Launched Cmp_against,Launched Att_against,Launched Cmp%_against,Passes Att (GK)_against,Passes Thr_against,Passes Launch%_against,Passes AvgLen_against,Goal Kicks Att_against,Goal Kicks Launch%_against,Goal Kicks AvgLen_against,Crosses Opp_against,Crosses Stp_against,Crosses Stp%_against,Sweeper #OPA_against,Sweeper AvgDist_against
2024-2025 Premier League,Arsenal,34,3,2,8,0,35.1,0.28,1.1,149,478,31.2,1210,178,31.2,29.9,200,50.0,38.6,402,53,13.2,66,17.2,69,2,0,12,2,61.5,0.35,-5.5,215,661,32.5,1123,116,44.9,37.7,309,50.8,39.1,602,33,5.5,33,11.8
2024-2025 Premier League,Aston Villa,51,2,1,2,0,52.1,0.32,1.1,181,474,38.2,1182,133,29.5,30.4,299,41.8,35.1,538,59,11.0,35,13.7,58,3,0,9,2,57.7,0.33,1.7,149,380,39.2,882,167,30.6,32.4,262,42.0,34.2,462,40,8.7,44,13.1
2024-2025 Premier League,Bournemouth,46,4,1,5,0,54.8,0.3,8.8,174,465,37.4,960,158,35.2,32.9,266,47.7,39.4,460,25,5.4,62,16.0,58,6,1,5,1,65.0,0.3,8.0,242,673,36.0,1233,155,41.2,36.5,343,48.1,37.5,637,47,7.4,50,13.7
2024-2025 Premier League,Brentford,57,1,0,2,3,53.3,0.26,-0.7,264,697,37.9,1453,129,36.3,34.4,327,51.7,41.3,597,48,8.0,34,11.5,66,5,0,5,1,67.3,0.36,2.3,187,583,32.1,1160,184,40.3,35.7,252,45.6,36.6,534,44,8.2,67,15.6
2024-2025 Premier League,Brighton,59,9,1,4,2,51.5,0.3,-5.5,129,402,32.1,1178,129,29.3,25.1,243,23.5,23.1,436,29,6.7,50,15.4,66,7,2,6,2,67.8,0.33,3.8,204,619,33.0,1368,187,35.5,33.4,298,44.6,36.2,541,29,5.4,64,15.8
2024-2025 Premier League,Chelsea,43,5,0,5,0,45.0,0.26,2.0,105,457,23.0,1207,209,34.5,33.4,224,17.9,20.9,423,49,11.6,59,14.5,64,4,2,7,3,68.9,0.32,7.9,180,583,30.9,1207,196,36.5,34.1,310,45.8,37.0,495,33,6.7,44,13.7
2024-2025 Premier League,Crystal Palace,51,1,1,5,3,51.2,0.35,3.2,157,600,26.2,922,115,48.5,38.5,293,52.2,42.4,559,30,5.4,40,14.3,51,3,1,10,2,57.5,0.31,8.5,179,449,39.9,1224,206,27.8,30.3,248,44.0,36.8,490,39,8.0,54,14.4
2024-2025 Premier League,Everton,44,0,1,6,0,48.8,0.3,4.8,304,806,37.7,1297,161,51.0,39.7,289,50.2,40.7,558,31,5.6,57,15.2,42,2,1,4,3,40.3,0.28,1.3,101,332,30.4,1107,201,22.6,29.1,244,33.6,30.9,539,43,8.0,33,12.5
2024-2025 Premier League,Fulham,54,3,0,6,2,48.9,0.29,-3.1,141,367,38.4,1138,167,24.5,28.9,265,33.2,30.2,507,23,4.5,33,13.3,54,3,0,3,1,55.3,0.31,2.3,140,480,29.2,1017,166,35.0,34.2,296,41.9,35.6,661,33,5.0,48,14.6
2024-2025 Premier League,Ipswich Town,82,6,0,11,2,73.6,0.33,-6.4,189,531,35.6,1000,184,36.6,34.3,306,53.9,41.4,609,71,11.7,35,8.2,36,2,0,4,1,35.3,0.28,0.3,105,439,23.9,1154,112,29.5,31.8,206,48.1,38.6,388,37,9.5,46,15.0
2024-2025 Premier League,Leicester City,80,3,0,5,3,74.6,0.35,-2.4,181,688,26.3,1183,178,44.9,32.0,325,48.3,36.0,599,36,6.0,36,20.7,33,2,0,3,0,33.6,0.3,0.6,124,336,36.9,1008,150,25.0,30.1,227,37.0,33.4,469,35,7.5,47,14.4
2024-2025 Premier League,Liverpool,41,1,0,3,2,42.2,0.3,3.2,102,325,31.4,1108,179,24.6,26.6,239,21.8,24.5,370,17,4.6,58,16.0,86,9,0,8,1,78.3,0.32,-6.7,181,551,32.8,1073,173,37.7,35.1,347,42.1,34.4,610,36,5.9,44,12.7
2024-2025 Premier League,Manchester City,44,4,1,4,2,46.3,0.35,4.3,112,269,41.6,1191,163,19.5,26.7,190,19.5,24.0,357,19,5.3,61,14.3,72,3,1,6,1,69.2,0.32,-1.8,191,559,34.2,1199,158,36.4,33.8,295,41.7,35.6,484,36,7.4,30,12.2
2024-2025 Premier League,Manchester Utd,54,3,1,10,2,54.1,0.34,2.1,131,502,26.1,1206,148,32.0,30.3,247,47.0,36.4,455,26,5.7,30,11.8,44,4,2,6,2,43.3,0.24,1.3,139,496,28.0,1094,145,34.1,33.3,257,47.9,38.6,509,36,7.1,59,14.6
2024-2025 Premier League,Newcastle Utd,47,1,0,4,2,47.7,0.29,2.7,90,337,26.7,863,246,22.7,25.2,251,56.2,43.6,486,49,10.1,75,15.3,68,5,0,5,2,65.3,0.36,-0.7,268,777,34.5,1175,160,51.3,40.1,310,56.1,42.1,535,44,8.2,44,12.8
2024-2025 Premier League,Nott'ham Forest,46,3,1,5,0,49.1,0.29,3.1,244,698,35.0,662,83,73.7,44.7,323,65.0,47.0,710,19,2.7,12,8.7,58,3,0,10,1,53.6,0.32,-3.4,86,335,25.7,1012,184,26.8,30.3,261,24.5,26.1,492,36,7.3,51,14.2
2024-2025 Premier League,Southampton,86,7,0,12,0,83.8,0.32,-2.2,235,707,33.2,1224,172,44.7,29.5,297,53.9,41.9,587,35,6.0,27,6.5,26,0,0,2,1,29.8,0.27,4.8,103,356,28.9,989,129,30.2,32.1,176,32.4,29.8,443,35,7.9,37,15.4
2024-2025 Premier League,Tottenham,65,3,0,8,4,66.6,0.36,5.6,59,195,30.3,1047,192,16.6,27.2,272,7.7,16.3,520,49,9.4,45,11.1,64,3,1,9,3,57.8,0.31,-3.2,214,616,34.7,1007,149,45.3,37.6,271,59.0,44.4,576,34,5.9,28,12.1
2024-2025 Premier League,West Ham,62,3,1,8,3,57.9,0.3,-1.1,212,610,34.8,1167,174,37.4,35.5,311,55.9,41.9,614,25,4.1,42,13.1,46,3,1,5,3,43.7,0.3,0.7,164,494,33.2,1101,146,36.4,34.1,239,38.9,33.2,454,35,7.7,39,14.1
2024-2025 Premier League,Wolves,69,7,2,11,3,59.7,0.32,-6.3,153,532,28.8,1020,156,41.5,14.0,244,44.7,37.0,562,40,7.1,57,,54,0,1,5,1,45.1,0.29,-7.9,140,421,33.3,1085,170,30.9,32.9,260,33.1,30.6,428,28,6.5,52,15.4
2024-2025 Serie A,Atalanta,37,2,0,4,2,41.1,0.29,6.1,133,413,32.2,980,193,27.6,32.3,233,61.4,47.5,363,21,5.8,56,14.5,78,5,0,7,2,68.3,0.34,-7.7,245,697,35.2,1354,110,41.9,37.2,333,38.7,34.8,605,30,5.0,28,13.0
2024-2025 Serie A,Bologna,47,2,0,3,2,40.3,0.37,-4.7,171,467,36.6,1386,158,28.6,31.6,187,37.4,35.6,312,29,9.3,32,13.0,57,6,0,3,1,49.3,0.25,-6.7,272,767,35.5,1280,139,47.3,38.9,320,50.6,39.8,606,30,5.0,42,15.6
2024-2025 Serie A,Cagliari,56,6,0,10,0,54.8,0.33,-1.2,232,597,38.9,999,165,42.9,35.5,336,50.0,40.7,540,28,5.2,36,11.8,40,3,2,5,2,39.2,0.32,1.2,130,444,29.3,1026,122,33.2,34.0,271,38.0,33.9,587,24,4.1,32,12.8
2024-2025 Serie A,Como,52,7,0,7,0,44.6,0.27,-7.4,150,405,37.0,1164,163,32.0,28.6,205,16.1,21.3,433,29,6.7,65,12.9,49,0,0,4,5,49.3,0.28,5.3,145,485,29.9,1122,179,33.5,34.4,302,36.1,34.4,431,26,6.0,38,14.8
2024-2025 Serie A,Empoli,59,1,0,7,1,50.1,0.31,-7.9,199,654,30.4,944,125,58.3,41.8,328,31.7,28.6,556,37,6.7,20,12.6,33,2,0,4,2,27.8,0.23,-3.2,196,537,36.5,1230,159,34.0,34.8,269,44.2,37.3,474,26,5.5,46,14.4
2024-2025 Serie A,Fiorentina,41,1,0,3,1,40.7,0.27,0.7,226,515,43.9,923,143,40.8,35.8,293,47.1,39.2,498,14,2.8,31,14.5,57,6,2,7,2,55.1,0.3,0.1,165,452,36.5,1075,176,31.5,33.7,263,43.0,37.7,457,28,6.1,49,15.5
2024-2025 Serie A,Genoa,49,6,0,5,3,49.8,0.28,3.8,190,506,37.5,960,142,37.2,42.3,314,47.5,39.7,527,24,4.6,17,3.3,37,0,0,6,2,37.1,0.3,2.1,181,520,34.8,1197,132,35.3,34.2,247,39.7,34.6,488,30,6.1,41,14.3
2024-2025 Serie A,Hellas Verona,66,2,0,6,1,53.8,0.31,-11.2,217,761,28.5,793,93,60.9,55.4,313,88.8,59.3,544,32,5.9,26,20.3,34,2,1,3,3,30.5,0.31,-0.5,125,333,37.5,1042,171,24.4,31.1,293,27.0,29.9,445,41,9.2,41,13.2
2024-2025 Serie A,Inter,32,3,0,3,1,35.8,0.26,4.8,114,277,41.2,1364,151,17.7,28.6,202,17.8,25.4,437,17,3.9,17,15.8,79,8,1,12,3,65.9,0.32,-10.1,179,553,32.4,981,148,40.2,37.6,308,51.6,40.3,575,33,5.7,26,11.5
2024-2025 Serie A,Juventus,35,5,0,6,0,31.8,0.23,-3.2,139,377,36.9,939,156,31.1,29.4,237,35.9,32.2,519,32,6.2,33,14.0,58,6,0,3,2,54.1,0.27,-1.9,199,531,37.5,1087,147,38.3,36.2,305,37.7,33.3,483,31,6.4,26,12.4
2024-2025 Serie A,Lazio,49,4,0,4,2,39.4,0.31,-7.6,188,498,37.8,1196,132,35.4,33.3,252,29.8,28.4,496,49,9.9,54,14.5,61,6,0,7,1,65.5,0.32,5.5,184,441,41.7,1033,146,31.1,33.2,286,42.0,36.2,672,26,3.9,33,12.7
2024-2025 Serie A,Lecce,58,8,3,5,3,53.8,0.26,-1.2,220,656,33.5,883,120,59.7,39.1,312,41.3,32.3,590,29,4.9,19,11.0,27,3,1,3,0,33.4,0.24,6.4,147,427,34.4,961,156,30.5,32.7,280,47.9,39.0,504,31,6.2,42,15.5
2024-2025 Serie A,Milan,43,1,1,3,3,39.0,0.27,-1.0,123,319,38.6,1334,182,18.4,27.8,275,26.5,31.0,462,27,5.8,71,18.7,61,4,1,5,2,62.0,0.29,3.0,160,448,35.7,964,180,33.5,34.4,314,39.8,35.3,478,24,5.0,27,11.7
2024-2025 Serie A,Monza,69,2,2,10,3,59.8,0.31,-6.2,217,557,39.0,1069,157,42.5,33.7,333,30.9,28.3,534,26,4.9,33,13.3,28,3,0,2,1,27.1,0.24,0.1,163,434,37.6,1002,125,35.0,34.8,216,38.4,34.4,502,37,7.4,43,14.0
2024-2025 Serie A,Napoli,27,1,1,0,2,29.1,0.28,4.1,102,251,40.6,1103,131,17.0,31.7,260,24.6,29.6,438,25,5.7,50,13.7,59,4,1,5,3,51.4,0.31,-4.6,179,616,29.1,1094,115,43.3,38.0,288,49.3,38.8,519,40,7.7,47,12.3
2024-2025 Serie A,Parma,58,5,3,6,2,54.2,0.32,-1.8,207,697,29.7,1237,190,44.4,33.9,322,46.0,40.0,643,67,10.4,40,16.3,44,6,0,8,1,40.8,0.25,-2.2,121,349,34.7,959,182,26.5,30.9,260,36.5,34.0,326,21,6.4,39,14.4
2024-2025 Serie A,Roma,35,4,0,4,1,42.5,0.26,8.5,124,413,30.0,1195,170,25.1,30.6,263,43.0,37.3,495,30,6.1,33,13.7,56,8,2,8,1,51.7,0.27,-3.3,166,488,34.0,1110,173,35.9,34.5,279,32.3,32.1,498,27,5.4,35,13.6
2024-2025 Serie A,Torino,45,3,1,7,2,53.7,0.27,10.7,231,714,32.4,1342,196,41.0,37.6,313,52.4,46.2,597,37,6.2,51,13.7,39,2,0,4,3,36.3,0.28,0.3,181,489,37.0,1128,164,36.4,35.0,232,33.6,31.4,519,35,6.7,39,14.5
2024-2025 Serie A,Udinese,56,7,3,8,5,52.3,0.29,1.3,167,447,37.4,1021,108,34.3,30.2,266,36.5,31.7,528,19,3.6,36,14.1,41,2,1,9,0,43.0,0.29,2.0,115,470,24.5,1149,177,32.0,34.7,273,37.4,33.7,531,39,7.3,35,12.7
2024-2025 Serie A,Venezia,56,10,0,8,3,57.0,0.26,4.0,135,520,26.0,1014,158,41.9,31.0,342,27.8,27.3,589,31,5.3,21,9.4,32,4,2,4,1,36.0,0.26,5.0,232,563,41.2,1052,132,43.1,38.0,247,44.5,37.4,401,24,6.0,32,14.2
2024-2025 Ligue 1,Angers,53,4,0,7,0,65.9,0.34,12.9,146,446,32.7,762,184,39.0,35.8,283,52.7,42.1,551,49,8.9,22,10.7,32,5,2,4,1,32.8,0.29,1.8,88,221,39.8,831,161,20.8,28.4,201,23.9,27.2,460,39,8.5,29,13.4
2024-2025 Ligue 1,Auxerre,51,6,0,7,3,59.3,0.31,11.3,221,680,32.5,944,178,54.6,42.0,244,67.6,49.8,556,31,5.6,42,14.6,48,4,2,6,1,46.1,0.29,-0.9,95,250,38.0,777,155,23.9,28.5,232,27.6,30.7,426,23,5.4,44,15.3
2024-2025 Ligue 1,Brest,59,8,1,5,2,49.0,0.3,-8.0,224,542,41.3,944,141,41.9,36.0,242,60.3,46.2,489,34,7.0,56,16.2,52,7,0,8,0,50.0,0.27,-2.0,136,316,43.0,936,186,24.5,30.1,253,34.4,32.9,504,32,6.3,30,13.8
2024-2025 Ligue 1,Le Havre,71,5,1,8,1,72.9,0.4,2.9,135,334,40.4,817,147,31.0,32.4,238,34.0,31.1,546,33,6.0,15,10.5,40,9,1,6,3,39.4,0.3,2.4,104,310,33.5,790,128,28.4,31.3,229,37.6,33.4,548,31,5.7,35,13.9
2024-2025 Ligue 1,Lens,39,8,2,4,0,48.1,0.29,9.1,142,340,41.8,852,162,31.7,32.3,201,34.8,31.0,381,41,10.8,34,11.6,42,5,0,6,2,45.9,0.28,5.9,181,555,32.6,1040,125,43.6,36.7,246,41.5,34.0,580,33,5.7,48,15.8
2024-2025 Ligue 1,Lille,36,4,0,6,1,42.2,0.32,7.2,112,288,38.9,874,144,28.4,29.6,206,19.4,24.5,373,21,5.6,24,13.9,52,7,1,6,0,60.0,0.33,8.0,135,470,28.7,1012,144,35.8,34.6,218,49.5,37.9,437,30,6.9,30,13.5
2024-2025 Ligue 1,Lyon,46,3,1,6,0,49.2,0.29,3.2,102,314,32.5,848,185,29.7,27.5,218,28.4,28.9,422,26,6.2,29,7.0,65,8,0,6,3,64.6,0.32,2.6,146,369,39.6,813,149,33.5,33.9,226,42.9,35.2,465,28,6.0,25,13.2
2024-2025 Ligue 1,Marseille,47,3,1,4,2,47.5,0.33,2.5,92,202,45.5,1023,133,16.1,24.4,179,20.7,22.5,309,28,9.1,59,18.3,74,8,1,3,4,72.0,0.33,2.0,117,433,27.0,850,136,38.5,36.2,241,44.0,35.6,464,35,7.5,36,14.3
2024-2025 Ligue 1,Monaco,41,3,1,3,0,38.3,0.29,-2.7,77,269,28.6,737,146,27.1,30.5,216,31.9,31.9,379,30,7.9,38,14.0,63,6,0,7,0,67.2,0.33,4.2,180,490,36.7,857,167,39.9,36.4,285,51.9,38.5,459,37,8.1,41,14.4
2024-2025 Ligue 1,Montpellier,79,8,0,5,3,66.2,0.3,-9.8,197,496,39.7,840,134,45.1,36.2,271,43.2,35.4,463,28,6.0,29,14.3,23,3,1,2,0,30.3,0.24,7.3,107,295,36.3,773,166,28.3,31.1,215,35.3,30.8,491,38,7.7,26,12.4
2024-2025 Ligue 1,Nantes,52,7,0,4,3,50.8,0.31,1.8,151,463,32.6,809,139,39.9,35.8,240,58.3,41.5,588,33,5.6,15,11.0,39,5,0,3,0,40.0,0.29,1.0,94,269,34.9,904,141,22.1,28.1,193,35.8,30.8,471,26,5.5,33,14.3
2024-2025 Ligue 1,Nice,41,2,0,4,1,43.0,0.26,3.0,112,272,41.2,877,173,24.5,28.6,233,24.5,25.3,470,39,8.3,33,12.8,66,6,0,6,4,64.9,0.33,2.9,183,502,36.5,1034,149,37.6,34.5,256,44.1,35.7,446,27,6.1,44,15.7
2024-2025 Ligue 1,Paris S-G,35,3,1,6,1,30.4,0.28,-3.6,74,188,39.4,818,140,17.8,29.1,156,26.9,26.4,298,16,5.4,34,18.0,92,6,1,5,3,99.4,0.35,10.4,215,546,39.4,849,124,47.3,39.7,287,50.2,36.8,436,19,4.4,20,11.8
2024-2025 Ligue 1,Reims,47,4,1,8,0,61.6,0.33,14.6,154,477,32.3,928,153,36.6,33.3,285,48.1,37.3,554,31,5.6,42,14.6,33,1,0,5,1,28.9,0.26,-3.1,118,344,34.3,828,162,31.5,32.4,237,35.0,32.4,478,28,5.9,37,15.2
2024-2025 Ligue 1,Rennes,50,3,1,6,2,46.2,0.31,-1.8,119,361,33.0,970,132,29.3,32.7,219,35.2,31.5,402,23,5.7,37,15.7,51,5,1,5,0,53.3,0.3,2.3,147,456,32.2,992,147,35.8,34.7,215,47.0,36.0,458,23,5.0,31,13.8
2024-2025 Ligue 1,Saint-Étienne,77,13,0,4,2,73.5,0.3,-1.5,131,486,27.0,919,145,41.0,34.7,264,41.3,33.6,510,24,4.7,33,14.0,39,3,1,6,0,33.3,0.26,-5.7,122,308,39.6,843,140,28.7,31.1,197,33.5,32.8,287,29,10.1,30,14.1
2024-2025 Ligue 1,Strasbourg,44,8,0,3,2,52.5,0.27,10.5,123,383,32.1,1434,148,22.2,27.4,240,27.1,26.3,539,43,8.0,50,15.2,56,2,0,9,2,53.2,0.38,-0.8,138,345,40.0,975,140,28.6,31.2,194,34.0,31.9,394,25,6.3,43,14.3
2024-2025 Ligue 1,Toulouse,43,1,1,5,3,34.6,0.31,-5.4,98,351,27.9,718,97,34.3,34.1,233,45.1,35.4,439,10,2.3,37,12.1,44,3,0,2,2,50.0,0.33,8.0,104,413,25.2,1010,161,30.6,32.2,243,42.8,35.6,465,37,8.0,47,14.6
2024-2025 Bundesliga,Augsburg,51,5,1,5,2,50.2,0.3,1.2,212,561,37.8,966,123,40.4,34.9,295,58.0,44.7,554,21,3.8,44,14.7,35,1,0,4,0,32.1,0.26,-2.9,150,410,36.6,1110,150,27.8,31.2,272,37.1,35.7,446,20,4.5,36,13.9
2024-2025 Bundesliga,Bayern Munich,32,1,0,4,0,29.3,0.37,-2.7,130,306,42.5,1192,123,23.0,27.7,150,21.3,26.5,267,12,4.5,70,19.6,99,9,2,7,3,98.9,0.35,2.9,263,701,37.5,1105,139,51.6,40.7,328,39.9,33.1,499,28,5.6,11,9.0
2024-2025 Bundesliga,Bochum,68,3,3,7,0,60.8,0.37,-7.2,347,816,42.5,1061,94,55.0,37.6,299,77.6,52.1,467,18,3.9,51,15.8,32,1,0,4,0,42.4,0.3,10.4,155,448,34.6,1022,149,35.8,34.6,249,32.9,31.4,509,37,7.3,43,14.1
2024-2025 Bundesliga,Dortmund,51,4,0,5,1,51.4,0.35,1.4,120,369,32.5,1101,129,26.4,34.8,220,35.5,30.6,444,23,5.2,49,14.8,71,5,1,7,2,58.4,0.34,-10.6,191,512,37.3,960,144,39.6,36.1,276,47.8,38.7,549,40,7.3,42,13.0
2024-2025 Bundesliga,Eint Frankfurt,46,1,0,10,2,49.2,0.3,5.2,129,428,30.1,966,157,36.2,29.9,269,29.0,28.1,531,40,7.5,46,13.6,68,3,2,9,0,68.5,0.37,0.5,201,534,37.6,1108,152,37.2,35.2,280,43.6,37.0,428,25,5.8,41,16.0
2024-2025 Bundesliga,Freiburg,53,2,1,6,1,48.5,0.31,-3.5,213,580,36.7,1213,138,36.9,37.1,249,53.0,42.4,481,40,8.3,37,13.4,49,0,2,7,3,49.6,0.36,3.6,178,428,41.6,1176,173,27.7,30.8,215,47.4,38.2,445,27,6.1,19,11.6
2024-2025 Bundesliga,Gladbach,57,7,1,8,2,59.6,0.29,4.6,195,473,41.2,1217,158,31.1,32.7,300,31.7,28.8,594,35,5.9,28,15.1,55,4,0,9,2,57.0,0.34,4.0,125,360,34.7,922,138,30.8,32.1,204,37.3,32.3,481,26,5.4,40,14.7
2024-2025 Bundesliga,Heidenheim,64,6,0,7,0,59.7,0.33,-4.3,162,462,35.1,1066,160,32.6,33.8,301,38.2,37.5,478,22,4.6,21,12.0,37,5,1,4,0,41.3,0.29,4.3,161,432,37.3,983,135,33.4,33.3,252,41.3,35.6,461,26,5.6,51,15.9
2024-2025 Bundesliga,Hoffenheim,68,3,1,9,3,64.4,0.36,-0.6,208,575,36.2,1022,143,45.4,38.7,230,48.3,38.7,491,21,4.3,35,12.8,46,3,1,4,0,44.6,0.28,-1.4,202,479,42.2,1016,147,37.3,35.4,246,40.7,34.9,561,26,4.6,33,13.9
2024-2025 Bundesliga,Holstein Kiel,80,6,3,6,3,65.8,0.31,-11.2,214,577,37.1,1073,171,36.7,30.3,309,59.2,45.3,668,42,6.3,23,9.3,49,4,1,5,0,45.9,0.32,-3.1,144,403,35.7,908,136,33.4,34.0,220,45.5,39.6,396,31,7.8,55,16.3
2024-2025 Bundesliga,Leverkusen,43,4,1,2,4,39.4,0.27,0.4,135,338,39.9,833,126,31.9,31.5,222,32.4,29.6,348,14,4.0,45,17.3,72,3,1,10,2,60.7,0.3,-9.3,176,533,33.0,1042,123,40.1,36.4,262,43.9,36.3,595,19,3.2,30,12.5
2024-2025 Bundesliga,Mainz 05,43,4,2,9,0,47.1,0.29,4.1,188,610,30.8,991,139,49.2,38.7,249,49.0,41.7,547,47,8.6,66,14.0,55,4,2,1,2,51.8,0.35,-1.2,220,633,34.8,1124,117,44.7,38.2,284,46.1,37.4,497,24,4.8,50,14.5
2024-2025 Bundesliga,RB Leipzig,48,2,1,8,0,50.0,0.31,2.0,98,261,37.5,824,167,21.2,28.6,251,34.3,34.1,512,30,5.9,45,14.8,53,3,1,4,2,50.7,0.33,-0.3,183,473,38.7,1017,136,36.4,34.8,216,47.7,38.9,449,24,5.3,38,15.3
2024-2025 Bundesliga,St. Pauli,41,1,0,5,1,49.8,0.33,9.8,171,521,32.8,1212,112,37.5,44.7,241,27.4,26.5,426,24,5.6,27,,28,1,0,1,2,30.0,0.26,4.0,179,421,42.5,1042,138,30.5,31.4,251,41.0,35.4,466,42,9.0,55,14.4
2024-2025 Bundesliga,Stuttgart,53,2,1,7,1,44.8,0.32,-7.2,157,410,38.3,1093,137,32.6,30.7,212,25.5,26.2,415,21,5.1,57,17.6,64,2,1,11,3,61.3,0.33,0.3,189,543,34.8,1075,125,39.3,35.8,257,47.1,38.5,495,28,5.7,46,15.0
2024-2025 Bundesliga,Union Berlin,50,2,1,1,1,49.0,0.32,0.0,171,468,36.5,842,161,36.7,31.0,259,61.4,45.6,568,40,7.0,39,14.2,36,3,0,8,0,36.5,0.28,0.5,142,463,30.7,1131,187,31.0,32.6,260,43.1,35.7,481,28,5.8,44,14.9
2024-2025 Bundesliga,Werder Bremen,57,3,2,4,3,52.9,0.33,-1.1,134,370,36.2,1072,188,31.1,31.9,239,15.5,21.6,464,35,7.5,34,13.5,54,3,2,7,1,50.0,0.33,-3.0,172,525,32.8,1086,153,37.5,35.1,251,47.0,38.9,531,32,6.0,66,15.9
2024-2025 Bundesliga,Wolfsburg,54,2,0,11,1,57.3,0.35,4.3,223,608,36.7,1066,143,44.2,36.6,285,48.1,38.9,512,24,4.7,22,11.7,56,4,1,12,3,49.6,0.33,-3.4,176,435,40.5,983,127,33.4,33.7,257,41.6,35.4,478,26,5.4,39,13.4
2024-2025,Alavés,48,11,2,4,2,46.0,0.29,0.0,361,877,41.2,869,82,71.5,47.7,307,83.4,58.6,552,36,6.5,31,12.7,38,9,0,4,0,43.8,0.27,5.8,207,550,37.6,1023,198,39.2,35.7,302,49.3,41.0,621,48,7.7,51,14.8
2024-2025,Athletic Club,29,3,2,4,1,31.5,0.25,3.5,190,540,35.2,948,157,39.9,34.4,229,70.7,52.7,449,41,9.1,48,15.5,54,3,0,10,1,51.7,0.31,-1.3,228,598,38.1,1195,188,35.6,33.8,337,51.3,41.8,598,36,6.0,32,12.8
2024-2025,Atlético Madrid,30,5,1,3,2,25.7,0.19,-2.3,110,286,38.5,683,194,24.3,30.2,323,37.2,34.9,511,30,5.9,28,14.0,68,6,2,4,0,69.2,0.36,1.2,193,531,36.3,1011,164,40.1,36.3,285,44.2,38.9,505,38,7.5,52,14.6
2024-2025,Barcelona,39,4,0,3,0,35.1,0.3,-3.9,62,172,36.0,1139,181,11.9,25.1,194,19.1,27.7,356,15,4.2,158,20.2,102,7,1,9,3,89.8,0.35,-9.2,242,703,34.4,906,171,53.4,42.4,360,60.8,44.9,564,29,5.1,37,11.4
2024-2025,Betis,50,4,2,8,1,49.1,0.33,0.1,115,376,30.6,1027,177,28.6,31.2,230,35.7,34.3,516,30,5.8,51,11.7,57,7,1,8,2,56.7,0.27,1.7,186,571,32.6,986,155,42.1,36.8,303,51.5,41.9,474,37,7.8,52,14.1
2024-2025,Celta Vigo,57,3,0,9,2,48.9,0.32,-6.1,69,242,28.5,805,210,18.4,27.3,282,33.3,32.9,501,27,5.4,49,14.0,59,8,1,3,1,61.0,0.31,3.0,223,616,36.2,1135,137,41.8,37.0,248,57.3,44.4,377,23,6.1,81,18.9
2024-2025,Espanyol,51,4,2,6,1,57.7,0.28,7.7,194,526,36.9,930,197,41.9,34.8,326,41.7,34.9,670,64,9.6,35,12.0,40,5,1,6,2,33.4,0.3,-4.6,151,389,38.8,930,166,30.0,32.0,247,44.5,38.7,480,32,6.7,64,16.3
2024-2025,Getafe,39,8,0,5,0,42.0,0.29,3.0,300,799,37.5,711,68,73.4,48.8,312,88.8,60.1,479,25,5.2,39,14.7,34,5,1,4,0,37.1,0.27,3.1,182,587,31.0,1081,175,39.6,36.9,323,49.2,41.3,567,48,8.5,39,13.2
2024-2025,Girona,60,3,1,7,1,53.0,0.3,-6.0,107,328,32.6,1049,152,23.6,29.4,251,31.9,33.2,463,40,8.6,35,12.6,44,4,0,7,1,43.8,0.29,0.8,146,465,31.4,871,117,38.5,36.4,268,48.5,40.3,602,29,4.8,31,12.8
2024-2025,Las Palmas,61,5,0,4,3,63.7,0.31,5.7,193,584,33.0,1203,195,39.5,32.5,318,34.3,33.3,561,22,3.9,36,15.6,40,3,3,4,2,37.3,0.25,-0.7,155,451,34.4,907,142,33.6,33.9,268,54.5,43.6,500,29,5.8,41,14.6
2024-2025,Leganés,56,7,1,10,3,59.1,0.31,6.1,237,885,26.8,868,132,64.4,47.2,363,89.8,64.7,709,56,7.9,53,14.5,39,5,1,3,1,38.5,0.28,0.5,148,402,36.8,895,189,31.8,32.8,255,45.9,39.9,382,26,6.8,55,16.4
2024-2025,Mallorca,44,3,0,4,1,47.4,0.28,4.4,239,614,38.9,925,144,49.0,36.4,355,45.4,38.1,638,23,3.6,27,12.9,35,4,0,5,1,37.4,0.3,3.4,131,416,31.5,801,162,33.6,35.3,280,52.5,41.8,580,39,6.7,44,14.5
2024-2025,Osasuna,52,7,1,4,1,57.4,0.28,6.4,296,649,45.6,978,143,44.9,37.6,309,68.0,48.3,538,33,6.1,86,19.7,48,9,2,6,2,41.2,0.27,-4.8,128,413,31.0,885,167,31.4,33.0,285,47.4,40.5,615,26,4.2,34,14.2
2024-2025,Rayo Vallecano,45,6,0,6,1,45.7,0.26,1.7,203,640,31.7,1032,150,47.2,38.2,319,48.0,40.6,532,37,7.0,39,14.4,41,0,1,6,3,37.3,0.23,-0.7,176,543,32.4,960,173,39.8,37.4,340,47.4,40.4,595,31,5.2,41,13.4
2024-2025,Real Madrid,38,3,0,7,1,35.9,0.28,-1.1,84,258,32.6,960,205,19.9,28.2,279,24.0,29.3,416,19,4.6,27,10.7,78,10,2,8,0,67.5,0.24,-10.5,174,521,33.4,810,149,44.1,39.5,315,52.1,42.1,437,25,5.7,52,15.3
2024-2025,Real Sociedad,46,5,0,5,0,41.5,0.26,-4.5,187,493,37.9,1072,122,31.8,32.6,271,56.1,44.8,467,30,6.4,43,14.4,35,4,1,3,1,33.0,0.24,-1.0,209,636,32.9,965,118,48.5,39.8,302,55.6,44.6,552,30,5.4,38,15.0
2024-2025,Sevilla,55,5,3,4,1,48.1,0.29,-5.9,155,587,26.4,1061,146,43.4,34.3,264,47.7,39.4,513,27,5.3,43,16.5,42,2,0,4,3,42.7,0.27,3.7,148,478,31.0,927,147,34.1,33.9,315,51.4,42.7,488,29,5.9,57,15.9
2024-2025,Valencia,54,6,0,4,3,50.5,0.3,-0.5,156,521,29.9,925,159,39.4,40.5,286,54.9,43.2,523,36,6.9,54,25.7,44,5,0,6,1,43.2,0.34,0.2,194,495,39.2,967,149,37.5,36.1,280,47.1,39.9,579,46,7.9,50,13.6
2024-2025,Valladolid,90,7,2,5,1,74.5,0.35,-14.5,202,550,36.7,1042,167,35.6,33.8,360,49.7,41.0,580,39,6.7,38,10.4,26,5,2,2,0,27.9,0.24,1.9,143,404,35.4,838,166,33.2,34.0,229,55.0,45.1,531,31,5.8,52,15.9
2024-2025,Villarreal,51,7,2,6,1,44.4,0.25,-5.6,122,339,36.0,834,207,29.4,28.2,296,31.8,30.8,579,34,5.9,36,11.9,71,5,0,6,2,64.5,0.34,-4.5,218,497,43.9,968,155,35.2,35.1,332,47.0,39.7,506,32,6.3,53,15.0
2023-2024,Alavés,46,8,0,4,2,44.8,0.25,0.8,315,778,40.5,886,125,62.2,41.7,335,67.8,48.4,530,29,5.5,37,15.2,36,3,0,5,3,43.1,0.26,10.1,193,497,38.8,1023,203,32.7,33.2,338,47.9,40.8,584,38,6.5,29,12.4
2023-2024,Almería,75,6,0,8,0,70.3,0.32,-4.7,181,615,29.4,1115,180,39.5,24.1,330,53.0,41.7,629,29,4.6,47,22.7,43,2,0,1,1,46.2,0.28,4.2,204,568,35.9,992,158,39.7,35.2,302,57.6,44.6,503,35,7.0,43,15.0
2023-2024,Athletic Club,37,1,0,2,4,40.4,0.28,7.4,238,728,32.7,1050,164,48.0,32.4,272,82.4,59.3,491,33,6.7,49,15.3,61,3,0,6,2,59.7,0.34,0.7,216,576,37.5,1189,170,34.4,33.3,306,54.6,43.4,651,32,4.9,45,15.0
2023-2024,Atlético Madrid,43,1,0,3,0,39.8,0.28,-3.2,114,336,33.9,725,180,27.2,31.5,298,46.6,39.0,579,36,6.2,22,11.8,70,5,0,4,2,65.7,0.3,-2.3,194,535,36.3,1020,160,38.5,36.1,297,47.8,40.8,476,34,7.1,42,14.0
2023-2024,Barcelona,44,2,0,1,0,41.6,0.28,-2.4,113,216,52.3,1076,161,14.7,26.3,255,22.7,27.9,450,15,3.3,36,15.6,79,6,2,9,3,73.1,0.3,-2.9,251,737,34.1,960,152,53.2,41.0,328,68.9,50.2,515,36,7.0,45,14.2
2023-2024,Betis,45,7,3,3,3,47.5,0.26,5.5,180,510,35.3,1022,167,35.2,30.6,279,53.8,42.6,541,38,7.0,42,12.6,48,2,1,5,2,40.5,0.25,-5.5,199,532,37.4,1055,152,37.5,33.8,279,48.7,40.4,483,31,6.4,33,12.9
2023-2024,Cádiz,55,2,0,6,1,51.7,0.3,-2.3,364,910,40.0,991,123,62.8,49.3,342,84.2,60.7,617,60,9.7,45,7.0,26,3,1,4,1,32.8,0.25,7.8,203,523,38.8,871,179,41.2,37.5,304,53.9,42.2,602,41,6.8,47,15.3
2023-2024,Celta Vigo,57,6,0,7,3,56.0,0.31,2.0,176,494,35.6,811,182,38.3,35.5,312,58.7,45.4,556,28,5.0,36,13.3,46,3,0,3,1,50.4,0.3,5.4,202,559,36.1,958,141,41.0,36.4,299,55.5,42.8,504,29,5.8,59,15.9
2023-2024,Getafe,54,5,0,7,0,55.2,0.29,1.2,341,915,37.3,977,124,66.6,39.2,322,82.0,56.2,463,18,3.9,62,10.7,42,6,0,6,0,48.1,0.27,6.1,193,611,31.6,1204,194,38.0,34.9,280,55.0,44.3,559,38,6.8,31,13.5
2023-2024,Girona,46,5,0,8,0,51.0,0.28,5.0,155,420,36.9,1074,178,27.1,30.0,312,41.3,37.9,534,41,7.7,33,13.2,85,7,0,7,1,73.2,0.37,-10.8,234,555,42.2,921,146,41.8,37.2,299,56.9,44.6,525,32,6.1,45,15.2
2023-2024,Granada,79,5,0,12,2,70.2,0.33,-6.8,231,626,36.9,1096,185,40.1,35.7,293,63.8,47.9,536,33,6.2,52,17.3,38,5,0,1,3,37.5,0.25,2.5,220,610,36.1,1057,154,41.9,36.9,271,61.6,46.6,508,34,6.7,42,14.4
2023-2024,Las Palmas,47,5,0,5,3,51.2,0.29,7.2,146,473,30.9,1733,204,23.3,27.3,265,26.4,27.1,545,30,5.5,100,17.8,33,3,1,4,0,37.2,0.26,4.2,231,627,36.8,1046,154,45.4,37.3,263,57.8,45.9,429,23,5.4,68,17.6
2023-2024,Mallorca,44,4,1,4,1,43.6,0.26,0.6,333,824,40.4,981,128,61.0,33.0,332,68.1,51.3,520,34,6.5,29,7.0,33,1,0,10,0,34.1,0.25,1.1,211,611,34.5,955,162,45.3,38.3,273,65.2,47.4,589,44,7.5,52,14.5
2023-2024,Osasuna,56,1,0,8,0,51.8,0.33,-4.2,329,771,42.7,1071,119,55.2,42.5,308,58.4,43.4,537,30,5.6,58,24.8,45,4,0,7,0,42.5,0.3,-2.5,175,538,32.5,1024,189,37.1,35.1,304,52.0,42.5,641,28,4.4,52,15.7
2023-2024,Rayo Vallecano,48,1,1,5,2,47.8,0.31,1.8,170,613,27.7,915,176,46.3,39.4,320,59.1,47.8,534,23,4.3,40,14.6,29,6,1,3,0,43.4,0.23,14.4,245,640,38.3,1122,148,40.6,35.8,332,55.4,45.1,526,29,5.5,45,15.4
2023-2024,Real Madrid,26,1,0,2,1,34.4,0.29,9.4,79,210,37.6,952,177,17.1,25.2,291,16.2,24.3,487,35,7.2,38,12.2,87,2,0,9,2,73.2,0.29,-11.8,181,508,35.6,928,189,36.1,35.0,322,53.7,43.3,468,21,4.5,28,12.5
2023-2024,Real Sociedad,39,6,0,5,1,40.8,0.27,2.8,192,465,41.3,1099,116,31.8,37.0,199,58.3,45.6,410,19,4.6,58,20.1,51,4,2,7,3,49.5,0.32,1.5,269,777,34.6,1090,107,52.2,40.9,331,62.8,47.1,519,30,5.8,30,13.8
2023-2024,Sevilla,54,5,1,4,2,53.4,0.28,1.4,224,613,36.5,920,182,43.8,39.4,288,72.9,53.4,520,31,6.0,32,13.5,48,2,0,10,2,51.1,0.31,5.1,170,501,33.9,871,168,36.9,35.3,348,51.7,42.1,727,28,3.9,38,13.8
2023-2024,Valencia,45,3,1,7,2,51.4,0.29,8.4,191,696,27.4,883,148,58.2,29.1,275,66.2,49.9,561,46,8.2,32,8.3,40,8,0,1,1,42.4,0.27,3.4,236,535,44.1,1101,147,35.0,34.5,260,57.7,46.1,441,33,7.5,58,15.4
2023-2024,Villarreal,65,6,1,9,1,61.7,0.27,-2.3,150,378,39.7,1015,190,26.8,30.2,354,29.9,29.8,688,35,5.1,36,5.3,65,5,0,8,1,61.0,0.33,-3.0,195,551,35.4,1005,136,41.0,36.2,246,56.5,44.0,478,27,5.6,52,15.2
2022-2023,Almería,65,4,1,5,1,63.4,0.29,-0.6,204,572,35.7,990,220,39.2,36.9,356,51.7,42.6,642,40,6.2,28,12.4,49,2,1,11,0,43.2,0.27,-5.8,187,493,37.9,931,166,36.8,35.4,267,56.2,45.0,453,36,7.9,50,16.4
2022-2023,Athletic Club,43,3,1,1,3,37.2,0.29,-2.8,171,452,37.8,925,187,30.9,30.5,264,62.9,48.3,451,29,6.4,50,15.4,47,5,1,2,1,52.0,0.28,6.0,271,721,37.6,1128,211,44.9,37.7,363,59.0,46.8,703,44,6.3,43,13.5
2022-2023,Atlético Madrid,33,4,1,5,0,36.3,0.26,3.3,166,525,31.6,812,165,39.8,34.1,334,60.5,46.3,575,48,8.3,26,9.2,70,1,0,8,2,62.5,0.32,-5.5,199,468,42.5,1002,189,33.1,34.2,298,45.6,40.7,497,32,6.4,66,15.6
2022-2023,Barcelona,20,3,0,2,3,25.1,0.22,8.1,169,338,50.0,1216,190,22.3,25.2,223,30.0,32.5,375,18,4.8,43,16.5,70,0,0,4,1,63.6,0.34,-5.4,287,724,39.6,923,149,52.2,41.2,387,62.5,47.0,561,26,4.6,50,15.5
2022-2023,Betis,41,3,1,7,1,44.0,0.29,4.0,229,635,36.1,956,149,44.0,39.6,315,67.9,49.1,582,22,3.8,43,12.1,46,8,1,5,3,48.6,0.27,5.6,186,449,41.4,944,160,33.3,33.5,271,49.8,42.6,400,17,4.3,37,16.7
2022-2023,Cádiz,53,9,1,7,0,53.4,0.22,0.4,270,829,32.6,916,150,59.1,46.4,322,89.4,64.2,651,44,6.8,30,13.6,30,4,0,1,1,32.7,0.26,3.7,219,518,42.3,948,194,36.7,34.5,323,52.6,42.6,519,39,7.5,55,15.3
2022-2023,Celta Vigo,53,5,1,10,1,42.9,0.27,-9.1,184,506,36.4,934,171,37.5,35.3,289,54.0,43.9,509,22,4.3,39,18.1,43,2,0,3,2,42.7,0.25,1.7,208,523,39.8,950,142,37.8,36.3,279,58.8,45.2,559,29,5.2,26,12.5
2022-2023,Elche,67,7,0,6,2,71.9,0.31,6.9,195,442,44.1,819,175,33.8,34.9,318,51.9,40.9,600,22,3.7,21,14.0,30,4,0,7,0,33.4,0.23,3.4,202,487,41.5,898,133,34.7,34.0,284,61.6,46.4,581,26,4.5,29,13.1
2022-2023,Espanyol,69,5,1,9,2,54.5,0.27,-12.5,305,659,46.3,865,122,49.7,36.2,347,66.0,48.0,557,27,4.8,46,13.8,52,5,0,9,1,50.2,0.29,-0.8,199,501,39.7,937,195,35.9,35.2,310,53.2,42.2,542,38,7.0,33,13.4
2022-2023,Getafe,45,4,0,7,2,45.5,0.23,2.5,409,904,45.2,782,99,75.1,49.8,347,91.4,59.8,586,36,6.1,46,15.0,34,5,2,2,0,36.4,0.25,2.4,217,582,37.3,1110,169,39.1,36.2,250,59.2,46.4,512,32,6.3,51,16.6
2022-2023,Girona,55,6,2,5,0,62.0,0.33,7.0,169,464,36.4,1075,192,28.4,28.7,329,48.3,41.9,597,43,7.2,59,16.9,58,8,0,3,3,51.2,0.25,-3.8,219,563,38.9,925,133,41.3,36.9,292,62.0,47.7,568,27,4.8,37,14.8
2022-2023,Mallorca,43,6,0,3,0,41.5,0.24,-1.5,351,841,41.7,950,130,61.9,35.2,338,74.9,54.0,657,35,5.3,21,17.4,37,4,0,7,1,32.3,0.25,-3.7,156,454,34.4,857,183,34.1,33.8,235,68.9,50.0,486,32,6.6,37,13.9
2022-2023,Osasuna,42,1,1,3,2,39.1,0.26,-0.9,342,789,43.3,1084,145,53.4,41.1,315,66.7,50.8,534,30,5.6,57,16.3,37,4,0,4,1,36.6,0.24,0.6,197,564,34.9,1096,178,35.7,34.4,325,53.2,43.6,649,45,6.9,49,15.1
2022-2023,Rayo Vallecano,53,4,0,11,4,45.9,0.3,-3.1,154,545,28.3,834,204,44.5,30.3,310,56.1,46.5,512,24,4.7,54,17.0,45,4,2,4,4,38.0,0.21,-3.0,253,634,39.9,1048,159,41.1,37.5,329,61.7,47.8,622,26,4.2,51,17.6
2022-2023,Real Madrid,36,4,0,2,1,34.2,0.22,-0.8,97,241,40.2,1108,230,17.7,27.7,253,17.8,25.0,420,33,7.9,51,15.4,75,9,3,9,2,67.6,0.27,-5.4,237,594,39.9,864,152,42.8,38.1,351,63.8,48.2,448,27,6.0,21,12.2
2022-2023,Real Sociedad,35,1,1,3,2,32.8,0.24,-0.2,244,572,42.7,1062,138,40.9,35.9,244,56.6,46.2,453,18,4.0,47,15.9,51,2,1,4,4,53.4,0.29,6.4,221,736,30.0,1144,158,46.7,39.4,301,67.1,49.9,422,29,6.9,40,16.1
2022-2023,Sevilla,54,2,1,5,3,49.5,0.3,-1.5,218,629,34.7,1143,136,38.0,30.9,307,63.5,49.3,524,32,6.1,49,17.4,47,4,0,7,0,43.2,0.28,-3.8,202,590,34.2,991,176,40.7,36.3,327,57.2,44.2,649,28,4.3,39,13.8
2022-2023,Valencia,45,2,0,7,2,42.9,0.28,-0.1,177,522,33.9,806,142,42.7,35.1,276,64.5,48.1,457,35,7.7,47,16.3,42,5,1,3,2,46.9,0.28,6.9,217,594,36.5,951,159,44.0,37.7,323,54.5,44.8,701,42,6.0,35,12.8
2022-2023,Valladolid,63,6,1,0,1,62.6,0.28,0.6,192,553,34.7,963,170,38.3,25.7,358,51.4,41.9,563,20,3.6,33,33.0,33,3,0,4,1,34.2,0.22,2.2,250,605,41.3,902,152,43.6,37.8,323,65.6,49.9,527,18,3.4,45,17.1
2022-2023,Villarreal,40,4,0,4,1,43.7,0.27,4.7,114,330,34.5,1159,191,21.7,22.8,293,26.6,29.1,548,37,6.8,45,13.3,59,4,1,5,2,60.0,0.29,3.0,233,548,42.5,850,148,42.9,37.8,300,61.0,47.4,394,22,5.6,41,14.9
2021-2022,Alavés,65,6,0,10,0,58.5,0.3,-6.5,369,783,47.1,808,96,64.6,53.3,351,74.4,50.9,619,26,4.2,48,17.6,31,6,0,6,2,32.0,0.22,3.0,221,604,36.6,1038,176,43.4,36.9,277,55.2,42.2,585,31,5.3,48,16.2
2021-2022,Athletic Club,36,3,0,2,1,36.9,0.26,1.9,158,402,39.3,748,201,35.4,33.8,269,50.9,41.7,577,30,5.2,41,15.2,43,3,1,7,3,47.5,0.26,7.5,320,765,41.8,1144,172,48.8,39.8,322,64.3,48.4,622,26,4.2,56,15.9
2021-2022,Atlético Madrid,43,7,2,4,3,32.3,0.23,-7.7,170,598,28.4,810,155,49.9,39.0,283,68.6,48.6,477,27,5.7,29,13.8,65,4,0,7,2,59.5,0.36,-3.5,213,542,39.3,927,139,39.7,36.1,341,51.0,42.6,552,25,4.5,28,14.1
2021-2022,Barcelona,38,2,1,7,0,34.1,0.26,-3.9,147,289,50.9,1167,165,18.8,26.9,240,29.2,32.3,384,15,3.9,38,15.3,68,6,0,5,0,61.0,0.3,-7.0,291,728,40.0,975,131,51.7,39.8,362,61.9,45.1,626,25,4.0,37,14.2
2021-2022,Betis,40,3,0,3,2,39.1,0.27,1.1,201,547,36.7,962,157,41.4,33.1,275,54.2,43.9,592,24,4.1,41,15.7,62,6,2,5,2,53.1,0.26,-6.9,226,537,42.1,902,158,42.5,36.5,284,54.2,43.2,424,14,3.3,43,15.8
2021-2022,Cádiz,51,11,0,10,0,52.8,0.24,1.8,272,792,34.3,840,119,63.3,46.0,313,83.1,60.2,586,42,7.2,28,12.1,35,3,1,2,0,40.2,0.29,5.2,235,501,46.9,893,184,36.7,33.8,308,56.2,44.9,687,47,6.8,61,15.0
2021-2022,Celta Vigo,43,4,0,1,2,43.3,0.27,2.3,303,804,37.7,1176,131,51.3,40.3,283,71.0,52.4,452,36,8.0,37,14.3,43,3,0,2,0,44.4,0.28,1.4,255,623,40.9,914,146,46.9,39.1,282,68.8,48.2,608,23,3.8,43,14.8
2021-2022,Elche,52,7,0,6,0,54.5,0.27,2.5,257,626,41.1,966,183,42.1,36.4,346,63.3,45.9,616,25,4.1,56,15.2,40,1,0,3,1,33.0,0.3,-6.0,186,445,41.8,794,136,40.2,35.9,244,51.6,42.5,529,25,4.7,58,17.3
2021-2022,Espanyol,53,4,0,4,2,53.6,0.3,2.6,171,466,36.7,897,221,35.1,33.8,337,44.8,36.9,662,38,5.7,48,13.7,40,5,1,7,1,37.3,0.24,-1.7,191,389,49.1,792,149,32.6,33.1,266,49.2,40.3,458,19,4.1,35,14.4
2021-2022,Getafe,41,2,0,5,1,40.9,0.29,0.9,366,869,42.1,892,101,69.5,61.0,294,84.7,54.2,576,26,4.5,45,5.0,33,3,0,4,2,29.4,0.21,-1.6,199,497,40.0,969,185,37.7,35.1,248,53.2,43.0,471,26,5.5,50,17.0
2021-2022,Granada,61,7,0,7,2,60.2,0.27,1.2,267,818,32.6,922,162,57.7,44.0,380,75.3,52.0,615,32,5.2,64,16.1,44,3,0,11,1,37.5,0.26,-5.5,200,544,36.8,880,143,41.3,36.7,314,57.6,45.2,530,23,4.3,43,15.1
2021-2022,Levante,76,5,1,13,0,65.9,0.3,-10.1,155,460,33.7,821,151,42.1,36.6,309,36.9,34.6,532,19,3.6,47,15.6,51,8,0,3,0,55.3,0.28,4.3,214,585,36.6,938,170,43.4,37.3,300,59.3,45.1,485,34,7.0,50,15.5
2021-2022,Mallorca,63,6,1,5,4,53.8,0.3,-5.2,244,595,41.0,787,130,52.4,39.4,312,58.7,43.5,576,17,3.0,20,12.6,36,6,0,5,3,42.8,0.27,9.8,192,519,37.0,894,139,40.6,37.0,273,57.1,43.8,440,22,5.0,51,17.0
2021-2022,Osasuna,51,4,0,11,2,49.1,0.29,0.1,396,876,45.2,884,84,68.6,46.5,315,85.7,58.5,546,24,4.4,71,18.1,37,6,1,5,0,39.3,0.26,2.3,191,625,30.6,998,157,41.7,36.2,340,61.5,46.8,694,37,5.3,31,13.2
2021-2022,Rayo Vallecano,50,7,0,4,1,49.7,0.25,0.7,224,648,34.6,889,193,50.6,42.1,283,70.0,52.2,495,44,8.9,41,13.9,39,4,0,5,1,39.5,0.27,1.5,273,708,38.6,1007,166,47.1,38.8,337,69.4,51.4,645,29,4.5,39,14.8
2021-2022,Real Madrid,31,3,1,2,0,37.0,0.25,6.0,79,261,30.3,926,201,21.0,28.8,289,23.2,28.2,506,24,4.7,31,15.5,80,8,0,10,0,81.0,0.29,1.0,254,612,41.5,823,142,45.1,38.1,359,67.1,48.2,472,20,4.2,35,14.9
2021-2022,Real Sociedad,37,5,1,8,0,35.5,0.24,-1.5,211,521,40.5,1094,139,34.1,32.9,269,55.0,44.0,522,21,4.0,51,16.4,40,9,2,5,0,47.5,0.25,7.5,229,682,33.6,1003,142,50.8,40.0,262,65.6,46.9,481,30,6.2,45,15.1
2021-2022,Sevilla,30,2,2,6,0,31.3,0.24,1.3,181,446,40.6,1051,145,29.0,29.1,277,50.9,40.6,503,32,6.4,36,13.7,53,2,1,11,2,41.1,0.27,-9.9,254,699,36.3,914,147,50.1,40.0,324,74.4,50.9,626,29,4.6,44,13.7
2021-2022,Valencia,53,7,0,7,3,54.1,0.29,4.1,248,623,39.8,749,140,55.3,39.8,298,70.1,50.4,534,20,3.7,45,16.0,48,8,0,5,3,40.7,0.23,-4.3,220,586,37.5,918,157,46.7,37.7,284,55.3,44.3,576,33,5.7,33,13.3
2021-2022,Villarreal,37,4,0,3,1,37.1,0.26,1.1,146,385,37.9,1232,199,23.1,28.0,281,35.9,35.3,583,25,4.3,66,16.8,63,5,0,10,1,57.5,0.31,-4.5,201,618,32.5,898,134,49.8,40.3,277,61.7,46.4,442,29,6.6,53,15.6
2020-2021,Alavés,57,3,0,5,0,51.1,0.35,-5.9,309,615,50.2,792,116,53.7,40.3,306,62.1,44.8,545,19,3.5,37,14.5,36,5,2,2,1,35.5,0.29,0.5,223,618,36.1,1010,154,45.0,37.5,240,68.3,50.7,496,16,3.2,51,17.8
2020-2021,Athletic Club,42,5,1,6,1,37.5,0.29,-3.5,206,493,41.8,817,210,36.5,35.2,270,72.2,52.2,555,24,4.3,36,15.1,46,4,1,4,3,39.7,0.27,-3.3,254,666,38.1,1016,160,44.3,37.9,306,70.6,50.8,609,16,2.6,42,15.3
2020-2021,Atlético Madrid,25,1,0,5,3,33.1,0.25,11.1,202,539,37.5,709,131,49.6,39.1,294,63.6,45.9,513,14,2.7,27,15.7,67,5,1,6,2,59.8,0.3,-5.2,204,549,37.2,955,160,42.4,36.3,290,49.7,42.2,446,18,4.0,41,15.3
2020-2021,Barcelona,38,5,1,5,2,36.0,0.24,0.0,92,207,44.4,1068,193,14.8,24.8,215,22.8,29.3,369,19,5.1,40,13.9,85,4,3,4,5,77.8,0.31,-2.2,225,586,38.4,862,137,46.8,37.9,314,58.3,45.7,355,18,5.1,32,12.3
2020-2021,Betis,50,8,1,4,3,46.9,0.28,-0.1,212,606,35.0,953,163,48.1,37.8,250,59.2,45.1,505,21,4.2,48,19.0,50,8,1,9,0,50.7,0.26,0.7,201,526,38.2,1047,146,37.7,35.0,265,49.4,40.8,453,16,3.5,36,16.0
2020-2021,Cádiz,58,9,2,4,1,53.8,0.3,-3.2,396,998,39.7,846,72,78.7,54.1,349,95.1,65.0,606,33,5.4,26,27.0,36,4,0,5,3,35.2,0.32,2.2,146,351,41.6,790,166,30.4,31.2,232,47.8,40.9,549,26,4.7,49,15.9
2020-2021,Celta Vigo,57,7,2,4,1,49.7,0.32,-6.3,194,607,32.0,1025,156,40.0,32.7,315,62.5,46.6,553,10,1.8,45,15.7,55,7,1,4,0,50.5,0.31,-4.5,267,615,43.4,946,132,48.7,39.7,222,69.4,49.7,416,13,3.1,36,15.8
2020-2021,Eibar,52,3,0,5,0,47.5,0.33,-4.5,340,847,40.1,938,124,65.9,40.2,250,91.6,68.4,406,14,3.4,63,24.3,29,4,0,5,0,38.5,0.23,9.5,350,898,39.0,1184,154,54.8,39.7,373,66.8,49.7,822,20,2.4,32,12.6
2020-2021,Elche,55,6,0,6,1,58.8,0.32,4.8,267,604,44.2,1039,168,36.6,45.0,353,63.5,45.3,537,10,1.9,34,12.4,34,2,0,5,1,31.9,0.34,-1.1,175,402,43.5,819,138,34.9,33.7,208,55.8,44.7,509,16,3.1,47,16.6
2020-2021,Getafe,43,7,0,3,3,39.7,0.29,-0.3,370,913,40.5,863,48,80.1,51.7,263,84.4,55.4,444,17,3.8,50,18.5,28,3,0,0,1,27.7,0.22,0.7,291,696,41.8,1026,173,48.5,39.6,300,66.0,49.5,606,25,4.1,51,17.0
2020-2021,Granada,65,6,2,4,1,61.9,0.31,-2.1,310,848,36.6,944,79,62.6,46.5,316,81.3,56.1,546,12,2.2,62,18.0,47,3,1,7,0,44.0,0.33,-3.0,230,564,40.8,910,151,43.2,36.9,272,62.9,48.2,470,22,4.7,37,15.2
2020-2021,Huesca,53,5,1,10,2,48.2,0.29,-2.8,188,508,37.0,1077,187,35.7,34.2,298,41.6,38.3,539,16,3.0,34,13.4,34,3,0,4,2,36.7,0.26,4.7,221,581,38.0,903,169,42.6,37.1,295,66.4,50.4,624,19,3.0,47,16.5
2020-2021,Levante,57,3,1,6,2,49.8,0.29,-5.2,136,382,35.6,936,197,32.4,32.2,282,28.0,29.6,532,9,1.7,71,18.2,46,3,0,5,1,40.1,0.27,-4.9,283,695,40.7,920,146,51.8,40.3,295,73.9,54.4,506,18,3.6,53,17.1
2020-2021,Osasuna,48,5,0,5,2,47.0,0.3,1.0,441,996,44.3,995,92,71.5,48.0,302,94.4,61.3,600,30,5.0,76,17.5,37,5,0,2,1,34.6,0.25,-1.4,193,643,30.0,980,149,45.7,37.2,315,61.9,45.8,544,13,2.4,41,16.2
2020-2021,Real Madrid,28,7,0,3,1,32.7,0.22,5.7,89,300,29.7,1086,243,20.6,29.6,235,32.3,36.6,472,26,5.5,44,15.7,67,3,1,8,3,53.1,0.3,-10.9,290,691,42.0,942,157,45.9,38.0,354,73.2,50.7,562,20,3.6,37,14.3
2020-2021,Real Sociedad,38,3,0,4,1,35.0,0.3,-2.0,204,520,39.2,998,132,38.2,35.1,217,64.1,49.7,415,9,2.2,47,17.3,59,9,2,8,1,53.5,0.3,-4.5,295,744,39.7,1016,132,51.4,39.8,288,77.1,53.4,523,15,2.9,36,14.0
2020-2021,Sevilla,33,4,0,4,2,33.5,0.24,2.5,183,418,43.8,1012,169,29.8,29.2,228,50.9,39.7,512,30,5.9,36,11.2,53,6,0,5,1,46.7,0.28,-5.3,284,693,41.0,911,127,50.2,39.7,347,68.0,49.3,551,10,1.8,57,19.1
2020-2021,Valencia,53,5,3,5,2,48.2,0.24,-2.8,291,664,43.8,871,145,49.1,41.4,338,69.8,50.4,655,11,1.7,31,19.2,50,8,1,6,2,45.4,0.27,-2.6,222,584,38.0,833,135,48.1,38.9,262,69.8,49.9,462,19,4.1,38,15.8
2020-2021,Valladolid,57,6,1,5,0,53.4,0.3,-3.6,251,810,31.0,877,133,61.1,43.2,332,82.5,58.3,578,7,1.2,28,14.9,34,7,0,4,0,38.1,0.26,4.1,262,603,43.4,902,137,46.1,38.4,284,65.8,50.2,556,23,4.1,43,15.1
2020-2021,Villarreal,44,7,0,3,2,38.7,0.25,-3.3,167,431,38.7,1098,208,26.0,30.2,304,48.0,40.5,597,28,4.7,32,13.9,60,12,1,3,3,63.1,0.32,6.1,232,601,38.6,972,143,44.1,37.5,255,67.5,48.6,420,16,3.8,61,17.3
2019-2020,Alavés,59,12,3,3,0,56.6,0.27,-2.4,375,828,45.3,783,103,66.0,42.5,344,90.4,58.6,527,12,2.3,15,13.1,34,6,0,5,0,36.2,0.3,2.2,182,528,34.5,911,137,43.4,37.4,230,57.8,47.0,409,19,4.6,43,16.8
2019-2020,Athletic Club,38,5,2,2,2,39.8,0.28,3.8,345,817,42.2,976,172,56.5,41.4,298,89.3,60.9,547,26,4.8,20,10.0,41,8,1,4,1,39.5,0.22,-0.5,228,636,35.8,897,161,48.6,39.1,319,62.7,47.4,582,25,4.3,34,14.7
2019-2020,Atlético Madrid,27,3,1,4,3,29.8,0.24,5.8,233,592,39.4,637,112,56.4,30.2,320,72.8,50.0,533,12,2.3,12,,51,6,0,3,1,54.0,0.32,4.0,242,653,37.1,951,157,45.8,37.9,344,63.1,48.3,441,19,4.3,38,15.2
2019-2020,Barcelona,38,6,2,1,0,36.5,0.26,-1.5,127,249,51.0,1237,182,15.4,25.7,254,22.8,27.8,401,19,4.7,43,15.2,86,6,5,3,2,75.2,0.32,-8.8,196,561,34.9,790,156,47.0,38.6,271,70.1,51.7,301,16,5.3,31,14.1
2019-2020,Betis,60,11,1,4,1,54.8,0.29,-4.2,158,464,34.1,1045,171,34.1,33.0,284,38.0,35.5,524,12,2.3,59,17.8,48,6,1,10,0,48.9,0.27,0.9,238,646,36.8,863,130,48.6,40.0,316,71.8,52.0,457,21,4.6,36,14.7
2019-2020,Celta Vigo,49,5,3,3,0,45.8,0.28,-3.2,202,576,35.1,784,136,44.5,30.1,339,67.0,49.1,604,20,3.3,16,16.0,37,6,3,4,0,43.8,0.25,6.8,192,550,34.9,816,144,48.2,39.0,234,67.1,49.5,506,15,3.0,46,15.8
2019-2020,Eibar,56,4,2,3,1,52.2,0.35,-2.8,297,896,33.1,882,93,72.3,51.6,268,96.3,70.6,471,26,5.5,77,17.9,39,7,1,6,1,42.2,0.23,4.2,287,801,35.8,1160,167,50.3,38.8,356,61.0,46.6,667,20,3.0,25,13.0
2019-2020,Espanyol,58,6,0,4,2,54.4,0.31,-1.6,228,688,33.1,895,133,52.5,31.1,316,69.0,49.6,495,29,5.9,51,7.8,27,4,1,4,2,32.8,0.24,7.8,250,681,36.7,918,168,47.8,39.1,330,73.3,52.2,530,28,5.3,46,15.6
2019-2020,Getafe,37,5,0,2,2,38.3,0.3,3.3,359,970,37.0,880,46,83.4,52.7,259,91.1,58.5,383,20,5.2,69,18.1,43,6,2,7,1,36.9,0.26,-5.1,304,797,38.1,1022,133,54.3,41.5,334,72.5,51.7,629,20,3.2,56,16.5
2019-2020,Granada,45,4,1,5,0,45.9,0.27,0.9,329,899,36.6,1074,137,60.1,42.5,325,78.2,55.1,538,27,5.0,68,13.6,52,5,2,7,2,38.3,0.28,-11.7,212,562,37.7,873,146,42.5,37.1,278,68.7,51.0,497,26,5.2,32,14.5
2019-2020,Leganés,51,6,2,7,1,46.5,0.29,-3.5,260,774,33.6,828,165,62.1,41.8,292,89.0,62.5,513,18,3.5,42,14.5,30,3,4,2,0,36.7,0.22,6.7,233,671,34.7,901,175,49.9,39.7,321,68.8,51.3,566,33,5.8,43,15.2
2019-2020,Levante,53,3,1,9,2,54.3,0.23,3.3,179,515,34.8,813,206,43.2,37.6,354,46.3,39.4,636,20,3.1,49,14.4,47,5,1,3,2,43.5,0.29,-1.5,247,610,40.5,858,151,47.2,38.4,306,67.0,48.7,531,18,3.4,48,15.3
2019-2020,Mallorca,65,15,2,7,1,63.8,0.26,-0.2,253,670,37.8,932,185,51.9,37.6,320,58.1,47.8,539,26,4.8,28,,40,8,2,1,1,38.8,0.24,-0.2,226,528,42.8,808,142,38.7,36.0,320,67.2,49.0,506,15,3.0,32,13.4
2019-2020,Osasuna,54,5,3,5,0,51.1,0.33,-2.9,289,858,33.7,885,144,67.2,44.6,306,85.9,58.4,488,21,4.3,47,18.2,46,8,1,4,0,41.8,0.23,-4.2,233,777,30.0,951,140,54.7,40.9,332,77.4,53.6,597,11,1.8,33,15.5
2019-2020,Real Madrid,25,2,0,5,0,30.8,0.26,5.8,90,312,28.8,970,227,22.7,26.9,246,37.4,38.2,460,23,5.0,37,14.2,70,11,1,4,1,73.2,0.28,4.2,278,695,40.0,963,171,48.1,38.3,336,69.0,50.3,574,14,2.4,39,15.0
2019-2020,Real Sociedad,48,7,2,4,1,45.4,0.26,-1.6,220,509,43.2,1128,133,30.1,30.3,246,69.1,48.0,447,13,2.9,65,17.7,56,4,1,7,2,46.3,0.3,-7.7,226,701,32.2,924,149,52.8,40.3,286,74.5,53.3,532,15,2.8,29,13.7
2019-2020,Sevilla,34,3,3,2,1,32.3,0.24,-0.7,179,450,39.8,813,179,34.9,33.7,281,59.1,45.5,478,19,4.0,29,11.7,54,7,2,5,1,51.4,0.27,-1.6,261,730,35.8,926,148,53.7,41.1,311,74.9,51.4,637,22,3.5,27,12.7
2019-2020,Valencia,53,7,3,4,1,50.2,0.22,-1.8,211,599,35.2,878,201,41.3,34.2,337,70.0,50.3,619,12,1.9,19,10.8,46,5,2,4,1,47.0,0.34,2.0,212,569,37.3,827,138,46.9,38.6,273,66.3,50.5,509,17,3.3,56,16.5
2019-2020,Valladolid,43,7,2,5,0,48.0,0.29,5.0,258,793,32.5,789,130,63.1,49.5,365,80.8,56.1,590,15,2.5,18,,32,3,2,2,1,33.7,0.24,2.7,232,546,42.5,812,163,43.0,36.8,284,69.4,50.8,492,19,3.9,38,14.3
2019-2020,Villarreal,49,8,0,10,2,45.2,0.22,-1.8,146,442,33.0,858,173,32.3,28.0,329,50.2,40.5,648,19,2.9,27,10.2,63,10,1,4,1,61.6,0.3,-0.4,259,659,39.3,916,152,50.5,39.2,302,64.9,48.9,478,16,3.3,59,17.1
2018-2019,Alavés,50,6,3,2,2,52.6,0.29,4.6,325,794,40.9,805,98,61.6,48.9,337,88.4,57.0,632,21,3.3,42,8.6,39,2,2,7,0,33.9,0.26,-5.1,242,629,38.5,905,178,43.4,37.4,325,72.6,52.4,584,29,5.0,35,14.4
2018-2019,Athletic Club,45,5,0,6,0,42.8,0.32,-2.2,358,825,43.4,901,123,64.9,36.7,264,90.9,62.7,508,22,4.3,36,11.1,41,5,1,1,2,43.2,0.27,4.2,274,700,39.1,944,166,49.9,39.0,297,77.1,53.3,574,19,3.3,38,14.5
2018-2019,Atlético Madrid,29,5,0,4,2,42.3,0.28,15.3,220,596,36.9,583,104,56.6,33.3,302,88.1,57.2,555,22,4.0,16,,55,3,3,6,2,53.5,0.32,0.5,242,565,42.8,885,166,45.2,38.0,280,58.9,46.8,462,17,3.7,27,13.0
2018-2019,Barcelona,36,2,0,2,1,40.4,0.3,5.4,125,244,51.2,970,211,15.7,27.3,224,41.1,37.8,440,8,1.8,38,16.2,90,8,6,6,2,90.0,0.33,2.0,234,629,37.2,829,149,48.7,39.2,305,73.8,52.4,308,10,3.2,33,15.1
2018-2019,Betis,52,4,2,8,0,51.5,0.31,-0.5,128,337,38.0,1153,195,20.3,30.6,276,37.3,36.8,466,25,5.4,58,18.7,44,5,4,2,1,48.3,0.26,5.3,209,614,34.0,777,105,51.9,40.9,259,81.5,56.7,469,14,3.0,38,16.1
2018-2019,Celta Vigo,62,6,4,5,1,59.7,0.32,-1.3,257,669,38.4,925,161,44.3,38.0,348,74.4,55.1,581,20,3.4,37,15.6,53,7,2,5,1,51.0,0.28,-1.0,244,609,40.1,784,147,51.4,40.0,263,78.3,53.3,539,24,4.5,34,14.1
2018-2019,Eibar,50,3,2,3,1,44.1,0.31,-4.9,325,855,38.0,912,108,69.4,44.6,235,94.5,66.5,403,20,5.0,84,18.1,46,7,2,7,0,45.8,0.26,-0.2,340,865,39.3,1029,165,56.8,42.3,393,71.5,51.7,865,19,2.2,21,12.1
2018-2019,Espanyol,50,6,5,7,2,51.8,0.27,3.8,226,562,40.2,868,133,39.9,35.4,333,64.9,47.6,674,24,3.6,19,12.3,48,4,2,7,5,45.1,0.26,2.1,224,590,38.0,884,179,44.0,37.8,287,70.0,51.1,431,15,3.5,38,15.8
2018-2019,Getafe,35,4,1,2,2,40.1,0.26,7.1,359,963,37.3,832,52,83.5,50.3,282,95.0,59.3,475,20,4.2,38,15.5,48,6,0,1,1,44.3,0.3,-2.7,249,652,38.2,963,150,47.1,39.1,290,68.3,51.7,488,23,4.7,39,15.4
2018-2019,Girona,53,8,2,6,2,61.0,0.27,10.0,223,578,38.6,896,177,40.5,38.2,328,65.5,48.4,554,19,3.4,27,9.6,37,6,1,3,0,41.3,0.26,4.3,254,652,39.0,856,139,51.3,39.1,280,76.1,53.0,578,34,5.9,39,14.8
2018-2019,Huesca,65,9,2,1,3,61.5,0.31,-0.5,332,851,39.0,782,75,71.9,51.2,310,93.2,61.9,525,7,1.3,12,11.6,43,6,1,7,0,46.0,0.27,3.0,195,569,34.3,861,176,42.5,37.0,295,68.8,51.7,636,33,5.2,45,14.2
2018-2019,Leganés,43,3,2,3,1,43.2,0.3,1.2,344,834,41.2,894,112,63.0,39.8,307,88.3,60.3,585,28,4.8,30,15.7,37,3,0,5,1,37.5,0.26,1.5,199,614,32.4,838,169,44.4,38.3,324,74.7,54.3,601,21,3.5,33,15.8
2018-2019,Levante,66,8,1,6,2,68.9,0.27,4.9,207,577,35.9,662,184,48.2,40.5,394,65.5,47.8,595,19,3.2,32,11.8,59,5,1,8,3,55.5,0.31,-0.5,252,645,39.1,824,151,49.2,39.4,298,80.5,55.5,537,21,3.9,49,15.5
2018-2019,Rayo Vallecano,70,7,0,10,1,65.8,0.3,-3.2,240,581,41.3,887,197,44.2,37.2,306,61.8,46.5,574,13,2.3,35,15.5,41,5,1,3,1,49.3,0.3,9.3,234,625,37.4,803,139,48.6,39.5,307,76.5,55.0,576,22,3.8,22,12.6
2018-2019,Real Madrid,46,6,0,6,0,47.9,0.31,1.9,126,363,34.7,923,233,27.1,32.3,256,44.1,42.5,400,26,6.5,38,14.2,63,9,1,9,2,68.8,0.29,7.8,272,649,41.9,886,150,46.4,38.2,309,77.0,52.7,598,17,2.8,26,13.1
2018-2019,Real Sociedad,46,2,1,11,2,39.9,0.27,-4.1,218,556,39.2,1156,142,31.2,31.5,295,66.1,47.7,590,28,4.7,52,17.8,45,8,0,3,1,50.1,0.29,6.1,263,694,37.9,901,126,52.1,40.0,289,77.9,54.0,493,18,3.7,45,15.5
2018-2019,Sevilla,47,6,2,4,0,50.3,0.28,3.3,191,630,30.3,875,216,45.8,40.2,294,77.9,55.3,539,30,5.6,30,20.7,62,5,0,5,2,62.7,0.34,2.7,241,633,38.1,812,134,47.3,39.1,326,76.4,53.8,612,19,3.1,31,14.7
2018-2019,Valencia,35,7,2,6,2,42.4,0.23,9.4,186,548,33.9,635,176,46.6,35.1,305,82.6,57.1,620,14,2.3,18,12.5,51,5,1,8,1,58.7,0.32,8.7,227,608,37.3,903,148,41.5,36.6,315,74.0,53.0,551,11,2.0,27,13.5
2018-2019,Valladolid,51,6,1,8,1,53.2,0.29,3.2,269,842,31.9,900,172,59.1,42.4,347,89.3,60.6,614,20,3.3,14,11.2,32,4,3,3,1,38.3,0.25,7.3,245,581,42.2,748,157,43.6,37.9,313,81.5,56.5,620,26,4.2,37,13.9
2018-2019,Villarreal,52,3,2,5,3,55.8,0.28,6.8,227,532,42.7,708,154,45.9,39.2,303,68.3,50.6,677,23,3.4,36,11.8,49,3,1,9,2,51.9,0.27,4.9,246,614,40.1,835,129,48.7,38.8,291,71.1,51.7,485,17,3.5,35,14.7
2017-2018,Alavés,50,7,2,7,2,49.4,0.25,1.4,330,786,42.0,708,103,65.5,48.6,360,89.4,56.7,657,17,2.6,19,9.0,40,1,1,4,0,37.9,0.27,-2.1,224,589,38.0,917,156,43.2,37.6,256,75.4,53.7,431,22,5.1,32,14.9
2017-2018,Athletic Club,49,3,3,5,3,52.0,0.28,6.0,407,840,48.5,1066,140,57.6,43.6,271,83.4,58.8,525,29,5.5,31,14.2,41,6,0,6,2,46.7,0.27,7.7,274,721,38.0,924,139,50.2,40.2,306,84.0,55.6,654,29,4.4,31,13.0
2017-2018,Atlético Madrid,22,1,1,2,1,33.2,0.23,12.2,194,581,33.4,635,109,55.0,42.4,289,80.3,54.5,550,26,4.7,14,11.9,58,4,2,2,1,58.8,0.36,1.8,235,571,41.2,924,173,41.9,36.9,257,71.6,52.5,417,27,6.5,47,15.0
2017-2018,Barcelona,29,2,0,1,0,37.0,0.26,8.0,130,310,41.9,1061,197,17.6,27.9,272,45.2,41.3,411,15,3.6,41,7.7,99,3,6,7,3,96.1,0.36,0.1,236,640,36.9,859,136,49.7,40.5,280,76.1,53.8,323,11,3.4,36,14.5
2017-2018,Betis,61,3,0,7,4,48.1,0.29,-8.9,199,577,34.5,1239,163,32.4,34.5,312,56.4,43.3,584,25,4.3,29,10.4,60,2,1,3,4,53.4,0.32,-2.6,211,610,34.6,795,104,51.6,40.7,246,81.3,56.7,422,18,4.3,35,15.2
2017-2018,Celta Vigo,60,4,0,8,1,49.5,0.29,-9.5,247,700,35.3,1154,124,43.4,36.3,280,71.1,53.1,539,14,2.6,38,14.1,59,2,3,4,2,55.3,0.33,-1.7,239,717,33.3,869,127,55.6,41.7,285,82.1,56.5,473,23,4.9,37,15.1
2017-2018,Eibar,50,4,2,3,3,47.8,0.34,0.8,359,957,37.5,992,96,73.5,52.4,239,95.4,69.5,379,23,6.1,100,21.4,44,2,2,7,1,37.6,0.27,-5.4,295,873,33.8,1037,131,54.7,42.3,388,78.9,55.7,850,30,3.5,33,13.1
2017-2018,Espanyol,42,4,1,5,2,47.2,0.26,7.2,237,673,35.2,756,172,52.1,39.3,329,84.8,57.2,568,31,5.5,24,11.3,36,2,1,1,3,38.1,0.27,5.1,269,712,37.8,1025,149,49.4,39.7,273,75.5,55.2,592,49,8.3,42,13.5
2017-2018,Getafe,33,2,0,3,0,42.3,0.31,9.3,292,925,31.6,813,80,74.2,52.5,332,97.0,64.3,549,25,4.6,37,9.9,42,5,1,6,1,42.9,0.26,1.9,248,584,42.5,883,152,44.2,38.4,258,75.2,53.2,463,20,4.3,57,17.3
2017-2018,Girona,59,4,3,2,3,57.8,0.32,1.8,289,797,36.3,828,133,64.4,43.7,296,89.2,60.2,488,14,2.9,43,15.3,50,6,2,8,0,52.0,0.3,2.0,208,659,31.6,907,150,49.6,38.4,260,80.4,54.4,644,30,4.7,35,14.3
2017-2018,La Coruña,76,4,4,11,3,62.3,0.33,-10.7,236,599,39.4,668,148,53.6,39.4,330,73.0,53.4,600,30,5.0,13,11.0,38,3,0,7,0,44.4,0.29,6.4,238,626,38.0,853,138,45.0,37.7,312,77.6,54.4,593,23,3.9,43,14.4
2017-2018,Las Palmas,74,5,1,7,1,73.7,0.33,0.7,198,559,35.4,1195,239,32.2,28.8,324,53.7,45.8,533,30,5.6,66,13.8,24,6,0,2,0,36.3,0.23,12.3,275,694,39.6,822,116,53.3,41.0,307,83.4,56.3,475,19,4.0,36,14.6
2017-2018,Leganés,51,6,4,4,0,51.8,0.3,0.8,338,963,35.1,922,94,74.7,46.3,285,96.1,63.6,511,31,6.1,49,16.0,34,2,0,4,2,36.6,0.27,4.6,187,541,34.6,970,185,37.3,35.4,318,56.3,47.3,547,22,4.0,42,14.6
2017-2018,Levante,58,5,1,8,3,57.9,0.29,2.9,280,745,37.6,748,113,62.4,44.1,330,84.2,56.4,601,30,5.0,42,14.7,44,5,5,3,1,43.8,0.32,0.8,240,570,42.1,770,166,42.2,36.4,325,75.4,53.4,565,26,4.6,23,13.4
2017-2018,Málaga,61,6,1,3,0,66.6,0.36,5.6,308,822,37.5,791,91,67.0,48.6,314,93.0,60.9,537,29,5.4,20,11.1,24,4,0,3,1,31.3,0.22,8.3,234,609,38.4,869,153,45.2,38.0,297,72.7,53.6,596,31,5.2,23,11.2
2017-2018,Real Madrid,44,2,0,7,2,45.4,0.3,3.4,105,277,37.9,756,184,20.2,31.0,243,51.0,44.3,434,18,4.1,36,13.3,94,8,2,15,3,89.4,0.3,-1.6,330,757,43.6,905,157,51.0,40.8,374,78.9,56.0,704,18,2.6,36,12.7
2017-2018,Real Sociedad,59,6,2,7,1,52.7,0.3,-5.3,234,559,41.9,1356,149,30.8,35.1,246,57.7,43.8,470,28,6.0,49,14.8,66,4,1,11,2,56.2,0.32,-7.8,271,707,38.3,829,131,52.7,40.8,344,78.5,55.8,641,25,3.9,25,13.6
2017-2018,Sevilla,58,5,1,6,1,51.7,0.32,-5.3,165,455,36.3,754,188,35.1,33.6,290,65.5,49.1,548,30,5.5,26,12.0,49,4,0,3,1,56.7,0.3,8.7,246,741,33.2,941,126,52.1,40.3,332,75.6,54.3,508,29,5.7,40,13.8
2017-2018,Valencia,38,3,1,5,0,50.7,0.28,12.7,188,536,35.1,647,181,45.7,39.7,311,77.2,55.8,622,23,3.7,10,9.6,65,8,1,7,2,60.0,0.29,-3.0,238,677,35.2,844,144,51.8,40.2,294,81.6,56.3,486,29,6.0,30,14.2
2017-2018,Villarreal,50,5,1,6,0,50.8,0.28,0.8,180,532,33.8,726,184,39.3,32.0,332,74.4,52.8,687,31,4.5,36,16.1,57,4,0,4,1,54.4,0.3,-1.6,218,595,36.6,872,155,47.2,38.8,273,67.0,51.5,409,18,4.4,40,15.7
2024-2025-femenino,Athletic Club,32,1,0,2,3,32.9,0.26,3.9,140,342,40.9,1016,134,23.2,27.5,258,41.1,31.3,428,20,4.7,24,14.1,40,4,1,7,2,36.3,0.35,-1.7,95,255,37.3,627,118,29.5,31.7,210,33.3,27.8,421,39,9.3,35,12.5
2024-2025-femenino,Atlético Madrid,23,1,0,4,1,26.1,0.25,4.1,75,164,45.7,776,156,13.5,21.0,223,26.5,27.6,365,24,6.6,30,16.9,49,2,0,7,3,44.6,0.27,-1.4,134,386,34.7,743,104,35.4,33.0,282,43.6,32.9,445,31,7.0,29,11.6
2024-2025-femenino,Barcelona,16,0,0,0,0,13.0,0.28,-3.0,26,44,59.1,623,92,6.7,21.7,71,2.8,17.4,99,10,10.1,68,20.8,128,7,2,14,1,100.0,0.3,-27.0,146,488,29.9,683,155,41.9,35.8,470,43.0,32.3,713,21,2.9,24,10.6
2024-2025-femenino,Dep La Coruña,48,1,2,9,1,56.4,0.31,9.4,101,346,29.2,732,141,33.3,32.1,319,32.0,27.5,586,30,5.1,43,14.3,27,1,2,1,1,26.8,0.22,0.8,96,244,39.3,614,110,26.2,28.8,194,42.8,33.1,226,14,6.2,47,17.5
2024-2025-femenino,Eibar,41,2,0,2,0,39.5,0.26,-1.5,237,808,29.3,691,33,78.0,51.4,341,78.9,48.1,480,40,8.3,18,9.6,24,3,1,2,0,27.8,0.3,3.8,112,353,31.7,776,114,32.9,33.2,204,48.0,34.6,286,15,5.2,52,19.0
2024-2025-femenino,Espanyol,50,4,0,5,2,52.5,0.32,4.5,186,532,35.0,555,81,67.2,45.6,279,57.0,39.8,399,13,3.3,15,10.9,29,1,0,1,1,25.8,0.26,-2.2,91,233,39.1,678,137,21.5,28.8,241,36.1,30.9,325,19,5.8,35,14.9
2024-2025-femenino,Granada,45,2,1,8,2,44.2,0.31,1.2,148,338,43.8,734,125,31.3,33.9,224,48.2,36.4,320,13,4.1,41,15.0,42,4,1,6,1,37.7,0.31,-3.3,110,309,35.6,657,106,30.0,31.9,280,40.0,32.3,549,25,4.6,34,13.7
2024-2025-femenino,Levante,45,1,0,4,0,49.6,0.35,4.6,88,214,41.1,580,132,17.1,26.0,278,41.4,31.9,413,17,4.1,20,10.9,30,2,0,3,0,35.1,0.28,5.1,116,285,40.7,681,120,27.5,29.5,239,41.0,32.2,365,38,10.4,48,13.7
2024-2025-femenino,Levante Planas,45,2,1,5,1,39.4,0.36,-4.6,57,179,31.8,629,168,21.6,27.8,206,20.9,24.1,351,17,4.8,39,15.0,24,5,0,2,0,32.9,0.24,8.9,123,332,37.0,735,114,31.6,31.9,257,38.9,30.9,310,24,7.7,24,13.5
2024-2025-femenino,Madrid CFF,62,4,2,8,1,47.2,0.3,-13.8,52,140,37.1,591,138,13.7,25.1,353,16.7,21.3,381,6,1.6,13,12.4,37,1,0,3,1,35.8,0.27,-0.2,130,342,38.0,630,102,34.0,33.1,231,55.4,38.0,355,22,6.2,40,14.5
2024-2025-femenino,Real Betis,67,5,0,6,3,63.1,0.32,-0.9,111,368,30.2,872,180,28.6,30.6,305,39.0,31.5,484,25,5.2,77,16.6,24,2,0,2,1,24.4,0.25,1.4,81,233,34.8,679,122,22.5,29.0,199,40.2,32.0,269,15,5.6,31,14.9
2024-2025-femenino,Real Madrid,28,5,0,5,3,25.4,0.27,0.4,57,142,40.1,687,128,12.4,24.6,200,28.5,27.9,290,16,5.5,61,16.5,87,4,0,8,4,74.6,0.31,-8.4,140,424,33.0,787,131,32.0,32.1,337,51.0,34.5,510,24,4.7,12,10.1
2024-2025-femenino,Real Sociedad,45,6,2,1,2,36.9,0.26,-6.1,73,192,38.0,666,111,17.7,25.7,225,32.9,29.3,325,14,4.3,52,16.4,40,1,1,5,2,45.6,0.31,7.6,120,350,34.3,809,134,30.8,32.5,278,36.3,31.7,393,31,7.9,42,13.7
2024-2025-femenino,Sevilla,47,1,0,6,0,47.0,0.29,0.0,111,419,26.5,714,102,39.4,34.2,282,48.9,35.5,430,41,9.5,27,11.7,32,1,0,4,1,31.1,0.33,0.1,98,249,39.4,700,118,25.3,29.8,203,35.5,29.2,294,14,4.8,40,16.5
2024-2025-femenino,UDG Tenerife,36,3,0,6,0,36.0,0.25,0.0,176,464,37.9,751,82,39.7,35.6,285,58.2,38.9,411,36,8.8,22,10.4,40,3,0,4,1,34.7,0.26,-4.3,97,282,34.4,690,126,26.2,30.3,225,44.9,35.4,378,20,5.3,29,14.1
2024-2025-femenino,Valencia,47,5,0,5,1,49.1,0.26,3.1,140,355,39.4,526,137,39.9,35.5,265,54.7,35.0,474,51,10.8,16,9.6,24,2,0,7,1,26.9,0.23,3.9,89,282,31.6,654,129,28.7,30.5,264,35.6,30.3,397,21,5.3,44,15.0
