Season,Squad,Performance CrdY_for,Performance CrdR_for,Performance 2CrdY_for,Performance Fls_for,Performance Fld_for,Performance Off_for,Performance Crs_for,Performance Int_for,Performance TklW_for,Performance PKwon_for,Performance PKcon_for,Performance OG_for,Performance Recov_for,Aerial Duels Won_for,Aerial Duels Lost_for,Aerial Duels Won%_for,Performance CrdY_against,Performance CrdR_against,Performance 2CrdY_against,Performance Fls_against,Performance Fld_against,Performance Off_against,Performance Crs_against,Performance Int_against,Performance TklW_against,Performance PKwon_against,Performance PKcon_against,Performance OG_against,Performance Recov_against,Aerial Duels Won%_against
2024-2025 Premier League,Arsenal,70,6,3,401,405,80,766,225,348,2,3,0,1436,471,465,50.3,83,2,1,416,390,38,534,261,420,3,2,2,1337,49.7
2024-2025 Premier League,Aston Villa,76,4,2,406,499,55,604,240,372,6,3,0,1418,378,423,47.2,104,2,1,510,394,93,683,347,387,2,6,2,1539,52.8
2024-2025 Premier League,Bournemouth,97,3,0,525,400,70,832,351,399,7,4,0,1821,573,606,48.6,94,5,3,410,510,42,601,279,396,3,7,1,1662,51.4
2024-2025 Premier League,Brentford,62,1,0,320,339,63,674,285,380,6,1,3,1644,624,567,52.4,82,3,2,355,316,58,793,287,362,1,6,1,1678,47.6
2024-2025 Premier League,Brighton,78,3,2,438,411,46,704,315,431,6,9,2,1624,518,463,52.8,93,5,4,427,421,88,543,320,408,7,7,2,1532,47.2
2024-2025 Premier League,Chelsea,101,2,1,436,444,65,663,272,371,5,6,0,1577,402,390,50.8,98,2,1,457,422,88,543,286,368,6,5,3,1483,49.2
2024-2025 Premier League,Crystal Palace,80,4,3,417,403,74,605,334,450,4,2,3,1698,511,636,44.6,84,4,3,418,398,47,716,342,319,2,4,2,1723,55.4
2024-2025 Premier League,Everton,82,2,1,430,384,81,682,345,433,1,2,0,1524,614,564,52.1,46,2,1,395,420,51,731,235,424,2,2,3,1565,47.9
2024-2025 Premier League,Fulham,80,2,0,432,359,43,894,302,411,3,4,2,1610,533,532,50.0,67,3,1,371,425,83,632,336,306,4,4,1,1585,50.0
2024-2025 Premier League,Ipswich Town,93,5,4,430,404,52,505,303,340,2,6,2,1437,552,533,50.9,65,2,1,414,414,42,778,242,366,6,2,1,1596,49.1
2024-2025 Premier League,Leicester City,87,0,0,420,393,63,621,327,431,3,4,3,1478,503,579,46.5,58,2,1,403,412,61,751,269,411,3,3,0,1655,53.5
2024-2025 Premier League,Liverpool,67,3,1,430,359,60,729,299,391,6,2,2,1621,406,368,52.5,84,2,2,371,419,96,500,320,402,2,9,1,1576,47.5
2024-2025 Premier League,Manchester City,59,2,1,287,382,45,659,229,299,4,4,2,1437,310,334,48.1,88,2,1,387,276,85,455,310,399,4,4,1,1319,51.9
2024-2025 Premier League,Manchester Utd,86,3,1,403,371,69,630,358,493,4,4,2,1736,486,488,49.9,71,3,0,385,387,57,598,325,414,3,4,2,1690,50.1
2024-2025 Premier League,Newcastle Utd,68,1,0,394,450,71,705,270,371,4,2,2,1632,487,466,51.1,97,3,1,464,385,43,651,301,433,2,6,2,1634,48.9
2024-2025 Premier League,Nott'ham Forest,90,2,2,401,419,91,621,322,419,3,3,0,1588,570,559,50.5,104,2,2,434,390,36,886,265,365,2,3,1,1545,49.5
2024-2025 Premier League,Southampton,89,3,0,459,421,49,548,305,378,2,9,0,1440,468,421,52.6,54,1,0,435,445,49,758,311,405,7,2,1,1635,47.4
2024-2025 Premier League,Tottenham,72,1,1,446,483,63,752,322,414,4,3,4,1659,422,437,49.1,85,3,0,494,431,87,697,391,548,3,4,3,1652,50.9
2024-2025 Premier League,West Ham,82,3,2,443,397,73,613,331,388,2,3,3,1558,587,560,51.2,56,1,0,410,428,55,811,298,435,3,3,3,1582,48.8
2024-2025 Premier League,Wolves,79,2,2,480,425,62,568,298,471,0,9,3,1659,451,475,48.7,85,3,1,442,465,76,714,308,422,9,0,1,1609,51.3
2024-2025 Serie A,Atalanta,67,1,1,435,393,54,778,296,347,5,2,2,1732,585,490,54.4,51,2,1,416,416,50,458,330,399,1,7,2,1618,45.6
2024-2025 Serie A,Bologna,61,4,1,537,604,63,756,258,346,6,3,2,1516,579,616,48.5,95,3,1,643,502,51,421,305,375,1,7,1,1343,51.5
2024-2025 Serie A,Cagliari,68,3,3,500,397,65,758,276,303,2,6,0,1522,606,600,50.2,61,5,1,423,469,72,692,268,338,3,3,2,1578,49.8
2024-2025 Serie A,Como,87,7,3,503,518,65,568,279,412,1,7,0,1547,472,487,49.2,95,5,4,547,475,74,571,325,385,5,2,5,1502,50.8
2024-2025 Serie A,Empoli,68,5,2,570,459,57,620,323,396,3,3,1,1480,577,710,44.8,58,3,3,487,541,39,714,255,373,3,3,2,1532,55.2
2024-2025 Serie A,Fiorentina,81,3,2,429,541,85,581,269,311,6,3,1,1436,508,487,51.1,92,7,3,578,415,41,616,233,306,3,8,2,1359,48.9
2024-2025 Serie A,Genoa,71,1,0,497,448,55,663,308,385,1,8,3,1481,666,696,48.9,75,2,0,478,467,59,682,284,326,3,2,2,1521,51.1
2024-2025 Serie A,Hellas Verona,98,9,5,579,352,55,562,329,434,1,4,1,1427,671,699,49.0,53,2,0,374,534,48,687,221,263,2,2,3,1387,51.0
2024-2025 Serie A,Inter,56,1,1,407,394,88,728,223,278,6,4,1,1440,604,419,59.0,51,4,1,424,384,35,574,253,263,1,9,3,1284,41.0
2024-2025 Serie A,Juventus,67,3,1,480,378,52,630,215,353,3,5,0,1516,458,461,49.8,73,2,1,392,449,39,679,298,359,4,6,2,1312,50.2
2024-2025 Serie A,Lazio,93,7,3,425,484,46,864,295,319,4,4,2,1439,473,491,49.1,116,14,9,509,400,34,655,272,332,2,7,1,1390,50.9
2024-2025 Serie A,Lecce,61,7,1,466,427,52,628,285,372,2,10,3,1484,676,651,50.9,81,5,1,453,435,81,775,292,327,7,4,0,1600,49.1
2024-2025 Serie A,Milan,70,6,1,415,428,60,634,234,349,7,2,3,1397,434,391,52.6,75,3,1,447,395,95,590,291,339,2,8,2,1348,47.4
2024-2025 Serie A,Monza,90,3,2,512,529,54,656,305,315,0,4,3,1299,567,605,48.4,63,2,1,564,481,41,680,225,336,4,3,1,1505,51.6
2024-2025 Serie A,Napoli,47,0,0,415,445,55,681,270,323,4,4,2,1435,530,460,53.5,72,1,1,470,392,39,577,330,366,3,5,3,1445,46.5
2024-2025 Serie A,Parma,78,6,3,405,458,31,427,279,293,5,5,2,1365,499,502,49.9,80,3,2,483,380,119,856,279,354,4,7,1,1558,50.1
2024-2025 Serie A,Roma,66,1,1,405,484,59,636,282,328,6,4,1,1437,441,476,48.1,87,6,1,507,391,47,617,261,328,3,8,1,1436,51.9
2024-2025 Serie A,Torino,80,3,1,483,386,57,675,278,261,2,7,2,1296,538,564,48.8,63,1,0,413,451,50,767,289,293,6,4,3,1407,51.2
2024-2025 Serie A,Udinese,88,5,3,543,379,50,679,302,346,2,8,5,1426,550,493,52.7,61,5,4,405,505,84,677,270,350,5,4,0,1411,47.3
2024-2025 Serie A,Venezia,75,2,2,503,451,58,529,279,361,4,11,3,1450,490,626,43.9,70,2,1,496,473,63,765,304,420,8,5,1,1589,56.1
2024-2025 Ligue 1,Angers,49,2,0,380,398,69,575,336,392,6,5,0,1414,334,428,43.8,79,7,4,420,361,26,719,251,389,4,6,1,1504,56.2
2024-2025 Ligue 1,Auxerre,68,4,1,404,362,48,542,350,403,4,8,3,1492,412,422,49.4,50,4,1,387,380,83,660,279,414,7,5,1,1567,50.6
2024-2025 Ligue 1,Brest,69,3,1,430,413,42,641,316,426,5,10,2,1471,534,508,51.2,63,2,0,443,404,59,639,300,294,6,9,0,1466,48.8
2024-2025 Ligue 1,Le Havre,56,4,1,379,403,50,695,324,387,6,6,1,1399,451,436,50.8,68,6,4,425,363,44,687,249,314,5,10,3,1373,49.2
2024-2025 Ligue 1,Lens,86,8,3,499,360,84,706,321,365,2,9,0,1576,450,414,52.1,62,2,0,381,479,32,473,361,361,7,5,2,1473,47.9
2024-2025 Ligue 1,Lille,77,2,1,410,376,48,535,271,356,8,4,1,1535,392,350,52.8,63,8,0,392,387,55,482,374,364,3,10,0,1437,47.2
2024-2025 Ligue 1,Lyon,60,0,0,407,357,71,598,282,340,6,3,0,1422,305,332,47.9,71,3,2,387,387,54,549,319,345,3,10,3,1425,52.1
2024-2025 Ligue 1,Marseille,64,6,4,394,371,53,609,280,358,5,6,2,1485,312,249,55.6,61,3,0,390,372,92,385,335,372,3,10,4,1452,44.4
2024-2025 Ligue 1,Monaco,60,4,2,462,444,69,563,357,429,3,3,0,1763,426,421,50.3,70,3,1,470,436,49,498,368,389,1,7,0,1624,49.7
2024-2025 Ligue 1,Montpellier,87,7,2,427,438,65,646,273,389,3,9,3,1349,374,442,45.8,70,2,1,463,399,38,564,280,366,6,4,0,1412,54.2
2024-2025 Ligue 1,Nantes,71,4,0,413,389,31,611,283,376,3,8,3,1289,426,439,49.2,55,5,1,409,393,42,740,221,350,6,5,0,1422,50.8
2024-2025 Ligue 1,Nice,59,5,2,391,417,56,599,365,399,5,3,1,1608,427,402,51.5,72,4,4,432,369,28,604,312,449,2,6,4,1533,48.5
2024-2025 Ligue 1,Paris S-G,37,0,0,307,336,54,562,265,386,6,3,1,1654,262,214,55.0,61,2,0,360,284,73,386,338,454,1,7,3,1521,45.0
2024-2025 Ligue 1,Reims,66,6,2,392,372,59,611,289,359,1,5,0,1407,378,430,46.8,49,3,0,391,361,56,707,270,371,3,2,1,1457,53.2
2024-2025 Ligue 1,Rennes,67,2,0,445,382,48,580,337,363,4,6,2,1458,443,393,53.0,68,6,2,412,421,89,510,356,411,2,8,0,1482,47.0
2024-2025 Ligue 1,Saint-Étienne,65,3,1,449,361,46,402,328,382,4,15,2,1428,342,386,47.0,55,1,0,387,426,58,692,317,402,10,4,0,1544,53.0
2024-2025 Ligue 1,Strasbourg,71,3,1,393,417,48,496,282,335,2,9,2,1436,339,324,51.1,72,2,1,435,370,68,700,312,366,6,2,2,1517,48.9
2024-2025 Ligue 1,Toulouse,54,3,0,441,415,46,580,281,364,4,2,3,1531,426,443,49.0,77,3,0,439,419,41,556,298,398,2,4,2,1508,51.0
2024-2025 Bundesliga,Augsburg,78,5,2,351,373,59,578,341,300,2,5,2,1441,529,491,51.9,50,3,2,378,331,57,712,270,357,2,2,0,1450,48.1
2024-2025 Bundesliga,Bayern Munich,48,1,0,295,341,56,612,232,300,6,2,0,1665,418,344,54.9,65,2,2,357,283,44,334,404,353,1,10,3,1315,45.1
2024-2025 Bundesliga,Bochum,71,2,1,465,293,63,679,294,360,3,6,0,1447,744,665,52.8,44,4,0,302,448,63,595,300,308,5,3,0,1462,47.2
2024-2025 Bundesliga,Dortmund,71,6,3,330,343,43,698,249,319,5,4,1,1480,474,418,53.1,65,5,2,357,321,93,551,312,374,4,6,2,1424,46.9
2024-2025 Bundesliga,Eint Frankfurt,55,1,1,341,304,57,539,287,341,2,3,2,1486,467,437,51.7,58,3,0,324,329,99,677,264,323,3,5,0,1479,48.3
2024-2025 Bundesliga,Freiburg,54,2,1,316,325,61,589,276,317,3,4,1,1368,596,608,49.5,59,2,0,345,296,43,604,260,298,2,4,3,1404,50.5
2024-2025 Bundesliga,Gladbach,53,3,2,339,326,65,617,317,284,5,8,2,1308,530,473,52.8,46,1,1,338,328,57,750,302,303,6,5,2,1462,47.2
2024-2025 Bundesliga,Heidenheim,66,1,0,385,390,50,581,312,356,3,6,0,1420,553,646,46.1,78,2,1,405,371,32,634,243,303,5,5,0,1527,53.9
2024-2025 Bundesliga,Hoffenheim,66,2,0,391,366,70,732,291,336,2,6,3,1466,577,588,49.5,48,3,3,385,376,41,626,273,321,4,3,0,1427,50.5
2024-2025 Bundesliga,Holstein Kiel,77,4,2,407,350,44,482,294,328,4,7,3,1267,546,607,47.4,74,2,1,370,390,62,852,237,258,5,5,0,1388,52.6
2024-2025 Bundesliga,Leverkusen,62,1,1,325,352,64,735,234,259,5,4,4,1463,463,419,52.5,68,1,0,368,314,63,443,352,313,4,6,2,1379,47.5
2024-2025 Bundesliga,Mainz 05,71,5,3,408,329,78,658,352,325,3,5,0,1545,618,697,47.0,83,6,2,349,399,49,656,303,349,5,4,2,1452,53.0
2024-2025 Bundesliga,RB Leipzig,68,5,2,376,333,83,563,268,333,4,3,0,1533,480,439,52.2,73,1,0,344,351,68,660,298,329,3,4,2,1543,47.8
2024-2025 Bundesliga,St. Pauli,53,4,3,353,352,66,600,257,315,2,5,1,1350,533,656,44.8,75,1,0,367,336,74,562,244,275,4,2,2,1351,55.2
2024-2025 Bundesliga,Stuttgart,72,5,3,358,411,62,637,298,282,4,3,1,1378,468,448,51.1,96,7,6,428,343,82,531,303,347,2,6,3,1435,48.9
2024-2025 Bundesliga,Union Berlin,72,1,0,419,313,67,608,312,318,3,6,1,1368,656,676,49.2,57,2,1,325,400,42,723,250,289,5,3,0,1322,50.8
2024-2025 Bundesliga,Werder Bremen,75,4,3,335,402,72,667,315,321,4,3,3,1453,473,470,50.2,81,8,5,423,318,72,593,317,306,2,5,1,1573,49.8
2024-2025 Bundesliga,Wolfsburg,75,3,0,350,366,49,574,312,301,4,3,1,1344,519,562,48.0,67,2,1,379,335,68,646,309,289,2,5,3,1389,52.0
2024-2025,Alavés,107,5,2,623,476,77,798,309,459,8,11,2,1499,639,694,47.9,107,5,0,504,590,64,722,287,328,6,11,0,1420,52.1
2024-2025,Athletic Club,64,3,1,483,386,68,772,344,345,5,5,1,1735,496,514,49.1,83,4,2,406,462,84,592,361,471,5,6,1,1624,50.9
2024-2025,Atlético Madrid,75,3,0,412,427,72,675,260,375,4,5,2,1563,445,420,51.4,68,0,0,450,384,37,656,369,365,3,7,0,1547,48.6
2024-2025,Barcelona,63,3,1,368,465,65,709,227,332,8,4,0,1673,380,339,52.9,89,2,0,479,351,181,482,381,405,4,8,3,1499,47.1
2024-2025,Betis,75,4,0,433,524,56,627,356,397,9,4,1,1679,464,478,49.3,102,7,3,552,408,92,683,332,459,3,10,2,1618,50.7
2024-2025,Celta Vigo,84,6,3,462,436,67,501,282,340,6,4,2,1532,375,439,46.1,88,7,2,455,447,75,667,390,382,2,9,1,1698,53.9
2024-2025,Espanyol,88,1,0,498,432,61,619,315,397,5,6,1,1364,493,504,49.4,66,2,0,457,469,53,858,292,309,6,5,2,1576,50.6
2024-2025,Getafe,110,7,3,602,506,90,721,276,393,3,9,0,1436,771,738,51.1,101,5,1,529,561,85,626,282,391,7,5,0,1419,48.9
2024-2025,Girona,76,2,0,437,439,79,804,279,348,4,6,1,1443,321,344,48.3,80,4,1,460,426,44,607,277,348,6,5,1,1414,51.7
2024-2025,Las Palmas,110,4,2,452,462,59,674,321,370,1,10,3,1454,529,561,48.5,90,7,2,489,431,99,740,307,360,9,4,2,1625,51.5
2024-2025,Leganés,82,6,0,503,470,84,495,332,384,7,8,3,1500,472,614,43.5,74,1,0,492,475,47,879,279,351,6,7,1,1568,56.5
2024-2025,Mallorca,81,6,1,466,432,78,735,326,361,4,3,1,1523,672,609,52.5,70,2,0,451,440,41,821,272,402,1,5,1,1546,47.5
2024-2025,Osasuna,88,0,0,508,379,66,819,266,365,9,7,1,1461,617,515,54.5,81,6,2,405,485,103,704,250,385,7,9,2,1532,45.5
2024-2025,Rayo Vallecano,96,3,0,522,391,79,769,334,396,1,8,1,1688,485,540,47.3,78,4,1,422,499,50,678,314,398,7,1,3,1600,52.7
2024-2025,Real Madrid,57,4,0,332,518,85,578,331,359,11,3,1,1541,334,267,55.6,89,6,1,534,316,43,554,333,408,3,14,0,1467,44.4
2024-2025,Real Sociedad,85,4,0,501,417,82,740,283,401,3,7,0,1569,578,606,48.8,82,0,0,446,479,85,610,292,377,4,4,1,1530,51.2
2024-2025,Sevilla,98,8,3,494,402,70,612,367,390,1,6,1,1551,531,442,54.6,93,4,0,433,469,62,661,283,375,4,3,3,1409,45.4
2024-2025,Valencia,86,1,0,442,446,72,763,302,415,4,9,3,1550,449,540,45.4,86,3,1,474,418,107,691,293,388,6,5,1,1589,54.6
2024-2025,Valladolid,91,5,2,459,486,67,671,311,357,3,7,1,1355,544,524,50.9,86,3,2,505,434,60,743,211,329,6,5,0,1489,49.1
2024-2025,Villarreal,96,4,1,442,463,77,674,281,396,6,8,1,1547,492,399,55.2,99,7,1,496,413,42,782,297,349,7,7,2,1493,44.8
2023-2024,Alavés,84,1,0,481,449,69,830,279,347,7,8,2,1807,574,625,47.9,102,7,3,476,451,60,686,233,340,6,7,3,1752,52.1
2023-2024,Almería,93,6,4,478,493,75,659,313,372,2,9,0,1716,557,587,48.7,72,4,0,509,450,73,828,280,364,6,2,1,1780,51.3
2023-2024,Athletic Club,80,5,3,511,428,78,845,278,362,4,5,4,2010,541,525,50.8,82,3,2,453,487,91,626,370,428,2,5,2,2051,49.2
2023-2024,Atlético Madrid,89,5,3,438,447,123,621,256,399,4,2,0,1896,422,392,51.8,79,2,0,471,411,37,764,298,318,1,6,2,1846,48.2
2023-2024,Barcelona,87,2,1,412,469,99,651,257,363,6,2,0,1789,453,399,53.2,98,8,2,491,401,117,574,318,392,2,7,3,1678,46.8
2023-2024,Betis,87,3,1,429,497,73,636,345,440,1,8,3,1921,479,500,48.9,97,5,3,521,411,106,712,314,464,7,3,2,1864,51.1
2023-2024,Cádiz,107,7,0,576,498,90,791,298,398,2,2,1,1831,632,673,48.4,97,4,2,525,550,65,758,243,370,1,3,1,1871,51.6
2023-2024,Celta Vigo,66,5,2,463,485,63,661,297,382,4,8,3,1908,522,548,48.8,89,4,1,496,445,53,746,335,382,7,5,1,1879,51.2
2023-2024,Getafe,135,10,5,648,437,78,701,307,364,3,7,0,1773,657,692,48.7,105,10,4,464,623,141,640,261,348,6,7,0,1878,51.3
2023-2024,Girona,75,1,0,406,471,95,698,257,340,7,7,0,1808,373,390,48.9,104,5,3,495,383,49,711,301,423,5,8,1,1745,51.1
2023-2024,Granada,98,4,1,514,504,75,664,280,374,5,6,2,1708,484,540,47.3,92,5,1,534,495,108,718,290,344,6,8,3,1884,52.7
2023-2024,Las Palmas,84,5,1,411,499,93,580,281,397,3,9,3,1846,395,489,44.7,97,5,2,525,378,164,694,335,415,8,5,0,1963,55.3
2023-2024,Mallorca,105,4,2,567,412,104,763,365,388,2,5,1,1816,773,686,53.0,53,1,0,434,538,36,656,295,318,3,3,0,1802,47.0
2023-2024,Osasuna,78,5,1,518,392,68,813,263,311,4,2,0,1802,750,655,53.4,92,6,2,420,500,126,694,291,339,1,5,0,1887,46.6
2023-2024,Rayo Vallecano,108,5,3,563,518,96,688,308,372,3,2,2,1908,506,578,46.7,105,7,3,557,535,87,682,285,408,0,6,0,1934,53.3
2023-2024,Real Madrid,69,4,1,368,523,79,618,296,368,3,1,1,1766,329,272,54.7,95,0,0,548,354,38,680,296,389,0,5,2,1609,45.3
2023-2024,Real Sociedad,98,2,0,604,442,92,672,253,405,1,7,1,1816,759,714,51.5,100,6,3,469,570,98,523,278,368,4,4,3,1665,48.5
2023-2024,Sevilla,108,4,0,477,443,77,934,313,463,1,5,2,1901,610,525,53.7,81,3,1,464,445,78,698,236,347,1,2,2,1720,46.3
2023-2024,Valencia,64,5,2,481,475,69,593,324,379,7,6,2,1863,485,628,43.6,102,5,0,495,456,86,734,269,379,5,9,1,1898,56.4
2023-2024,Villarreal,110,8,4,488,462,92,592,304,348,5,6,1,1697,474,357,57.0,91,2,2,486,461,75,886,346,436,3,7,1,1876,43.0
2022-2023,Almería,98,4,2,443,401,83,605,322,322,2,6,1,1890,482,530,47.6,93,5,2,427,427,158,851,249,369,5,3,0,2010,52.4
2022-2023,Athletic Club,81,5,1,512,421,96,918,310,369,3,3,3,2194,532,487,52.2,97,3,1,449,479,77,579,384,416,3,7,1,2087,47.8
2022-2023,Atlético Madrid,92,8,3,440,418,79,625,304,408,0,5,0,1977,445,399,52.7,93,6,2,449,419,57,743,368,317,3,1,2,2011,47.3
2022-2023,Barcelona,84,6,3,433,452,98,744,253,324,0,3,3,1995,467,359,56.5,93,8,2,471,412,120,483,369,385,3,2,1,1831,43.5
2022-2023,Betis,83,15,3,414,535,74,514,364,421,4,3,1,1918,453,502,47.4,99,8,1,568,389,104,756,324,417,2,9,3,1977,52.6
2022-2023,Cádiz,116,7,4,532,482,75,633,270,410,2,10,0,1953,606,651,48.2,100,11,5,508,503,69,852,242,374,6,5,1,1954,51.8
2022-2023,Celta Vigo,85,6,3,469,493,81,705,368,413,2,8,1,2031,458,539,45.9,112,9,3,520,446,64,633,394,356,6,3,2,2018,54.1
2022-2023,Elche,99,12,3,525,394,81,750,323,363,4,10,2,1924,484,465,51.0,83,8,4,417,499,100,753,288,402,7,5,0,1979,49.0
2022-2023,Espanyol,99,10,4,457,493,62,713,338,379,3,6,2,1791,647,596,52.1,111,8,5,515,443,82,730,238,326,4,5,1,1886,47.9
2022-2023,Getafe,126,9,6,600,437,79,649,320,339,3,8,2,1871,714,697,50.6,91,7,4,463,559,95,771,300,290,2,8,0,2137,49.4
2022-2023,Girona,92,3,2,440,507,87,713,266,321,7,8,0,1836,428,435,49.6,91,5,1,537,423,64,753,304,415,6,9,3,1905,50.4
2022-2023,Mallorca,120,5,0,611,457,77,635,318,344,4,7,0,1833,674,629,51.7,94,4,1,482,591,40,822,231,296,4,5,1,1900,48.3
2022-2023,Osasuna,93,7,1,544,410,60,794,315,328,5,4,2,1930,613,628,49.4,81,9,5,430,513,109,696,311,332,4,5,1,1892,50.6
2022-2023,Rayo Vallecano,90,6,2,544,490,98,832,309,393,2,5,4,2085,437,527,45.3,93,7,4,525,514,85,654,345,391,2,8,4,2125,54.7
2022-2023,Real Madrid,72,3,2,367,530,89,574,296,353,8,5,1,1843,339,231,59.5,97,7,1,549,348,56,541,331,407,0,12,2,1730,40.5
2022-2023,Real Sociedad,90,2,0,621,452,91,538,271,395,4,2,2,2018,664,557,54.4,98,10,5,470,591,91,570,325,403,2,4,4,1911,45.6
2022-2023,Sevilla,121,13,4,474,460,106,827,339,367,4,3,3,1973,497,475,51.1,95,8,1,477,452,75,673,271,353,2,5,0,1822,48.9
2022-2023,Valencia,93,8,3,504,510,80,924,288,428,6,5,2,2015,492,561,46.7,127,10,2,527,476,74,594,294,382,3,8,2,1925,53.3
2022-2023,Valladolid,94,6,2,460,516,98,683,345,396,4,10,1,1966,471,617,43.3,66,2,0,555,427,53,734,264,389,5,4,1,1939,56.7
2022-2023,Villarreal,91,4,2,450,482,87,520,262,370,5,4,1,1819,357,375,48.8,105,5,1,501,429,108,708,349,423,3,7,2,1823,51.2
2021-2022,Alavés,93,4,3,529,455,72,758,376,324,6,9,0,1910,869,674,56.3,79,4,1,484,497,89,789,311,273,3,7,2,2061,43.7
2021-2022,Athletic Club,90,4,3,487,483,89,798,339,292,5,3,1,2098,585,572,50.6,105,9,4,513,455,67,754,387,353,2,7,3,2036,49.4
2021-2022,Atlético Madrid,111,7,3,473,503,85,703,365,346,4,8,3,2002,559,539,50.9,102,4,1,520,444,36,601,404,309,3,5,2,1930,49.1
2021-2022,Barcelona,97,5,3,499,489,99,798,325,331,6,3,0,2066,454,410,52.5,93,5,1,511,465,78,500,392,352,2,7,0,1885,47.5
2021-2022,Betis,87,6,1,485,470,71,547,361,392,4,3,2,1908,505,511,49.7,74,3,1,495,455,129,764,375,370,3,6,2,1869,50.3
2021-2022,Cádiz,105,3,3,488,449,69,865,413,380,5,13,0,2077,601,693,46.4,98,6,3,472,462,63,750,323,312,10,6,0,2038,53.6
2021-2022,Celta Vigo,87,3,1,507,463,83,768,376,409,3,8,2,2144,603,696,46.4,103,5,0,488,481,35,609,454,324,6,6,0,2175,53.6
2021-2022,Elche,104,6,1,518,471,74,720,305,325,1,10,0,1982,527,515,50.6,80,2,0,504,495,104,767,359,346,8,1,1,2077,49.4
2021-2022,Espanyol,99,7,3,440,516,70,627,326,338,3,5,2,1736,447,574,43.8,120,7,4,540,418,86,888,287,350,2,5,1,1899,56.2
2021-2022,Getafe,121,8,1,559,481,53,621,401,360,1,4,1,1924,721,717,50.1,110,4,2,510,530,109,752,357,279,3,5,2,2111,49.9
2021-2022,Granada,105,4,1,477,466,62,691,326,343,2,9,2,1867,602,743,44.8,101,9,6,498,453,69,824,307,280,7,5,1,2067,55.2
2021-2022,Levante,109,6,2,550,403,77,624,377,305,6,6,0,2054,441,492,47.3,104,5,3,434,526,78,697,327,384,6,13,0,2051,52.7
2021-2022,Mallorca,114,7,4,554,535,67,597,344,332,6,8,4,2007,651,703,48.1,114,6,4,561,520,57,738,306,351,4,7,3,2011,51.9
2021-2022,Osasuna,84,2,1,498,391,66,864,368,331,3,7,2,2118,808,743,52.1,73,1,0,414,475,82,719,353,326,5,8,0,2104,47.9
2021-2022,Rayo Vallecano,101,3,1,537,511,83,862,365,359,4,9,1,2110,652,655,49.9,110,3,0,540,508,54,659,343,391,6,4,1,2151,50.1
2021-2022,Real Madrid,76,0,0,394,474,106,611,334,345,10,5,0,1941,397,319,55.4,82,3,1,501,370,30,670,342,346,5,12,0,1742,44.6
2021-2022,Real Sociedad,77,4,1,491,465,76,638,348,339,8,6,0,2012,678,597,53.2,95,2,2,493,465,86,662,339,415,5,11,0,1954,46.8
2021-2022,Sevilla,97,4,2,462,462,80,787,270,302,3,4,0,2064,595,561,51.5,98,4,2,497,441,53,647,348,353,1,3,2,1879,48.5
2021-2022,Valencia,134,8,6,641,586,52,765,339,364,8,8,3,2079,564,599,48.5,133,7,4,603,616,97,679,286,335,5,9,3,2076,51.5
2021-2022,Villarreal,81,1,1,472,459,91,574,329,312,3,5,1,1946,491,437,52.9,98,3,2,483,456,123,749,387,380,5,6,1,1929,47.1
2020-2021,Alavés,96,8,5,513,487,73,645,428,292,5,3,0,1737,831,602,58.0,80,3,1,514,477,107,731,342,278,3,8,1,1922,42.0
2020-2021,Athletic Club,82,3,1,483,477,77,811,344,269,5,6,1,1836,656,601,52.2,80,5,4,503,452,83,753,484,303,5,5,3,1861,47.8
2020-2021,Atlético Madrid,100,0,0,489,443,96,597,386,367,6,4,3,1951,530,482,52.4,59,3,0,486,455,30,708,454,315,3,7,2,1939,47.6
2020-2021,Barcelona,72,2,2,357,523,90,494,361,293,6,5,2,1937,395,317,55.5,76,6,2,546,333,48,514,517,320,5,8,5,1846,44.5
2020-2021,Betis,93,8,4,521,483,65,586,452,314,9,10,3,1938,613,628,49.4,83,2,0,507,492,125,654,364,336,6,11,0,1936,50.6
2020-2021,Cádiz,81,3,2,436,483,56,731,437,317,3,10,1,1809,687,753,47.7,87,4,4,509,399,101,805,302,300,5,4,3,1929,52.3
2020-2021,Celta Vigo,109,5,3,631,492,65,521,405,368,7,8,1,1988,609,669,47.7,102,6,4,529,607,51,741,489,288,6,7,0,1988,52.3
2020-2021,Eibar,71,3,2,494,387,67,1052,434,309,4,5,0,2179,908,917,49.8,66,2,1,417,461,128,545,406,319,5,9,0,1962,50.2
2020-2021,Elche,99,3,2,527,456,51,672,386,335,1,10,1,1811,488,539,47.5,79,2,1,496,506,64,693,406,347,6,3,1,1977,52.5
2020-2021,Getafe,120,7,2,631,520,74,815,393,352,3,8,3,1943,840,946,47.0,106,6,5,549,589,87,566,390,313,6,5,1,1948,53.0
2020-2021,Granada,97,6,1,533,469,82,613,392,279,4,12,1,1800,675,851,44.2,104,6,3,493,501,53,764,359,313,10,5,0,1862,55.8
2020-2021,Huesca,69,2,1,528,518,101,824,437,322,2,5,2,1876,580,598,49.2,64,2,1,554,496,74,691,323,309,3,4,2,1870,50.8
2020-2021,Levante,68,1,0,509,397,69,697,432,283,5,4,2,2023,455,522,46.6,87,7,2,430,483,99,683,433,334,2,6,1,1964,53.4
2020-2021,Osasuna,80,5,3,535,407,67,700,392,281,3,8,2,2071,996,806,55.3,65,0,0,439,507,96,800,338,309,6,6,1,2115,44.7
2020-2021,Real Madrid,59,2,1,407,474,86,771,398,318,2,8,1,1901,444,381,53.8,87,3,1,493,384,39,637,380,295,4,3,3,1748,46.2
2020-2021,Real Sociedad,81,1,0,566,459,86,712,315,322,8,5,1,1941,663,669,49.8,91,6,2,495,532,89,533,379,311,4,12,1,1875,50.2
2020-2021,Sevilla,79,2,2,491,488,69,731,362,297,4,6,2,1944,615,534,53.5,109,1,0,510,458,34,680,407,306,4,7,1,1769,46.5
2020-2021,Valencia,82,5,3,459,525,90,613,392,277,6,8,2,1832,602,575,51.1,99,5,2,560,433,73,858,391,295,4,10,2,1941,48.9
2020-2021,Valladolid,93,4,0,510,510,75,744,431,321,8,7,0,1922,628,818,43.4,96,2,0,543,474,70,775,368,314,4,8,0,1948,56.6
2020-2021,Villarreal,67,5,1,449,465,88,579,371,313,7,9,2,1878,489,496,49.6,78,4,2,496,424,76,777,416,324,7,13,3,1917,50.4
2019-2020,Alavés,111,7,3,621,432,61,562,392,346,5,15,0,1766,905,712,56.0,87,3,2,472,573,92,695,329,347,7,6,0,1939,44.0
2019-2020,Athletic Club,90,2,0,522,436,84,754,373,324,4,7,2,1911,912,683,57.2,89,0,0,475,491,71,737,327,313,6,10,1,1861,42.8
2019-2020,Atlético Madrid,93,3,2,513,479,116,574,412,406,6,4,3,1950,827,723,53.4,113,4,1,506,474,34,728,384,355,3,8,1,1869,46.6
2019-2020,Barcelona,92,6,3,416,529,83,417,342,323,3,7,0,1874,455,364,55.6,89,4,2,563,387,68,560,525,361,4,6,2,1824,44.4
2019-2020,Betis,108,9,3,473,577,84,624,302,299,6,11,1,1709,579,558,50.9,111,5,3,610,430,125,708,364,374,8,8,0,1723,49.1
2019-2020,Celta Vigo,104,6,3,473,527,70,636,396,357,6,5,0,1905,650,659,49.7,119,5,2,571,444,66,783,384,348,3,9,0,1982,50.3
2019-2020,Eibar,92,3,2,538,411,73,870,430,338,5,6,1,2039,974,1091,47.2,70,2,2,451,475,121,630,342,331,4,10,1,1931,52.8
2019-2020,Espanyol,107,9,6,581,469,65,710,360,364,1,7,2,1927,755,814,48.1,75,6,3,510,539,71,646,367,305,3,4,2,1924,51.9
2019-2020,Getafe,135,5,2,706,495,106,833,367,341,4,6,2,1947,914,1024,47.2,122,11,4,537,656,143,505,384,292,6,7,1,1948,52.8
2019-2020,Granada,109,1,1,590,497,70,670,383,349,3,5,0,1764,748,849,46.8,116,7,3,544,562,75,724,333,302,5,5,2,1837,53.2
2019-2020,Leganés,127,4,2,591,500,75,771,418,357,4,7,1,1821,778,865,47.4,105,5,2,541,550,68,636,332,339,6,5,0,1846,52.6
2019-2020,Levante,79,5,4,468,460,81,697,331,288,5,7,2,1913,504,555,47.6,96,1,1,495,440,86,854,321,349,5,5,2,1969,52.4
2019-2020,Mallorca,93,5,4,509,526,58,682,376,338,8,16,1,1867,634,729,46.5,118,4,4,565,465,54,737,383,393,12,10,1,1962,53.5
2019-2020,Osasuna,110,6,3,551,410,80,755,417,361,2,5,0,2056,874,869,50.1,83,4,2,453,515,120,666,406,316,3,8,0,2071,49.9
2019-2020,Real Madrid,82,4,3,487,474,84,776,381,355,11,2,0,2047,521,411,55.9,87,1,0,509,456,64,621,374,352,2,11,1,1851,44.1
2019-2020,Real Sociedad,79,2,2,501,489,78,719,320,321,2,9,1,1892,815,710,53.4,101,7,5,528,458,95,590,409,359,5,5,2,1880,46.6
2019-2020,Sevilla,97,1,1,522,480,92,880,346,344,4,4,1,2069,746,695,51.8,100,5,2,516,486,66,606,430,380,2,7,1,1883,48.2
2019-2020,Valencia,80,8,3,416,543,100,677,360,311,6,9,1,1778,553,601,47.9,90,4,3,568,386,57,826,372,288,5,8,1,1914,52.1
2019-2020,Valladolid,84,0,0,484,530,81,645,390,327,6,8,0,1964,618,764,44.7,95,4,2,575,450,46,781,300,331,5,6,1,1958,55.3
2019-2020,Villarreal,78,1,0,483,422,71,619,339,323,10,9,2,1894,536,622,46.3,84,5,4,456,449,90,838,369,337,7,11,1,1921,53.7
2018-2019,Alavés,101,1,0,551,499,58,729,390,389,2,6,2,1972,864,890,49.3,93,2,0,525,528,91,800,364,330,3,3,0,2010,50.7
2018-2019,Athletic Club,120,4,2,580,492,74,728,453,384,6,5,0,2036,923,723,56.1,106,2,2,522,554,79,654,355,402,4,7,2,1965,43.9
2018-2019,Atlético Madrid,103,5,3,476,453,80,590,463,487,2,5,2,2080,675,586,53.5,95,3,2,477,448,21,692,436,383,3,4,2,2037,46.5
2018-2019,Barcelona,77,2,1,410,550,102,394,391,346,8,2,1,2017,449,365,55.2,102,5,3,572,379,68,578,545,435,1,9,2,1963,44.8
2018-2019,Betis,89,1,0,435,548,79,590,361,378,5,5,0,1804,463,467,49.8,123,7,4,585,418,101,594,424,392,4,7,1,1852,50.2
2018-2019,Celta Vigo,84,6,5,458,484,90,659,382,377,3,7,1,1904,663,611,52.0,89,2,1,515,436,78,745,361,379,7,7,1,1905,48.0
2018-2019,Eibar,82,2,1,521,390,92,1057,368,424,5,4,1,2272,996,1018,49.5,76,2,1,428,482,162,518,474,393,3,8,0,2105,50.5
2018-2019,Espanyol,92,2,2,531,510,84,544,408,394,3,8,2,1935,591,582,50.4,111,6,5,540,504,78,822,420,382,6,4,5,1978,49.6
2018-2019,Getafe,111,7,4,642,501,102,638,453,358,4,7,2,2029,836,948,46.9,109,5,3,529,588,117,594,342,389,4,6,1,2076,53.1
2018-2019,Girona,83,4,2,537,527,60,743,432,367,3,8,2,1974,749,756,49.8,116,7,3,551,509,74,747,407,366,7,6,0,2036,50.2
2018-2019,Huesca,114,3,1,579,442,94,771,440,452,5,9,3,2029,740,762,49.3,86,4,3,466,553,109,692,374,399,8,7,0,2043,50.7
2018-2019,Leganés,106,4,2,542,398,75,744,432,382,3,4,1,1942,914,721,55.9,90,3,1,428,515,58,737,351,342,3,5,1,1896,44.1
2018-2019,Levante,112,7,5,501,487,85,674,422,372,6,9,2,1969,469,571,45.1,92,7,3,511,474,72,747,397,480,7,7,3,2046,54.9
2018-2019,Rayo Vallecano,106,8,5,567,455,71,783,433,422,5,11,1,1996,535,587,47.7,73,3,1,481,536,140,722,371,491,9,5,1,2047,52.3
2018-2019,Real Madrid,83,6,4,446,545,112,762,373,395,8,8,0,1957,479,434,52.5,93,3,3,568,417,91,533,449,397,5,9,2,1929,47.5
2018-2019,Real Sociedad,82,4,2,492,544,92,627,425,344,7,3,2,2021,699,651,51.8,107,3,2,570,463,73,743,390,478,3,10,1,2060,48.2
2018-2019,Sevilla,118,6,4,536,462,111,812,365,408,5,7,0,2050,651,724,47.3,99,3,2,494,513,93,662,444,396,4,6,2,1912,52.7
2018-2019,Valencia,90,3,2,463,514,75,715,418,384,6,8,2,2016,596,621,49.0,113,4,4,540,432,70,781,448,377,4,7,1,2026,51.0
2018-2019,Valladolid,92,0,0,521,521,96,804,387,441,6,9,1,1967,595,854,41.1,106,5,5,561,490,65,801,395,347,6,7,1,2050,58.9
2018-2019,Villarreal,118,3,3,518,412,95,618,390,413,3,5,3,1914,613,629,49.4,84,2,0,443,495,87,820,439,359,4,6,2,1948,50.6
2017-2018,Alavés,109,4,4,603,522,108,558,498,464,3,10,2,1975,608,602,50.2,84,4,2,545,566,59,805,422,462,7,3,0,2052,49.8
2017-2018,Athletic Club,93,0,0,528,487,104,816,465,486,7,6,3,2174,715,609,54.0,106,8,6,513,509,96,644,422,449,6,8,2,2135,46.0
2017-2018,Atlético Madrid,96,5,3,538,481,107,524,513,614,4,4,1,2214,554,539,50.7,98,0,0,507,517,24,694,488,494,4,5,1,2187,49.3
2017-2018,Barcelona,67,2,0,383,520,134,409,424,413,4,2,0,2095,343,286,54.5,99,4,1,547,369,99,534,618,517,1,5,3,2055,45.5
2017-2018,Betis,91,3,1,465,486,62,534,427,424,1,4,4,1953,447,453,49.7,96,4,2,516,448,131,754,448,405,3,3,4,2061,50.3
2017-2018,Celta Vigo,85,1,0,430,540,92,583,497,420,2,5,1,2148,545,524,51.0,97,1,0,572,399,73,669,495,426,4,3,2,2086,49.0
2017-2018,Eibar,86,3,2,492,435,84,1055,554,436,3,4,3,2287,752,718,51.2,78,6,4,470,456,156,473,510,435,3,3,1,2066,48.8
2017-2018,Espanyol,88,1,1,521,530,76,720,515,500,3,6,2,2009,597,633,48.5,113,3,2,555,495,80,715,433,443,4,3,3,2100,51.5
2017-2018,Getafe,134,5,4,673,495,108,585,487,491,11,4,0,2022,541,730,42.6,107,3,1,517,645,109,694,515,480,4,12,1,2160,57.4
2017-2018,Girona,102,0,0,615,497,80,828,490,403,6,5,3,1981,643,597,51.9,112,3,1,520,589,129,614,396,439,5,8,0,1948,48.1
2017-2018,La Coruña,100,2,1,507,436,94,747,484,500,5,5,3,2074,558,584,48.9,75,2,2,461,494,83,756,491,431,5,5,0,2085,51.1
2017-2018,Las Palmas,89,3,1,484,665,81,581,508,433,5,5,1,1998,474,540,46.7,103,7,5,694,460,114,666,506,514,5,8,0,2163,53.3
2017-2018,Leganés,105,5,3,592,503,97,690,583,483,2,7,0,2140,653,627,51.0,82,4,4,526,568,90,638,432,474,5,3,2,2229,49.0
2017-2018,Levante,111,6,3,554,446,70,726,477,414,5,6,3,1967,468,559,45.6,93,6,4,466,527,113,741,454,522,6,5,1,2030,54.4
2017-2018,Málaga,101,8,5,613,442,89,742,497,509,3,7,0,2086,602,739,44.9,76,0,0,472,583,137,695,452,509,7,6,1,2107,55.1
2017-2018,Real Madrid,67,4,2,436,517,115,904,424,470,9,4,2,2087,406,369,52.4,97,3,1,531,421,76,531,486,418,3,10,3,1891,47.6
2017-2018,Real Sociedad,64,5,4,419,538,91,782,446,374,5,8,1,2038,498,467,51.6,94,1,1,556,391,89,596,489,510,5,5,2,1910,48.4
2017-2018,Sevilla,99,3,2,562,493,137,657,409,535,3,8,1,2129,582,504,53.6,80,3,3,527,537,74,684,467,471,6,5,1,2076,46.4
2017-2018,Valencia,107,5,4,518,548,83,605,459,492,7,5,0,2023,534,460,53.7,97,5,3,561,494,82,787,542,488,3,8,2,2033,46.3
2017-2018,Villarreal,117,6,4,598,458,111,517,427,466,5,8,0,2021,553,533,50.9,83,4,2,475,571,109,873,518,440,7,5,1,2047,49.1
2024-2025-femenino,Athletic Club,42,1,0,293,314,51,515,249,318,4,1,3,1245,233,244,48.8,47,1,0,323,281,46,522,301,432,1,4,2,1343,51.3
2024-2025-femenino,Atlético Madrid,50,1,0,336,271,65,541,287,329,2,1,1,1379,243,189,56.3,55,2,1,279,326,51,455,330,416,1,2,3,1300,43.8
2024-2025-femenino,Barcelona,20,0,0,203,193,72,878,217,330,5,0,0,1570,225,131,63.2,27,2,1,199,190,60,113,375,359,0,7,1,924,36.6
2024-2025-femenino,Dep La Coruña,45,1,0,277,286,36,297,300,365,2,1,1,1220,197,250,44.1,61,2,1,302,260,75,760,282,368,1,2,1,1422,56.6
2024-2025-femenino,Eibar,43,1,0,271,274,53,365,322,363,2,2,0,1128,347,348,49.9,41,2,1,291,255,94,597,205,337,1,4,0,1388,49.9
2024-2025-femenino,Espanyol,66,4,3,348,270,60,431,376,428,1,7,2,1227,237,268,46.9,63,3,0,289,325,55,481,218,370,5,2,1,1281,53.4
2024-2025-femenino,Granada,50,1,0,304,270,77,678,313,387,3,3,2,1383,297,244,54.9,39,0,0,289,292,46,422,271,341,2,5,1,1339,45.3
2024-2025-femenino,Levante,49,4,3,294,294,55,443,310,432,2,4,0,1343,205,245,45.6,45,2,1,310,284,41,533,345,392,3,2,0,1336,54.3
2024-2025-femenino,Levante Planas,60,1,1,330,296,61,368,284,350,5,2,1,1402,160,231,40.9,57,1,0,313,313,98,441,339,471,1,6,0,1352,59.2
2024-2025-femenino,Madrid CFF,39,0,0,266,280,64,442,315,388,0,4,1,1317,227,183,55.4,46,1,1,295,251,43,469,341,300,1,1,1,1386,44.7
2024-2025-femenino,Real Betis,71,3,1,297,334,52,353,267,418,2,6,3,1374,178,272,39.6,61,1,0,358,285,117,608,337,440,4,2,1,1578,60.4
2024-2025-femenino,Real Madrid,38,0,0,257,260,78,634,311,336,5,5,3,1437,205,188,52.2,47,2,0,275,247,62,348,297,369,5,8,4,1237,47.8
2024-2025-femenino,Real Sociedad,44,3,1,291,303,95,486,236,393,1,6,2,1397,202,196,50.8,50,2,1,314,280,44,409,359,418,6,2,2,1266,49.9
2024-2025-femenino,Sevilla,60,4,1,302,288,55,381,365,408,1,3,0,1283,202,258,43.9,40,1,0,296,290,77,537,292,379,2,1,1,1432,56.3
2024-2025-femenino,UDG Tenerife,43,2,0,365,306,96,479,332,370,4,4,0,1265,313,262,54.4,46,2,1,319,339,31,514,244,375,3,4,1,1264,45.8
2024-2025-femenino,Valencia,62,1,1,336,304,57,498,347,477,3,7,1,1232,286,239,54.5,57,3,3,318,325,87,580,295,325,6,4,1,1354,45.4
